dataset,model,combo,level,n_seeds,f1_mean,f1_std,acc_mean,acc_std,fit_time_mean,rel_f1,drop_abs,drop_rel
breast_cancer,decision_tree,clean,0,10,0.9272203099947799,0.022677534646356984,0.9315789473684211,0.021539740501460077,0.00716180801391598,1.0,0.0,0.0
breast_cancer,decision_tree,gaussian,0,10,0.9272203099947799,0.022677534646356984,0.9315789473684211,0.021539740501460077,0.00716180801391598,1.0,0.0,0.0
breast_cancer,decision_tree,gaussian,1,10,0.9279089379303656,0.011440816486021603,0.932748538011696,0.010406509017574396,0.00354175567626952,1.000742679952286,-0.0006886279355856617,-0.0007426799522861385
breast_cancer,decision_tree,gaussian,2,10,0.9307894282170805,0.02174432694259026,0.935672514619883,0.02044461692339474,0.00952513217926022,1.003849266656293,-0.00356911822230066,-0.0038492666562931024
breast_cancer,decision_tree,gaussian,3,10,0.9007956469553771,0.030948941403722178,0.9105263157894736,0.026160105511689378,0.00875713825225826,0.9715012033768419,0.02642466303940283,0.028498796623158087
breast_cancer,decision_tree,gaussian,4,10,0.8708226155756776,0.056905415543654816,0.8883040935672515,0.04380113055221989,0.01084511280059811,0.9391755186861472,0.05639769441910225,0.060824481313852756
breast_cancer,decision_tree,gaussian,5,10,0.7777907162884861,0.08641833343720216,0.8163742690058479,0.060472850735255324,0.009491825103759729,0.838841328112048,0.14942959370629383,0.16115867188795197
breast_cancer,decision_tree,gaussian+missing,0,10,0.9272203099947799,0.022677534646356984,0.9315789473684211,0.021539740501460077,0.00716180801391598,1.0,0.0,0.0
breast_cancer,decision_tree,gaussian+missing,1,10,0.9195864983070088,0.018605457857507623,0.9245614035087719,0.017961246783297365,0.00860443115234371,0.9917669925847352,0.007633811687771108,0.008233007415264755
breast_cancer,decision_tree,gaussian+missing,2,10,0.9241136805690658,0.01783367956693583,0.9298245614035088,0.016074485869854386,0.007529711723327601,0.9966495239672527,0.003106629425714047,0.0033504760327473164
breast_cancer,decision_tree,gaussian+missing,3,10,0.9117384516805777,0.015911711380019032,0.9198830409356725,0.013235278905861963,0.013585305213928159,0.9833029344295862,0.015481858314202235,0.016697065570413783
breast_cancer,decision_tree,gaussian+missing,4,10,0.8568888971578834,0.03285961880650008,0.8736842105263157,0.026756116860465487,0.011629867553710909,0.9241481101322161,0.07033141283689648,0.07585188986778389
breast_cancer,decision_tree,gaussian+missing,5,10,0.7835620351093695,0.08862156297550489,0.8134502923976609,0.07602089264648099,0.01069140434265132,0.8450656512407292,0.1436582748854104,0.15493434875927078
breast_cancer,decision_tree,gaussian+outliers,0,10,0.9272203099947799,0.022677534646356984,0.9315789473684211,0.021539740501460077,0.00716180801391598,1.0,0.0,0.0
breast_cancer,decision_tree,gaussian+outliers,1,10,0.9326715346969708,0.01119275226598886,0.9374269005847953,0.010333222830954019,0.007042598724365209,1.0058791040742212,-0.005451224702190949,-0.005879104074221194
breast_cancer,decision_tree,gaussian+outliers,2,10,0.935041453319268,0.017203358927852554,0.9397660818713449,0.01584832485316014,0.0090607643127441,1.0084350431501357,-0.007821143324488133,-0.008435043150135662
breast_cancer,decision_tree,gaussian+outliers,3,10,0.9059327080460863,0.03519322786030103,0.9157894736842105,0.029070334319387492,0.0032780885696410897,0.9770414844031906,0.021287601948693613,0.022958515596809413
breast_cancer,decision_tree,gaussian+outliers,4,10,0.8788811334220981,0.047896678824417734,0.8935672514619883,0.037879010686911886,0.00566701889038084,0.9478665684394316,0.04833917657268183,0.05213343156056836
breast_cancer,decision_tree,gaussian+outliers,5,10,0.8391979024971656,0.06150910621211099,0.8614035087719298,0.04359242832589312,0.00505261421203611,0.9050685079384102,0.08802240749761425,0.09493149206158977
breast_cancer,decision_tree,gaussian+outliers+missing,0,10,0.9272203099947799,0.022677534646356984,0.9315789473684211,0.021539740501460077,0.00716180801391598,1.0,0.0,0.0
breast_cancer,decision_tree,gaussian+outliers+missing,1,10,0.9280377231144772,0.020524513418445495,0.9321637426900585,0.019532124834113627,0.00668735504150388,1.000881573786603,-0.0008174131196972967,-0.0008815737866029904
breast_cancer,decision_tree,gaussian+outliers+missing,2,10,0.9378904537228815,0.011439872496977194,0.9426900584795321,0.010240877611355758,0.005898618698120089,1.011507668256492,-0.0106701437281016,-0.011507668256492
breast_cancer,decision_tree,gaussian+outliers+missing,3,10,0.8941584175888551,0.03534435076760668,0.9046783625730994,0.029825198428646404,0.008045506477355921,0.9643430023592656,0.03306189240592483,0.03565699764073434
breast_cancer,decision_tree,gaussian+outliers+missing,4,10,0.8592668387378453,0.040823294299460106,0.8730994152046783,0.0333156593934536,0.00881373882293698,0.9267127019065003,0.06795347125693463,0.0732872980934997
breast_cancer,decision_tree,gaussian+outliers+missing,5,10,0.804921228084881,0.08602441586445628,0.8257309941520468,0.06796385123438671,0.00724754333496091,0.8681013772114338,0.12229908190989891,0.13189862278856623
breast_cancer,decision_tree,label,0,10,0.9272203099947799,0.022677534646356984,0.9315789473684211,0.021539740501460077,0.00716180801391598,1.0,0.0,0.0
breast_cancer,decision_tree,label,1,10,0.8726639786268103,0.026782014495629922,0.8801169590643274,0.0254533428015606,0.013601112365722609,0.941161414628335,0.05455633136796956,0.05883858537166502
breast_cancer,decision_tree,label,2,10,0.8293177285790779,0.01843548551326714,0.8374269005847953,0.01803513997071403,0.01270155906677243,0.8944128160692973,0.09790258141570196,0.10558718393070265
breast_cancer,decision_tree,label,3,10,0.7233372357543673,0.021616159460507753,0.7345029239766082,0.020666445661908117,0.01090199947357174,0.7801136665766516,0.20388307424041263,0.2198863334233484
breast_cancer,decision_tree,label,4,10,0.6536495857924336,0.0358074682107977,0.6625730994152047,0.035523608300555405,0.014998745918273878,0.7049560700370266,0.2735707242023463,0.29504392996297335
breast_cancer,decision_tree,label,5,10,0.5648446535077793,0.04654589295301544,0.5736842105263158,0.047624828452763654,0.01422204971313471,0.6091806309882916,0.36237565648700054,0.3908193690117084
breast_cancer,decision_tree,label+gaussian,0,10,0.9272203099947799,0.022677534646356984,0.9315789473684211,0.021539740501460077,0.00716180801391598,1.0,0.0,0.0
breast_cancer,decision_tree,label+gaussian,1,10,0.8893894370326061,0.027182050513519813,0.8959064327485379,0.02684119216851227,0.01061866283416743,0.9591996933691123,0.0378308729621738,0.04080030663088774
breast_cancer,decision_tree,label+gaussian,2,10,0.8913258019116501,0.020123544155298136,0.8988304093567251,0.019888773396779264,0.01196465492248531,0.9612880480548017,0.03589450808312977,0.03871195194519828
breast_cancer,decision_tree,label+gaussian,3,10,0.8410225286667863,0.050207865035558054,0.8532163742690058,0.04833757750236319,0.01342120170593258,0.9070363532821246,0.0861977813279936,0.09296364671787537
breast_cancer,decision_tree,label+gaussian,4,10,0.7071624756506711,0.09455348511315495,0.7362573099415204,0.0958719569090173,0.00960941314697261,0.7626693117352578,0.22005783434410875,0.2373306882647422
breast_cancer,decision_tree,label+gaussian,5,10,0.6690078012659646,0.1536827630786369,0.6877192982456141,0.15836812054362548,0.010134863853454551,0.7215197877511236,0.2582125087288153,0.2784802122488764
breast_cancer,decision_tree,label+gaussian+missing,0,10,0.9272203099947799,0.022677534646356984,0.9315789473684211,0.021539740501460077,0.00716180801391598,1.0,0.0,0.0
breast_cancer,decision_tree,label+gaussian+missing,1,10,0.8939634449030939,0.01661360397660447,0.9005847953216375,0.015099350277611775,0.0082330226898193,0.9641327258115461,0.033256865091686016,0.035867274188453924
breast_cancer,decision_tree,label+gaussian+missing,2,10,0.8859264407364706,0.031461493542511786,0.8947368421052632,0.029304671302871153,0.006554484367370569,0.9554648783970859,0.041293869258309246,0.04453512160291412
breast_cancer,decision_tree,label+gaussian+missing,3,10,0.8016945589086371,0.028038229081194105,0.8192982456140351,0.028039023216154885,0.012630796432495078,0.8646214392274804,0.12552575108614283,0.13537856077251967
breast_cancer,decision_tree,label+gaussian+missing,4,10,0.7301176924681293,0.10428682336929225,0.7461988304093568,0.10399934408714952,0.01122944355010983,0.7874263371908233,0.1971026175266506,0.21257366280917667
breast_cancer,decision_tree,label+gaussian+missing,5,10,0.6343152030473627,0.08336534947872873,0.656140350877193,0.08176917415781482,0.00976302623748776,0.6841040863858275,0.2929051069474172,0.3158959136141725
breast_cancer,decision_tree,label+gaussian+outliers,0,10,0.9272203099947799,0.022677534646356984,0.9315789473684211,0.021539740501460077,0.00716180801391598,1.0,0.0,0.0
breast_cancer,decision_tree,label+gaussian+outliers,1,10,0.9041950869081692,0.02679115803326509,0.9099415204678362,0.02632661678929302,0.0116298675537109,0.975167473319539,0.023025223086610702,0.02483252668046101
breast_cancer,decision_tree,label+gaussian+outliers,2,10,0.8989005524181802,0.03151376904003892,0.9070175438596492,0.029102993957054367,0.00937380790710445,0.9694573584386228,0.028319757576599658,0.030542641561377246
breast_cancer,decision_tree,label+gaussian+outliers,3,10,0.8441102708593637,0.04019218910803947,0.8596491228070174,0.03409913388798419,0.00983676910400387,0.9103664595786475,0.08311003913541615,0.08963354042135255
breast_cancer,decision_tree,label+gaussian+outliers,4,10,0.7004426878694111,0.10151412999492518,0.7263157894736842,0.10321448751835034,0.00921583175659175,0.7554220720999463,0.22677762212536878,0.24457792790005378
breast_cancer,decision_tree,label+gaussian+outliers,5,10,0.569641937142298,0.1748428253071506,0.6052631578947368,0.1775966468939904,0.01009469032287594,0.6143544646315017,0.35757837285248184,0.38564553536849827
breast_cancer,decision_tree,label+gaussian+outliers+missing,0,10,0.9272203099947799,0.022677534646356984,0.9315789473684211,0.021539740501460077,0.00716180801391598,1.0,0.0,0.0
breast_cancer,decision_tree,label+gaussian+outliers+missing,1,10,0.8936753972407153,0.031549715034367716,0.8994152046783626,0.029920598603274656,0.00891451835632321,0.9638220686146819,0.03354491275406457,0.03617793138531815
breast_cancer,decision_tree,label+gaussian+outliers+missing,2,10,0.8859238963106412,0.0373158584764243,0.8935672514619883,0.03613343192431503,0.008077931404113729,0.955462134253324,0.04129641368413872,0.044537865746675905
breast_cancer,decision_tree,label+gaussian+outliers+missing,3,10,0.834662062040563,0.05238054232876122,0.8479532163742689,0.04588149043251391,0.0075294494628906,0.9001766387594142,0.09255824795421685,0.09982336124058579
breast_cancer,decision_tree,label+gaussian+outliers+missing,4,10,0.7311638897492626,0.08607578433616571,0.7538011695906432,0.08578991439454185,0.01131393909454342,0.7885546529425989,0.19605642024551728,0.21144534705740112
breast_cancer,decision_tree,label+gaussian+outliers+missing,5,10,0.676291172190837,0.1320516546402198,0.6941520467836257,0.1316345272837707,0.00913004875183102,0.7293748474886669,0.2509291378039429,0.2706251525113331
breast_cancer,decision_tree,label+missing,0,10,0.9272203099947799,0.022677534646356984,0.9315789473684211,0.021539740501460077,0.00716180801391598,1.0,0.0,0.0
breast_cancer,decision_tree,label+missing,1,10,0.8609068228624741,0.03670717709348127,0.868421052631579,0.03522282845924494,0.0034716844558715597,0.9284814122194119,0.06631348713230578,0.0715185877805881
breast_cancer,decision_tree,label+missing,2,10,0.8277483844428307,0.0425419466538131,0.8333333333333333,0.04334767243262588,0.01065349578857418,0.8927202904426143,0.09947192555194917,0.10727970955738575
breast_cancer,decision_tree,label+missing,3,10,0.6849324598745741,0.059326643080768716,0.6970760233918128,0.05553332204466092,0.00817043781280514,0.7386944100463353,0.24228785012020582,0.2613055899536647
breast_cancer,decision_tree,label+missing,4,10,0.6016476241730407,0.0926715144093081,0.6128654970760234,0.09212666191184049,0.012557816505432102,0.6488723528677105,0.32557268582173915,0.3511276471322895
breast_cancer,decision_tree,label+missing,5,10,0.5371871712702493,0.06151756448904111,0.5479532163742691,0.05723496972548995,0.007715964317321749,0.5793522483057706,0.3900331387245306,0.4206477516942294
breast_cancer,decision_tree,label+outliers,0,10,0.9272203099947799,0.022677534646356984,0.9315789473684211,0.021539740501460077,0.00716180801391598,1.0,0.0,0.0
breast_cancer,decision_tree,label+outliers,1,10,0.9012229820645308,0.0168208998667344,0.9070175438596492,0.015703808234793625,0.012564516067504842,0.9719620810178377,0.025997327930249114,0.028037918982162367
breast_cancer,decision_tree,label+outliers,2,10,0.8660505520732789,0.030386144536112502,0.8748538011695907,0.02786910877296145,0.013269567489623971,0.9340288847621927,0.06116975792150103,0.0659711152378073
breast_cancer,decision_tree,label+outliers,3,10,0.7999641033196894,0.03514737792127247,0.8122807017543859,0.030129415719734997,0.00801770687103269,0.8627551561334901,0.12725620667509052,0.13724484386650995
breast_cancer,decision_tree,label+outliers,4,10,0.7468643021672651,0.05128320276155895,0.7578947368421053,0.05268209257421869,0.00990951061248775,0.8054874274394074,0.18035600782751482,0.19451257256059262
breast_cancer,decision_tree,label+outliers,5,10,0.6098822869296965,0.04916420962666728,0.6251461988304093,0.04345273662818575,0.00870494842529293,0.6577533735570676,0.3173380230650834,0.3422466264429324
breast_cancer,decision_tree,label+outliers+missing,0,10,0.9272203099947799,0.022677534646356984,0.9315789473684211,0.021539740501460077,0.00716180801391598,1.0,0.0,0.0
breast_cancer,decision_tree,label+outliers+missing,1,10,0.8944955944655242,0.029560305234946984,0.9011695906432748,0.028575960877811404,0.00977182388305661,0.964706645037316,0.03272471552925571,0.03529335496268405
breast_cancer,decision_tree,label+outliers+missing,2,10,0.8599039349316955,0.03580594490697102,0.867251461988304,0.033768800363571515,0.01471276283264156,0.9273998052701592,0.06731637506308441,0.07260019472984085
breast_cancer,decision_tree,label+outliers+missing,3,10,0.7795494433745566,0.07138747075266327,0.791812865497076,0.06347716094337888,0.013380980491638139,0.84073810179907,0.14767086662022333,0.15926189820092992
breast_cancer,decision_tree,label+outliers+missing,4,10,0.6746649867243868,0.08435057434315796,0.6883040935672515,0.08402667461977527,0.009340953826904261,0.7276210189228761,0.2525553232703931,0.2723789810771239
breast_cancer,decision_tree,label+outliers+missing,5,10,0.5543478200134909,0.09194204113605049,0.5695906432748539,0.08385238984297042,0.00571076869964596,0.5978598764910702,0.37287248998128897,0.4021401235089298
breast_cancer,decision_tree,missing,0,10,0.9272203099947799,0.022677534646356984,0.9315789473684211,0.021539740501460077,0.00716180801391598,1.0,0.0,0.0
breast_cancer,decision_tree,missing,1,10,0.924656983528776,0.02100370594656805,0.9292397660818713,0.01958070020093207,0.00744807720184322,0.997235472046532,0.002563326466003879,0.0027645279534680494
breast_cancer,decision_tree,missing,2,10,0.9205914375068419,0.02185730489134619,0.9251461988304094,0.020776471882221023,0.006242942810058569,0.9928508118119466,0.006628872487937976,0.00714918818805349
breast_cancer,decision_tree,missing,3,10,0.9098950856908159,0.022012714806878105,0.9146198830409358,0.021741666266820572,0.00676403045654293,0.9813148783334334,0.017325224303963993,0.018685121666566527
breast_cancer,decision_tree,missing,4,10,0.9044491025210526,0.014598669278133943,0.9093567251461987,0.013852505266619807,0.00983228683471677,0.9754414272117751,0.022771207473727295,0.02455857278822494
breast_cancer,decision_tree,missing,5,10,0.8905398571223534,0.02375462828561091,0.8959064327485379,0.023031665477960133,0.00796813964843748,0.9604404126214265,0.036680452872426494,0.03955958737857349
breast_cancer,decision_tree,outliers,0,10,0.9272203099947799,0.022677534646356984,0.9315789473684211,0.021539740501460077,0.00716180801391598,1.0,0.0,0.0
breast_cancer,decision_tree,outliers,1,10,0.9321439373114979,0.01655682251981653,0.9362573099415205,0.015212173890936946,0.00746815204620359,1.0053100943364213,-0.004923627316718027,-0.005310094336421239
breast_cancer,decision_tree,outliers,2,10,0.9351109337687664,0.019927879580069786,0.9397660818713451,0.018503122768162593,0.007316184043884249,1.008509977282563,-0.007890623773986527,-0.008509977282562921
breast_cancer,decision_tree,outliers,3,10,0.9312941778536272,0.02684165435417027,0.935672514619883,0.02541599378246648,0.00861024856567381,1.0043936352719347,-0.004073867858847335,-0.004393635271934747
breast_cancer,decision_tree,outliers,4,10,0.9404797881269765,0.014336998581048666,0.9444444444444444,0.013003571212598769,0.004027748107910139,1.0143002455719194,-0.013259478132196634,-0.014300245571919452
breast_cancer,decision_tree,outliers,5,10,0.9240957309927792,0.020388173569711694,0.9292397660818713,0.018788430035121234,0.00201802253723143,0.9966301654867565,0.0031245790020006936,0.0033698345132434433
breast_cancer,decision_tree,outliers+missing,0,10,0.9272203099947799,0.022677534646356984,0.9315789473684211,0.021539740501460077,0.00716180801391598,1.0,0.0,0.0
breast_cancer,decision_tree,outliers+missing,1,10,0.9276610115153912,0.020524755862779978,0.9321637426900585,0.019139084146017244,0.00436654090881345,1.0004752932133396,-0.0004407015206112641,-0.0004752932133397134
breast_cancer,decision_tree,outliers+missing,2,10,0.9301599506470163,0.029233777636412262,0.9345029239766081,0.026841192168512246,0.00103294849395751,1.0031703799200138,-0.002939640652236397,-0.003170379920013774
breast_cancer,decision_tree,outliers+missing,3,10,0.9196583180437081,0.021480336188767785,0.9245614035087719,0.020342136995235183,0.00683267116546628,0.9918444496204852,0.007561991951071767,0.00815555037951481
breast_cancer,decision_tree,outliers+missing,4,10,0.9114259070971539,0.02938164437721428,0.9163742690058478,0.027574406853422193,0.0049002408981323,0.9829658574910692,0.015794402897626014,0.017034142508930736
breast_cancer,decision_tree,outliers+missing,5,10,0.8829564578393846,0.02143438377722987,0.8883040935672515,0.02161018955464418,0.0044642448425292695,0.9522617745984829,0.0442638521553953,0.04773822540151704
breast_cancer,logreg,clean,0,10,0.9699607458471874,0.011429274053125028,0.9719298245614034,0.010605435094530626,0.00720517635345456,1.0,0.0,0.0
breast_cancer,logreg,gaussian,0,10,0.9699607458471874,0.011429274053125028,0.9719298245614034,0.010605435094530626,0.00720517635345456,1.0,0.0,0.0
breast_cancer,logreg,gaussian,1,10,0.9667267147191245,0.012323196924631342,0.9690058479532164,0.011383080951778866,0.00406093597412108,0.9966658123620887,0.003234031128062864,0.003334187637911246
breast_cancer,logreg,gaussian,2,10,0.9679039694070225,0.012499804917165777,0.9701754385964912,0.011515832738980084,0.00585455894470212,0.9978795261055967,0.002056776440164887,0.002120473894403271
breast_cancer,logreg,gaussian,3,10,0.961968019126101,0.016224754128883086,0.9649122807017545,0.014845561609871116,0.00507414340972899,0.9917597420768761,0.007992726721086418,0.008240257923123865
breast_cancer,logreg,gaussian,4,10,0.948835817852521,0.01883950418743045,0.9532163742690057,0.016993758064486063,0.00186095237731933,0.978220842353558,0.021124927994666365,0.021779157646442008
breast_cancer,logreg,gaussian,5,10,0.944131182310921,0.02031725196217242,0.9491228070175438,0.01829660823431944,0.00555570125579831,0.9733705063355876,0.02582956353626642,0.026629493664412418
breast_cancer,logreg,gaussian+missing,0,10,0.9699607458471874,0.011429274053125028,0.9719298245614034,0.010605435094530626,0.00720517635345456,1.0,0.0,0.0
breast_cancer,logreg,gaussian+missing,1,10,0.9691843974198695,0.015662170219591227,0.9713450292397662,0.014443378988571317,0.01137363910675044,0.9991996084061734,0.0007763484273178856,0.0008003915938266181
breast_cancer,logreg,gaussian+missing,2,10,0.9653977178091433,0.01434093728136756,0.9678362573099415,0.01329257475339753,0.00482592582702635,0.9952956570071724,0.004563028038044092,0.004704342992827645
breast_cancer,logreg,gaussian+missing,3,10,0.9614789991248524,0.014511323425583743,0.9643274853801168,0.013349624692603406,0.007440161705017059,0.9912555773430534,0.008481746722335037,0.00874442265694667
breast_cancer,logreg,gaussian+missing,4,10,0.9429034890241471,0.019632858157863947,0.9473684210526315,0.018286221285861298,0.00389931201934812,0.9721047919321644,0.027057256823040277,0.02789520806783558
breast_cancer,logreg,gaussian+missing,5,10,0.9370093520532183,0.015761528896487045,0.9421052631578947,0.014443378988571292,0.00325284004211423,0.9660281161531042,0.03295139379396905,0.033971883846895784
breast_cancer,logreg,gaussian+outliers,0,10,0.9699607458471874,0.011429274053125028,0.9719298245614034,0.010605435094530626,0.00720517635345456,1.0,0.0,0.0
breast_cancer,logreg,gaussian+outliers,1,10,0.9647505910568821,0.016537381381298562,0.967251461988304,0.015398376341622978,0.00596544742584226,0.9946284890263734,0.005210154790305288,0.005371510973626682
breast_cancer,logreg,gaussian+outliers,2,10,0.9542983846940931,0.015599062438275564,0.9578947368421054,0.014271349097639881,0.0050619840621948,0.9838525824677427,0.015662361153094273,0.016147417532257333
breast_cancer,logreg,gaussian+outliers,3,10,0.9429033221570446,0.016439952785189726,0.947953216374269,0.014704110850406323,0.007184696197509739,0.9721046198972618,0.027057423690142746,0.02789538010273821
breast_cancer,logreg,gaussian+outliers,4,10,0.9301879022571009,0.01598792044709326,0.9368421052631579,0.01400256140044292,0.0040411472320556405,0.9589954090818924,0.03977284359008648,0.04100459091810763
breast_cancer,logreg,gaussian+outliers,5,10,0.9041160374012044,0.028307706032874032,0.9146198830409356,0.02437816483565455,0.00434429645538328,0.9321161101334337,0.065844708445983,0.06788388986656634
breast_cancer,logreg,gaussian+outliers+missing,0,10,0.9699607458471874,0.011429274053125028,0.9719298245614034,0.010605435094530626,0.00720517635345456,1.0,0.0,0.0
breast_cancer,logreg,gaussian+outliers+missing,1,10,0.9641423931085804,0.011820660883222327,0.9666666666666666,0.011044222591980788,0.00334634780883787,0.9940014554573288,0.00581835273860698,0.005998544542671249
breast_cancer,logreg,gaussian+outliers+missing,2,10,0.9525385241798293,0.011292823088058406,0.956140350877193,0.010406509017574351,0.0053500413894653105,0.982038219853793,0.017422221667358073,0.017961780146206925
breast_cancer,logreg,gaussian+outliers+missing,3,10,0.9399197632163647,0.01746415914512243,0.9450292397660819,0.01564319894560534,0.00539708137512204,0.9690286614593004,0.030040982630822666,0.030971338540699538
breast_cancer,logreg,gaussian+outliers+missing,4,10,0.9325721772144169,0.012406810015455237,0.9385964912280702,0.011112820907399007,0.0016966104507446101,0.9614535239772879,0.037388568632770514,0.03854647602271206
breast_cancer,logreg,gaussian+outliers+missing,5,10,0.9144465334307983,0.019742457729136628,0.9228070175438596,0.01694897865051398,0.00129265785217282,0.9427665370438247,0.0555142124163891,0.05723346295617523
breast_cancer,logreg,label,0,10,0.9699607458471874,0.011429274053125028,0.9719298245614034,0.010605435094530626,0.00720517635345456,1.0,0.0,0.0
breast_cancer,logreg,label,1,10,0.9519631812312805,0.013925064488189753,0.9555555555555555,0.012693037501832111,0.006720232963561989,0.9814450587892737,0.017997564615906847,0.01855494121072635
breast_cancer,logreg,label,2,10,0.9439526902122573,0.02545889953292487,0.947953216374269,0.0236261813272915,0.00814402103424069,0.9731864864157836,0.02600805563493014,0.026813513584216304
breast_cancer,logreg,label,3,10,0.9257030304218352,0.023558695535256167,0.9315789473684211,0.0213626014702495,0.008720993995666471,0.9543716427547835,0.04425771542535217,0.045628357245216564
breast_cancer,logreg,label,4,10,0.9055911831847515,0.038997359829428625,0.9122807017543859,0.036985703627700345,0.008697938919067349,0.9336369405277181,0.06436956266243588,0.06636305947228197
breast_cancer,logreg,label,5,10,0.7655751248837164,0.04670930777284585,0.7777777777777778,0.04629373133348115,0.012542510032653761,0.7892846469936723,0.20438562096347102,0.2107153530063277
breast_cancer,logreg,label+gaussian,0,10,0.9699607458471874,0.011429274053125028,0.9719298245614034,0.010605435094530626,0.00720517635345456,1.0,0.0,0.0
breast_cancer,logreg,label+gaussian,1,10,0.9544487048991485,0.01724343761180093,0.9578947368421051,0.015788270355802405,0.00546536445617671,0.9840075580228864,0.01551204094803893,0.015992441977113553
breast_cancer,logreg,label+gaussian,2,10,0.9474778594446194,0.023006612027907304,0.9514619883040936,0.021003842100664263,0.01044819355010982,0.9768208285759741,0.022482886402568014,0.02317917142402594
breast_cancer,logreg,label+gaussian,3,10,0.9372436817382799,0.023543796885618327,0.9426900584795321,0.021318086728253142,0.00465366840362546,0.9662697029245945,0.03271706410890751,0.03373029707540549
breast_cancer,logreg,label+gaussian,4,10,0.9193007305673518,0.03992538040614555,0.9257309941520468,0.03760213202149535,0.00854811668395993,0.9477710665130187,0.050660015279835546,0.05222893348698132
breast_cancer,logreg,label+gaussian,5,10,0.8539669670298775,0.07644744243019228,0.8660818713450291,0.0731163073399933,0.005792212486267059,0.8804139452921901,0.11599377881730988,0.11958605470780993
breast_cancer,logreg,label+gaussian+missing,0,10,0.9699607458471874,0.011429274053125028,0.9719298245614034,0.010605435094530626,0.00720517635345456,1.0,0.0,0.0
breast_cancer,logreg,label+gaussian+missing,1,10,0.9565784232534661,0.01766164867252524,0.9596491228070174,0.016643566632465127,0.00642287731170651,0.9862032328101764,0.013382322593721296,0.013796767189823594
breast_cancer,logreg,label+gaussian+missing,2,10,0.9520194454470688,0.01954704081652188,0.9555555555555555,0.017908279263712856,0.00806958675384519,0.9815030654828736,0.017941300400118543,0.018496934517126435
breast_cancer,logreg,label+gaussian+missing,3,10,0.9360495824099816,0.021579992567697128,0.9409356725146198,0.020342136995235207,0.0060662746429443,0.965038622869643,0.033911163437205794,0.034961377130356915
breast_cancer,logreg,label+gaussian+missing,4,10,0.9249045304829451,0.032083079830129646,0.9304093567251461,0.02949208868739116,0.00147142410278319,0.9535484136268947,0.045056215364242314,0.046451586373105355
breast_cancer,logreg,label+gaussian+missing,5,10,0.8698869816107602,0.06932703837207725,0.87953216374269,0.06430976186817283,0.00564253330230709,0.8968269956646334,0.10007376423642722,0.10317300433536654
breast_cancer,logreg,label+gaussian+outliers,0,10,0.9699607458471874,0.011429274053125028,0.9719298245614034,0.010605435094530626,0.00720517635345456,1.0,0.0,0.0
breast_cancer,logreg,label+gaussian+outliers,1,10,0.9524526140062886,0.02240874686112079,0.956140350877193,0.020675636876799627,0.0029908180236816197,0.9819496490802762,0.017508131840898833,0.018050350919723873
breast_cancer,logreg,label+gaussian+outliers,2,10,0.9420521636810578,0.02089631473352945,0.9467836257309941,0.018585086060901417,0.0051628828048705805,0.9712271014207348,0.02790858216612957,0.028772898579265217
breast_cancer,logreg,label+gaussian+outliers,3,10,0.919188498660872,0.02211409037121782,0.9269005847953216,0.019346426161090835,0.00431420803070066,0.9476553588341664,0.050772247186315345,0.052344641165833594
breast_cancer,logreg,label+gaussian+outliers,4,10,0.9189703278612564,0.038030508939098734,0.9257309941520468,0.035523608300555426,0.004878091812133769,0.9474304313816384,0.05099041798593096,0.052569568618361644
breast_cancer,logreg,label+gaussian+outliers,5,10,0.8214680673597682,0.10150399792696398,0.8409356725146198,0.09408563355320607,0.00389215946197508,0.8469085691115035,0.1484926784874192,0.1530914308884965
breast_cancer,logreg,label+gaussian+outliers+missing,0,10,0.9699607458471874,0.011429274053125028,0.9719298245614034,0.010605435094530626,0.00720517635345456,1.0,0.0,0.0
breast_cancer,logreg,label+gaussian+outliers+missing,1,10,0.95200833780228,0.021897513991776432,0.9555555555555555,0.020481755222711378,0.00868625640869138,0.9814916138392515,0.017952408044907386,0.01850838616074851
breast_cancer,logreg,label+gaussian+outliers+missing,2,10,0.9435770336621015,0.021062089092193828,0.947953216374269,0.019188654506549257,0.007121562957763649,0.9727991959488611,0.02638371218508584,0.027200804051138856
breast_cancer,logreg,label+gaussian+outliers+missing,3,10,0.9187720419277298,0.02252500290576995,0.9263157894736842,0.019917410954299875,0.0062131643295287795,0.9472260046206837,0.05118870391945762,0.05277399537931626
breast_cancer,logreg,label+gaussian+outliers+missing,4,10,0.9178174905038979,0.04156286297896584,0.9245614035087719,0.038737019458242435,0.00261440277099607,0.9462418911625684,0.05214325534328945,0.05375810883743162
breast_cancer,logreg,label+gaussian+outliers+missing,5,10,0.8279153924021248,0.09801462374703775,0.8461988304093566,0.08687267419875913,0.00439591407775877,0.8535555649512426,0.14204535344506264,0.14644443504875732
breast_cancer,logreg,label+missing,0,10,0.9699607458471874,0.011429274053125028,0.9719298245614034,0.010605435094530626,0.00720517635345456,1.0,0.0,0.0
breast_cancer,logreg,label+missing,1,10,0.9533296467437488,0.014701788191730736,0.9567251461988304,0.013561424663490116,0.011046600341796841,0.98285384313268,0.01663109910343863,0.01714615686732005
breast_cancer,logreg,label+missing,2,10,0.9558234974695499,0.020900635661381537,0.9590643274853801,0.01909933522637959,0.008788156509399389,0.9854249273095174,0.014137248377637524,0.01457507269048265
breast_cancer,logreg,label+missing,3,10,0.9384226056239827,0.02947584999362618,0.9426900584795321,0.027677566236723402,0.007139372825622539,0.9674851375602231,0.03153814022320467,0.032514862439776866
breast_cancer,logreg,label+missing,4,10,0.9122100956780329,0.030213684610110272,0.9181286549707602,0.027977972893581508,0.00200326442718505,0.9404608378056437,0.05775065016915448,0.05953916219435628
breast_cancer,logreg,label+missing,5,10,0.8288852855949367,0.055605611080450264,0.8374269005847953,0.0525087006856394,0.00242681503295897,0.8545554953061198,0.1410754602522507,0.14544450469388012
breast_cancer,logreg,label+outliers,0,10,0.9699607458471874,0.011429274053125028,0.9719298245614034,0.010605435094530626,0.00720517635345456,1.0,0.0,0.0
breast_cancer,logreg,label+outliers,1,10,0.9482042421599444,0.017473991015176934,0.952046783625731,0.01626249794511828,0.0046206712722778095,0.9775697070418655,0.021756503687243023,0.02243029295813447
breast_cancer,logreg,label+outliers,2,10,0.9446884815123197,0.018317405798382248,0.9491228070175438,0.01655199198078266,0.00784437656402585,0.9739450648461095,0.025272264334867733,0.026054935153890502
breast_cancer,logreg,label+outliers,3,10,0.9220476492526876,0.023585708861709468,0.9292397660818713,0.021076082527525172,0.01055347919464107,0.95060305605187,0.04791309659449983,0.04939694394812994
breast_cancer,logreg,label+outliers,4,10,0.9237641047825222,0.027932280176431425,0.9304093567251461,0.025333632118962553,0.00406031608581541,0.9523726694482715,0.046196641064665145,0.04762733055172853
breast_cancer,logreg,label+outliers,5,10,0.8003680418165502,0.10739692184414958,0.8216374269005847,0.09434577029497122,0.00649485588073728,0.8251550851343878,0.1695927040306372,0.1748449148656122
breast_cancer,logreg,label+outliers+missing,0,10,0.9699607458471874,0.011429274053125028,0.9719298245614034,0.010605435094530626,0.00720517635345456,1.0,0.0,0.0
breast_cancer,logreg,label+outliers+missing,1,10,0.9469436505412261,0.018502345963800317,0.9508771929824562,0.01703841979213425,0.00336208343505857,0.976270075459747,0.0230170953059613,0.023729924540253026
breast_cancer,logreg,label+outliers+missing,2,10,0.9441858191910496,0.019681503689060395,0.9485380116959063,0.017823203821695843,0.0053446292877197005,0.9734268352956641,0.025774926656137787,0.02657316470433588
breast_cancer,logreg,label+outliers+missing,3,10,0.9299957981446001,0.01880207092692557,0.9362573099415205,0.01687032867323106,0.00523583889007566,0.9587973555902194,0.039964947702587295,0.04120264440978066
breast_cancer,logreg,label+outliers+missing,4,10,0.9224306349134983,0.026336042609327773,0.9286549707602338,0.024626295044606242,0.007283902168273901,0.9509979026087544,0.047530110933689085,0.049002097391245586
breast_cancer,logreg,label+outliers+missing,5,10,0.8209811668411572,0.08834388889925585,0.8385964912280702,0.07403302443164528,0.007530188560485799,0.8464065894997557,0.1489795790060302,0.15359341050024433
breast_cancer,logreg,missing,0,10,0.9699607458471874,0.011429274053125028,0.9719298245614034,0.010605435094530626,0.00720517635345456,1.0,0.0,0.0
breast_cancer,logreg,missing,1,10,0.9717714787048681,0.011629284260439217,0.9736842105263157,0.010765459081079287,0.00939004421234128,1.001866810451282,-0.0018107328576807413,-0.0018668104512819259
breast_cancer,logreg,missing,2,10,0.9692716972198733,0.012458459036976649,0.9713450292397662,0.01151583273898008,0.005570578575134251,0.9992896118422686,0.000689048627314115,0.0007103881577313555
breast_cancer,logreg,missing,3,10,0.9675363258960035,0.01717355624306638,0.9695906432748538,0.0162624979451183,0.00935342311859128,0.9975004968380794,0.0024244199511839204,0.0024995031619206125
breast_cancer,logreg,missing,4,10,0.9667849123017798,0.011557600432818874,0.9690058479532164,0.010694632923465968,0.00399980545043942,0.9967258122980701,0.0031758335454076247,0.003274187701929911
breast_cancer,logreg,missing,5,10,0.9618558001515632,0.012331265600422006,0.9643274853801168,0.011515832738980047,0.0068437337875366005,0.9916440477304624,0.008104945695624144,0.008355952269537554
breast_cancer,logreg,outliers,0,10,0.9699607458471874,0.011429274053125028,0.9719298245614034,0.010605435094530626,0.00720517635345456,1.0,0.0,0.0
breast_cancer,logreg,outliers,1,10,0.9660831928877698,0.016045843088116737,0.968421052631579,0.01489666524330827,0.00514559745788571,0.9960023609449979,0.0038775529594176072,0.003997639055002023
breast_cancer,logreg,outliers,2,10,0.9574901756929931,0.01321498933873745,0.9608187134502923,0.012032202231587517,0.0055990695953369,0.987143221818423,0.012470570154194283,0.01285677818157701
breast_cancer,logreg,outliers,3,10,0.9429561237946602,0.017458324368851915,0.947953216374269,0.015703808234793604,0.00337615013122557,0.9721590567781785,0.027004622052527183,0.027840943221821506
breast_cancer,logreg,outliers,4,10,0.93955143764491,0.011267311034320575,0.9450292397660819,0.010015775889797423,0.0049165964126586595,0.9686489290082382,0.030409308202277385,0.031351070991761786
breast_cancer,logreg,outliers,5,10,0.9295141257705888,0.017856692955565863,0.9362573099415205,0.015703808234793618,0.00802490711212156,0.9583007660363909,0.040446620076598605,0.041699233963609056
breast_cancer,logreg,outliers+missing,0,10,0.9699607458471874,0.011429274053125028,0.9719298245614034,0.010605435094530626,0.00720517635345456,1.0,0.0,0.0
breast_cancer,logreg,outliers+missing,1,10,0.9648352291894293,0.013346085152397385,0.967251461988304,0.012390057373934234,0.0046935558319091495,0.9947157483643513,0.005125516657758067,0.005284251635648735
breast_cancer,logreg,outliers+missing,2,10,0.9552057511183604,0.010491448757716446,0.9584795321637427,0.009727075984307651,0.0020336389541625805,0.984788049627782,0.01475499472882702,0.01521195037221805
breast_cancer,logreg,outliers+missing,3,10,0.9437791349318353,0.01855425034013519,0.9485380116959063,0.01672328311074247,0.0020010232925415,0.9730075562052932,0.026181610915352094,0.026992443794706802
breast_cancer,logreg,outliers+missing,4,10,0.9366862098735176,0.011400098233513548,0.9421052631578947,0.010110177372233884,0.004784083366394,0.9656949664034011,0.033274535973669805,0.03430503359659881
breast_cancer,logreg,outliers+missing,5,10,0.9319226049382852,0.018317069930666997,0.9380116959064327,0.01635569353871578,0.0023001909255981204,0.9607838347358286,0.03803814090890223,0.039216165264171376
breast_cancer,random_forest,clean,0,10,0.9546650604745942,0.009488285321253185,0.9578947368421054,0.00862999751313001,0.1238150596618652,1.0,0.0,0.0
breast_cancer,random_forest,gaussian,0,10,0.9546650604745942,0.009488285321253185,0.9578947368421054,0.00862999751313001,0.1238150596618652,1.0,0.0,0.0
breast_cancer,random_forest,gaussian,1,10,0.9455901578211543,0.010539398592159986,0.9497076023391813,0.009628919325714164,0.13646259307861325,0.9904941502217244,0.009074902653439909,0.009505849778275626
breast_cancer,random_forest,gaussian,2,10,0.9432135725867365,0.015634476717607294,0.947953216374269,0.013907258465291996,0.14583323001861567,0.9880047061928037,0.011451487887857659,0.011995293807196382
breast_cancer,random_forest,gaussian,3,10,0.9233423366249008,0.01589198913167475,0.9309941520467836,0.013728512172833583,0.15961015224456782,0.9671898290337326,0.03132272384969337,0.03281017096626732
breast_cancer,random_forest,gaussian,4,10,0.8865701991154495,0.02720749316481972,0.9005847953216375,0.022395955736990353,0.16583371162414545,0.9286714637641682,0.06809486135914466,0.07132853623583181
breast_cancer,random_forest,gaussian,5,10,0.8440157714275577,0.04092891299609133,0.8678362573099415,0.032641615109449504,0.1731849193572998,0.8840962201004515,0.11064928904703653,0.1159037798995485
breast_cancer,random_forest,gaussian+missing,0,10,0.9546650604745942,0.009488285321253185,0.9578947368421054,0.00862999751313001,0.1238150596618652,1.0,0.0,0.0
breast_cancer,random_forest,gaussian+missing,1,10,0.9476892482081029,0.008538895586075063,0.9514619883040935,0.007821599472802658,0.14118793010711667,0.9926929217845016,0.006975812266491355,0.007307078215498384
breast_cancer,random_forest,gaussian+missing,2,10,0.9439767173195681,0.013241888363028755,0.9485380116959063,0.011952990032558232,0.14554631710052485,0.9888040909869347,0.010688343155026092,0.011195909013065357
breast_cancer,random_forest,gaussian+missing,3,10,0.9322713562310918,0.014991060071625706,0.9385964912280702,0.013292574753397528,0.1520795822143554,0.9765428681003893,0.0223937042435024,0.02345713189961072
breast_cancer,random_forest,gaussian+missing,4,10,0.9034620449865131,0.023251443255368254,0.9140350877192983,0.019696792326033746,0.15372505187988278,0.94636546616399,0.05120301548808115,0.053634533836009995
breast_cancer,random_forest,gaussian+missing,5,10,0.8810497083495296,0.0478178699597727,0.8964912280701753,0.038795830756466226,0.1513159275054931,0.9228888170595998,0.07361535212506465,0.07711118294040019
breast_cancer,random_forest,gaussian+outliers,0,10,0.9546650604745942,0.009488285321253185,0.9578947368421054,0.00862999751313001,0.1238150596618652,1.0,0.0,0.0
breast_cancer,random_forest,gaussian+outliers,1,10,0.9444867398789691,0.011126654256411152,0.9485380116959063,0.010240877611355679,0.13715040683746332,0.9893383333935306,0.010178320595625068,0.010661666606469396
breast_cancer,random_forest,gaussian+outliers,2,10,0.9413682110072339,0.014502066072604675,0.9461988304093566,0.012871402744030551,0.14047913551330565,0.986071712459289,0.013296849467360317,0.01392828754071091
breast_cancer,random_forest,gaussian+outliers,3,10,0.9352058392773355,0.01639455690069256,0.9415204678362572,0.014324501419784676,0.15338346958160395,0.9796167032785458,0.019459221197258736,0.020383296721454267
breast_cancer,random_forest,gaussian+outliers,4,10,0.8958409868399666,0.02140385253481549,0.9081871345029239,0.017876423420055163,0.1486449241638183,0.9383825007637921,0.058824073634627605,0.06161749923620782
breast_cancer,random_forest,gaussian+outliers,5,10,0.8643173886526145,0.03193623357844888,0.8830409356725145,0.026007142425197517,0.15222659111022946,0.9053619163803219,0.09034767182197967,0.09463808361967807
breast_cancer,random_forest,gaussian+outliers+missing,0,10,0.9546650604745942,0.009488285321253185,0.9578947368421054,0.00862999751313001,0.1238150596618652,1.0,0.0,0.0
breast_cancer,random_forest,gaussian+outliers+missing,1,10,0.9446062938502152,0.012130981816772649,0.9485380116959063,0.011299319100342637,0.14136250019073482,0.9894635647193598,0.01005876662437899,0.010536435280640164
breast_cancer,random_forest,gaussian+outliers+missing,2,10,0.9440403878063149,0.012240371924112209,0.9485380116959063,0.01095787081680716,0.14649722576141352,0.9888707850447597,0.010624672668279267,0.01112921495524033
breast_cancer,random_forest,gaussian+outliers+missing,3,10,0.9380233803388938,0.013418295592827994,0.9438596491228071,0.011760704194150772,0.14591801166534418,0.9825680431549183,0.016641680135700443,0.017431956845081704
breast_cancer,random_forest,gaussian+outliers+missing,4,10,0.9117543736311188,0.02146950205472606,0.92046783625731,0.0191390841460173,0.14375026226043697,0.955051579218639,0.04291068684347543,0.04494842078136092
breast_cancer,random_forest,gaussian+outliers+missing,5,10,0.8950930561045805,0.038713929375619696,0.9076023391812866,0.03176849713444578,0.14399204254150386,0.9375990524463118,0.059572004370013754,0.062400947553688225
breast_cancer,random_forest,label,0,10,0.9546650604745942,0.009488285321253185,0.9578947368421054,0.00862999751313001,0.1238150596618652,1.0,0.0,0.0
breast_cancer,random_forest,label,1,10,0.9527873860988059,0.0128114448488297,0.956140350877193,0.01177684792748004,0.15109670162200925,0.9980331590067255,0.0018776743757883407,0.001966840993274531
breast_cancer,random_forest,label,2,10,0.9529754108794591,0.012489051445868836,0.956140350877193,0.011776847927480065,0.165803050994873,0.9982301126697828,0.0016896495951350676,0.0017698873302172484
breast_cancer,random_forest,label,3,10,0.9338129127809436,0.027221892778073208,0.9380116959064327,0.02544587738336172,0.18074526786804196,0.9781576297730176,0.020852147693650624,0.021842370226982395
breast_cancer,random_forest,label,4,10,0.8752697617240915,0.023401171985583138,0.8824561403508773,0.02052808361310061,0.18068530559539792,0.9168343935086167,0.07939529875050266,0.08316560649138321
breast_cancer,random_forest,label,5,10,0.7391773575654774,0.04613650972732406,0.7491228070175439,0.04457506198867721,0.17849509716033932,0.7742792610405256,0.21548770290911679,0.22572073895947448
breast_cancer,random_forest,label+gaussian,0,10,0.9546650604745942,0.009488285321253185,0.9578947368421054,0.00862999751313001,0.1238150596618652,1.0,0.0,0.0
breast_cancer,random_forest,label+gaussian,1,10,0.9449395975063659,0.011103848525159474,0.9491228070175438,0.009958705477149955,0.1658108234405517,0.9898126962314998,0.009725462968228293,0.010187303768500187
breast_cancer,random_forest,label+gaussian,2,10,0.9439288671494814,0.01772328076611063,0.9485380116959063,0.016027138238670146,0.17897987365722653,0.9887539685177381,0.010736193325112775,0.011246031482261928
breast_cancer,random_forest,label+gaussian,3,10,0.9268063039654001,0.029014636545210817,0.9339181286549707,0.025423467975770914,0.18429579734802243,0.9708182925482319,0.027858756509194116,0.029181707451768107
breast_cancer,random_forest,label+gaussian,4,10,0.8964546446730021,0.041246621012653126,0.9076023391812866,0.0354968565772789,0.1839595317840576,0.9390252998547429,0.05821041580159214,0.060974700145257126
breast_cancer,random_forest,label+gaussian,5,10,0.739751935908009,0.09872623264981421,0.7725146198830408,0.08422541562111246,0.18948018550872797,0.7748811248421043,0.21491312456658518,0.22511887515789575
breast_cancer,random_forest,label+gaussian+missing,0,10,0.9546650604745942,0.009488285321253185,0.9578947368421054,0.00862999751313001,0.1238150596618652,1.0,0.0,0.0
breast_cancer,random_forest,label+gaussian+missing,1,10,0.9457646834557801,0.01686360861489245,0.9497076023391813,0.015643198945605355,0.1697766065597534,0.9906769636940631,0.008900377018814076,0.009323036305936888
breast_cancer,random_forest,label+gaussian+missing,2,10,0.9384761053492421,0.015772167798413356,0.9432748538011696,0.014600376850739961,0.17178742885589598,0.9830422670781477,0.016188955125352122,0.016957732921852278
breast_cancer,random_forest,label+gaussian+missing,3,10,0.9207409535997515,0.02205057953126049,0.9274853801169591,0.02048175522271148,0.1726009845733642,0.9644649120624799,0.03392410687484271,0.03553508793752016
breast_cancer,random_forest,label+gaussian+missing,4,10,0.8992774165748632,0.038031526358576775,0.9087719298245615,0.032407957022410006,0.1640039682388305,0.9419821189724948,0.055387643899731054,0.05801788102750519
breast_cancer,random_forest,label+gaussian+missing,5,10,0.7880921562521578,0.059160874737113255,0.8017543859649123,0.062283675994471724,0.16497354507446288,0.8255169157027411,0.16657290422243642,0.17448308429725895
breast_cancer,random_forest,label+gaussian+outliers,0,10,0.9546650604745942,0.009488285321253185,0.9578947368421054,0.00862999751313001,0.1238150596618652,1.0,0.0,0.0
breast_cancer,random_forest,label+gaussian+outliers,1,10,0.9450869179243941,0.016591326377609496,0.9491228070175438,0.01536131641703355,0.1664931774139404,0.9899670125714682,0.009578142550200064,0.010032987428531705
breast_cancer,random_forest,label+gaussian+outliers,2,10,0.9413007818610064,0.015625232720153162,0.9461988304093568,0.014002561400442882,0.1707424402236938,0.9860010812515292,0.013364278613587799,0.013998918748470791
breast_cancer,random_forest,label+gaussian+outliers,3,10,0.9223081141323851,0.02795833279722201,0.9304093567251461,0.023626181327291523,0.17118270397186275,0.9661064935945981,0.03235694634220909,0.033893506405401945
breast_cancer,random_forest,label+gaussian+outliers,4,10,0.903100872627175,0.03165062741822061,0.9128654970760234,0.02707377084673164,0.16264843940734858,0.9459871425253743,0.05156418784741923,0.05401285747462575
breast_cancer,random_forest,label+gaussian+outliers,5,10,0.7259863554711834,0.07826354953262674,0.7614035087719297,0.06818712335759579,0.1635771036148071,0.7604618473313275,0.2286787050034108,0.2395381526686725
breast_cancer,random_forest,label+gaussian+outliers+missing,0,10,0.9546650604745942,0.009488285321253185,0.9578947368421054,0.00862999751313001,0.1238150596618652,1.0,0.0,0.0
breast_cancer,random_forest,label+gaussian+outliers+missing,1,10,0.9495595602203524,0.019249770389803328,0.9532163742690057,0.017865792183063695,0.16308734416961665,0.9946520507918204,0.005105500254241835,0.005347949208179599
breast_cancer,random_forest,label+gaussian+outliers+missing,2,10,0.9376513188368605,0.016479487664878768,0.9426900584795321,0.014794281451080157,0.16329433917999264,0.9821783132722217,0.017013741637733726,0.017821686727778282
breast_cancer,random_forest,label+gaussian+outliers+missing,3,10,0.9244481926492121,0.026884457915669888,0.9309941520467836,0.024315736654210777,0.1604938745498657,0.9683481997231989,0.030216867825382132,0.03165180027680113
breast_cancer,random_forest,label+gaussian+outliers+missing,4,10,0.8916217602139362,0.046613019062775166,0.9017543859649123,0.040403107705361735,0.15267806053161617,0.9339629123649742,0.06304330026065796,0.06603708763502578
breast_cancer,random_forest,label+gaussian+outliers+missing,5,10,0.7976056624053585,0.07960672992103791,0.815204678362573,0.08052357650553688,0.14861149787902828,0.8354821972942462,0.15705939806923574,0.16451780270575372
breast_cancer,random_forest,label+missing,0,10,0.9546650604745942,0.009488285321253185,0.9578947368421054,0.00862999751313001,0.1238150596618652,1.0,0.0,0.0
breast_cancer,random_forest,label+missing,1,10,0.9508583485453176,0.01197957806652883,0.9543859649122807,0.01095787081680717,0.15618565082550045,0.9960125157116526,0.0038067119292766183,0.0039874842883473515
breast_cancer,random_forest,label+missing,2,10,0.9426145778060727,0.016347720081369324,0.9461988304093566,0.015545732582750015,0.1613340854644775,0.9873772664702626,0.01205048266852149,0.012622733529737449
breast_cancer,random_forest,label+missing,3,10,0.9237442739801549,0.02631878774199874,0.9286549707602338,0.024158960444178833,0.1603108406066894,0.9676108535080695,0.0309207864944393,0.032389146491930476
breast_cancer,random_forest,label+missing,4,10,0.881626355789162,0.041819886552635105,0.8865497076023392,0.04173543451406672,0.15750334262847895,0.9234928482151402,0.07303870468543217,0.07650715178485983
breast_cancer,random_forest,label+missing,5,10,0.7432039180624305,0.057087924349874995,0.7532163742690059,0.05668460465863809,0.1517315626144409,0.7784970340204556,0.21146114241216374,0.22150296597954441
breast_cancer,random_forest,label+outliers,0,10,0.9546650604745942,0.009488285321253185,0.9578947368421054,0.00862999751313001,0.1238150596618652,1.0,0.0,0.0
breast_cancer,random_forest,label+outliers,1,10,0.9502825479857553,0.016282093265618185,0.9538011695906432,0.014960299301637335,0.1562010526657104,0.9954093716526504,0.004382512488838919,0.004590628347349628
breast_cancer,random_forest,label+outliers,2,10,0.9502703828332246,0.013769644012845412,0.9538011695906432,0.01246649275268574,0.168703818321228,0.9953966288038395,0.004394677641369582,0.004603371196160514
breast_cancer,random_forest,label+outliers,3,10,0.9461044773121394,0.01636083334571218,0.9497076023391813,0.015149597838382413,0.16881363391876217,0.9910328936117144,0.008560583162454782,0.00896710638828559
breast_cancer,random_forest,label+outliers,4,10,0.9164279622348621,0.028260210577699355,0.9216374269005847,0.026756116860465463,0.16130251884460445,0.9599471062440232,0.03823709823973209,0.0400528937559768
breast_cancer,random_forest,label+outliers,5,10,0.796751305461029,0.04526981070942591,0.808187134502924,0.04468999572992465,0.157245659828186,0.834587268821736,0.1579137550135652,0.165412731178264
breast_cancer,random_forest,label+outliers+missing,0,10,0.9546650604745942,0.009488285321253185,0.9578947368421054,0.00862999751313001,0.1238150596618652,1.0,0.0,0.0
breast_cancer,random_forest,label+outliers+missing,1,10,0.9504643670800144,0.01796016565706175,0.9538011695906432,0.016870328673231048,0.16264343261718744,0.9955998249349447,0.004200693394579846,0.004400175065055328
breast_cancer,random_forest,label+outliers+missing,2,10,0.9435611184215243,0.013984656196127557,0.9473684210526315,0.01322091614644304,0.1645644187927246,0.9883687562132527,0.01110394205306986,0.0116312437867473
breast_cancer,random_forest,label+outliers+missing,3,10,0.9416398718873025,0.017005718652106715,0.9456140350877194,0.015606720390836715,0.1640172481536865,0.9863562739157788,0.013025188587291736,0.0136437260842211
breast_cancer,random_forest,label+outliers+missing,4,10,0.9145216924368442,0.02401639175566515,0.9198830409356725,0.022234188495296483,0.15735187530517572,0.9579503118949452,0.04014336803774998,0.04204968810505482
breast_cancer,random_forest,label+outliers+missing,5,10,0.8488067728196504,0.04972564391531301,0.8584795321637426,0.04668605810502207,0.15168051719665523,0.8891147355887119,0.10585828765494376,0.11088526441128814
breast_cancer,random_forest,missing,0,10,0.9546650604745942,0.009488285321253185,0.9578947368421054,0.00862999751313001,0.1238150596618652,1.0,0.0,0.0
breast_cancer,random_forest,missing,1,10,0.9523978023229042,0.0189074527802668,0.9555555555555555,0.017694823731633842,0.13987238407135005,0.9976250747559957,0.0022672581516900436,0.00237492524400434
breast_cancer,random_forest,missing,2,10,0.9506499665288006,0.016972925267146406,0.9538011695906432,0.016180511477151747,0.1418511867523193,0.9957942380924703,0.00401509394579358,0.0042057619075296935
breast_cancer,random_forest,missing,3,10,0.9427972838367426,0.015470630958815618,0.9461988304093568,0.014794281451080155,0.13657531738281245,0.9875686488076229,0.011867776637851657,0.012431351192377156
breast_cancer,random_forest,missing,4,10,0.9440772290152349,0.014935539428466956,0.9473684210526315,0.01432450141978466,0.13662285804748533,0.9889093757614889,0.010587831459359265,0.011090624238511168
breast_cancer,random_forest,missing,5,10,0.943690684831177,0.020932770919576592,0.9467836257309941,0.02015447489366523,0.14186689853668208,0.9885044754461199,0.010974375643417189,0.011495524553880164
breast_cancer,random_forest,outliers,0,10,0.9546650604745942,0.009488285321253185,0.9578947368421054,0.00862999751313001,0.1238150596618652,1.0,0.0,0.0
breast_cancer,random_forest,outliers,1,10,0.9516187236953215,0.011173174304618484,0.9549707602339181,0.010333222830954029,0.13390955924987788,0.9968089994015721,0.0030463367792726848,0.0031910005984279494
breast_cancer,random_forest,outliers,2,10,0.952148792295717,0.013749850207914426,0.9555555555555555,0.0126930375018321,0.13225455284118648,0.9973642397914655,0.002516268178877179,0.0026357602085345646
breast_cancer,random_forest,outliers,3,10,0.9501702172601508,0.012123815839046186,0.9538011695906434,0.010835822307748386,0.12218830585479731,0.9952917065884774,0.004494843214443378,0.004708293411522623
breast_cancer,random_forest,outliers,4,10,0.9465018658008759,0.014571876554274896,0.9502923976608187,0.013575427170744753,0.12724146842956538,0.991449153203889,0.008163194673718288,0.00855084679611099
breast_cancer,random_forest,outliers,5,10,0.9464828667490929,0.00992357065817236,0.9502923976608187,0.009246425906925086,0.13470442295074458,0.991429251929013,0.00818219372550133,0.008570748070987014
breast_cancer,random_forest,outliers+missing,0,10,0.9546650604745942,0.009488285321253185,0.9578947368421054,0.00862999751313001,0.1238150596618652,1.0,0.0,0.0
breast_cancer,random_forest,outliers+missing,1,10,0.9530263527864437,0.016787552025846687,0.956140350877193,0.015655339575252437,0.13208353519439694,0.9982834736956478,0.0016387076881505536,0.0017165263043521254
breast_cancer,random_forest,outliers+missing,2,10,0.9466372915004456,0.018063866676456056,0.9502923976608187,0.016825220761824633,0.14146234989166256,0.9915910099714368,0.008027768974148586,0.00840899002856324
breast_cancer,random_forest,outliers+missing,3,10,0.9499058013558418,0.009344180587045503,0.9532163742690057,0.008717613947367593,0.1338511705398559,0.9950147341556771,0.0047592591187524125,0.004985265844322861
breast_cancer,random_forest,outliers+missing,4,10,0.9417137991453982,0.012998276282701593,0.9456140350877191,0.012032202231587484,0.12864811420440672,0.986433711816417,0.012951261329195995,0.013566288183582955
breast_cancer,random_forest,outliers+missing,5,10,0.9409892784072003,0.014383989751837634,0.9450292397660819,0.013561424663490133,0.13141574859619137,0.9856747851852928,0.013675782067393949,0.014325214814707145
breast_cancer,svm_rbf,clean,0,10,0.9668192353346547,0.013581994831851699,0.9690058479532164,0.012648053175445071,0.0008191108703613101,1.0,0.0,0.0
breast_cancer,svm_rbf,gaussian,0,10,0.9668192353346547,0.013581994831851699,0.9690058479532164,0.012648053175445071,0.0008191108703613101,1.0,0.0,0.0
breast_cancer,svm_rbf,gaussian,1,10,0.9647600736672116,0.016142623761407068,0.967251461988304,0.014896665243308222,0.005345797538757311,0.9978701689083271,0.0020591616674431323,0.002129831091672865
breast_cancer,svm_rbf,gaussian,2,10,0.9594287763924939,0.01997549382926213,0.9625730994152046,0.018327733759911338,0.00496470928192137,0.9923559041110692,0.007390458942160838,0.007644095888930783
breast_cancer,svm_rbf,gaussian,3,10,0.9475516638708477,0.014659017277294035,0.9520467836257309,0.013163308394646476,0.0027052164077758603,0.9800711748798235,0.019267571463807087,0.019928825120176484
breast_cancer,svm_rbf,gaussian,4,10,0.9387681420766821,0.020058716015079952,0.9444444444444444,0.017705557626301115,0.005086874961853,0.970986206901166,0.028051093257972615,0.029013793098834045
breast_cancer,svm_rbf,gaussian,5,10,0.9275043069661416,0.02900719804757794,0.9350877192982455,0.024726386698520966,0.00240938663482663,0.9593358024626965,0.039314928368513136,0.04066419753730351
breast_cancer,svm_rbf,gaussian+missing,0,10,0.9668192353346547,0.013581994831851699,0.9690058479532164,0.012648053175445071,0.0008191108703613101,1.0,0.0,0.0
breast_cancer,svm_rbf,gaussian+missing,1,10,0.9610564555254154,0.01971961206764492,0.9637426900584796,0.018244614357579132,0.00215473175048826,0.9940394443980579,0.005762779809239338,0.005960555601942083
breast_cancer,svm_rbf,gaussian+missing,2,10,0.9583088569445689,0.015353900421798817,0.9614035087719298,0.014110690893453301,0.007980108261108369,0.9911975495738455,0.008510378390085838,0.008802450426154436
breast_cancer,svm_rbf,gaussian+missing,3,10,0.9428333187378783,0.013151206000251702,0.9473684210526315,0.012016401565241676,0.00373125076293944,0.9751908984428987,0.023985916596776402,0.02480910155710123
breast_cancer,svm_rbf,gaussian+missing,4,10,0.9374731805789457,0.018218019478095537,0.9426900584795321,0.016494499650141277,0.008491253852844199,0.9696468029563445,0.02934605475570906,0.030353197043655446
breast_cancer,svm_rbf,gaussian+missing,5,10,0.9312493784049309,0.019278832849310604,0.9374269005847953,0.017226940425174055,0.00434732437133787,0.9632094029268959,0.03556985692972381,0.03679059707310401
breast_cancer,svm_rbf,gaussian+outliers,0,10,0.9668192353346547,0.013581994831851699,0.9690058479532164,0.012648053175445071,0.0008191108703613101,1.0,0.0,0.0
breast_cancer,svm_rbf,gaussian+outliers,1,10,0.9601480293008644,0.018549896479884642,0.9631578947368421,0.01700493449322753,0.00460200309753416,0.993099841428495,0.0066712060337903445,0.006900158571505018
breast_cancer,svm_rbf,gaussian+outliers,2,10,0.9457165373090017,0.013435124460524217,0.9502923976608187,0.012095198485371198,0.00536448955535887,0.9781730676693161,0.02110269802565301,0.02182693233068385
breast_cancer,svm_rbf,gaussian+outliers,3,10,0.9427607242169838,0.011539443561661169,0.947953216374269,0.010110177372233886,0.0053607225418090595,0.9751158125134495,0.02405851111767099,0.024884187486550552
breast_cancer,svm_rbf,gaussian+outliers,4,10,0.917834121475092,0.021789686655934316,0.9263157894736842,0.01893950534345596,0.00654702186584469,0.9493337409214795,0.04898511385956272,0.05066625907852053
breast_cancer,svm_rbf,gaussian+outliers,5,10,0.8872879483677458,0.034542420577307345,0.9011695906432748,0.028840681314373874,0.00682384967803952,0.9177392380496237,0.07953128696690892,0.08226076195037635
breast_cancer,svm_rbf,gaussian+outliers+missing,0,10,0.9668192353346547,0.013581994831851699,0.9690058479532164,0.012648053175445071,0.0008191108703613101,1.0,0.0,0.0
breast_cancer,svm_rbf,gaussian+outliers+missing,1,10,0.9594872929557396,0.01623295974947093,0.9625730994152046,0.014896665243308136,0.00638360977172849,0.9924164289342287,0.007331942378915102,0.007583571065771384
breast_cancer,svm_rbf,gaussian+outliers+missing,2,10,0.9464389260827459,0.013405030789195544,0.9508771929824562,0.012079480222089425,0.00743694305419919,0.978920248473486,0.020380309251908812,0.021079751526514028
breast_cancer,svm_rbf,gaussian+outliers+missing,3,10,0.940508952865161,0.014267749114335556,0.9456140350877191,0.012944996269695098,0.00452330112457274,0.9727867614669595,0.02631028246949374,0.02721323853304046
breast_cancer,svm_rbf,gaussian+outliers+missing,4,10,0.9278799917333991,0.01860056072091081,0.9345029239766081,0.01649449965014128,0.0060089588165283,0.9597243805479551,0.03893924360125567,0.040275619452044976
breast_cancer,svm_rbf,gaussian+outliers+missing,5,10,0.9040257499739768,0.028887898725217822,0.9146198830409356,0.024378164835654574,0.0083593130111694,0.9350514728444117,0.06279348536067797,0.06494852715558833
breast_cancer,svm_rbf,label,0,10,0.9668192353346547,0.013581994831851699,0.9690058479532164,0.012648053175445071,0.0008191108703613101,1.0,0.0,0.0
breast_cancer,svm_rbf,label,1,10,0.9628296485638712,0.016255915804540545,0.9654970760233917,0.014960299301637295,0.00663998126983639,0.9958734925568556,0.0039895867707835375,0.004126507443144304
breast_cancer,svm_rbf,label,2,10,0.9628515660629086,0.022980481393901204,0.9654970760233917,0.021255609471398006,0.0037127256393432394,0.9958961622537714,0.003967669271746188,0.004103837746228559
breast_cancer,svm_rbf,label,3,10,0.9450645861409057,0.02079372254065485,0.9491228070175438,0.01910928020764517,0.00716676712036129,0.9774987418550699,0.02175464919374903,0.02250125814493014
breast_cancer,svm_rbf,label,4,10,0.9333296190067524,0.023544372355695384,0.9385964912280702,0.021924409121251442,0.00960524082183835,0.9653610363716953,0.03348961632790237,0.0346389636283046
breast_cancer,svm_rbf,label,5,10,0.8477218475883943,0.05225689385947389,0.8649122807017544,0.03980142144116367,0.007612490653991661,0.8768152479868317,0.11909738774626044,0.1231847520131683
breast_cancer,svm_rbf,label+gaussian,0,10,0.9668192353346547,0.013581994831851699,0.9690058479532164,0.012648053175445071,0.0008191108703613101,1.0,0.0,0.0
breast_cancer,svm_rbf,label+gaussian,1,10,0.9614939635242411,0.01705726406837814,0.964327485380117,0.015703808234793608,0.00475995540618893,0.9944919674580426,0.005325271810413645,0.005508032541957397
breast_cancer,svm_rbf,label+gaussian,2,10,0.955677687928356,0.02028160983216016,0.9590643274853802,0.01869719892129712,0.00187914371490478,0.9884760801201454,0.011141547406298802,0.011523919879854549
breast_cancer,svm_rbf,label+gaussian,3,10,0.9310838349991177,0.02518130823164018,0.9374269005847953,0.022573402415928395,0.00876913070678707,0.9630381781521262,0.035735400335537015,0.03696182184787373
breast_cancer,svm_rbf,label+gaussian,4,10,0.9114820521695177,0.032038149378825126,0.92046783625731,0.027869108772961438,0.00452213287353512,0.9427636716950686,0.05533718316513703,0.057236328304931396
breast_cancer,svm_rbf,label+gaussian,5,10,0.8017690046092765,0.1258276909305011,0.8321637426900585,0.09493997907149429,0.00351481437683104,0.8292853258466172,0.16505023072537828,0.17071467415338276
breast_cancer,svm_rbf,label+gaussian+missing,0,10,0.9668192353346547,0.013581994831851699,0.9690058479532164,0.012648053175445071,0.0008191108703613101,1.0,0.0,0.0
breast_cancer,svm_rbf,label+gaussian+missing,1,10,0.9609705024151648,0.013861104239272535,0.9637426900584796,0.012871402744030565,0.00435366630554195,0.9939505414189805,0.005848732919489952,0.0060494585810195135
breast_cancer,svm_rbf,label+gaussian+missing,2,10,0.9513355264047618,0.020224296229205706,0.9549707602339181,0.018707357682666775,0.00370626449584959,0.9839848977306151,0.015483708929892925,0.01601510226938482
breast_cancer,svm_rbf,label+gaussian+missing,3,10,0.9339091160966543,0.0216889804621252,0.9391812865497077,0.02010728570483839,0.00694544315338132,0.9659604215191179,0.03291011923800047,0.03403957848088217
breast_cancer,svm_rbf,label+gaussian+missing,4,10,0.9074766046368328,0.02790948044727074,0.9157894736842105,0.0246879379321443,0.010855531692504859,0.9386207591564093,0.059342630697821974,0.061379240843590706
breast_cancer,svm_rbf,label+gaussian+missing,5,10,0.8530254198530297,0.08211870858194739,0.8654970760233918,0.07709052605569276,0.006542944908142059,0.8823008362651821,0.11379381548162504,0.11769916373481797
breast_cancer,svm_rbf,label+gaussian+outliers,0,10,0.9668192353346547,0.013581994831851699,0.9690058479532164,0.012648053175445071,0.0008191108703613101,1.0,0.0,0.0
breast_cancer,svm_rbf,label+gaussian+outliers,1,10,0.9555416448205116,0.020918680284015695,0.9590643274853801,0.019099335226379542,0.00708386898040767,0.9883353680791844,0.011277590514143121,0.011664631920815577
breast_cancer,svm_rbf,label+gaussian+outliers,2,10,0.9404063668999874,0.02025754604419242,0.9456140350877194,0.018087735999472967,0.00408546924591062,0.9726806548014895,0.02641286843466739,0.027319345198510498
breast_cancer,svm_rbf,label+gaussian+outliers,3,10,0.9202384578762745,0.031453724613015974,0.9286549707602338,0.0269823882619856,0.00505478382110595,0.9518205929754213,0.046580777458380296,0.04817940702457872
breast_cancer,svm_rbf,label+gaussian+outliers,4,10,0.8828767413236104,0.076508148268046,0.8970760233918128,0.06287569616709059,0.0074339389801025,0.9131766405309587,0.08394249401104437,0.0868233594690413
breast_cancer,svm_rbf,label+gaussian+outliers,5,10,0.7093570217925314,0.15521775179880762,0.7666666666666666,0.12277452461630481,0.00919134616851802,0.7337018088464019,0.2574622135421234,0.26629819115359804
breast_cancer,svm_rbf,label+gaussian+outliers+missing,0,10,0.9668192353346547,0.013581994831851699,0.9690058479532164,0.012648053175445071,0.0008191108703613101,1.0,0.0,0.0
breast_cancer,svm_rbf,label+gaussian+outliers+missing,1,10,0.9557150409732399,0.01533652722410266,0.9590643274853801,0.014056730118767973,0.00238916873931884,0.9885147151033138,0.011104194361414854,0.011485284896686244
breast_cancer,svm_rbf,label+gaussian+outliers+missing,2,10,0.9425113370216712,0.013526417093705327,0.9473684210526315,0.012016401565241676,0.00753712654113767,0.9748578664712131,0.024307898312983522,0.025142133528786886
breast_cancer,svm_rbf,label+gaussian+outliers+missing,3,10,0.9275089608274355,0.024615663157953976,0.9339181286549707,0.022062625835354253,0.00477962493896483,0.9593406160422404,0.039310274507219245,0.04065938395775958
breast_cancer,svm_rbf,label+gaussian+outliers+missing,4,10,0.8896096933907052,0.060278791242298575,0.902923976608187,0.04863147330842158,0.006622290611267049,0.9201406642295193,0.07720954194394958,0.07985933577048068
breast_cancer,svm_rbf,label+gaussian+outliers+missing,5,10,0.8097516626037166,0.10855935517752698,0.8339181286549706,0.08878281006621308,0.00537033081054683,0.8375419447705021,0.1570675727309382,0.16245805522949783
breast_cancer,svm_rbf,label+missing,0,10,0.9668192353346547,0.013581994831851699,0.9690058479532164,0.012648053175445071,0.0008191108703613101,1.0,0.0,0.0
breast_cancer,svm_rbf,label+missing,1,10,0.9622953490243118,0.014643222048717233,0.9649122807017545,0.013505269454728087,0.00511491298675535,0.9953208561176619,0.0045238863103429505,0.004679143882338101
breast_cancer,svm_rbf,label+missing,2,10,0.9550262365132998,0.018135183247686763,0.9578947368421054,0.016948978650514025,0.0034264564514159997,0.9878022712102196,0.011792998821354983,0.012197728789780394
breast_cancer,svm_rbf,label+missing,3,10,0.9343289077862513,0.028000348292366653,0.9385964912280702,0.026333832526522976,0.006392979621887179,0.966394620254781,0.03249032754840342,0.03360537974521909
breast_cancer,svm_rbf,label+missing,4,10,0.9152074336287951,0.02762763149371246,0.92046783625731,0.02661372033664873,0.00500814914703365,0.9466169064292616,0.05161180170585966,0.053383093570738435
breast_cancer,svm_rbf,label+missing,5,10,0.8021851108974426,0.07788620297784649,0.8198830409356725,0.058336407051209814,0.00805246829986569,0.8297157126996696,0.16463412443721215,0.17028428730033046
breast_cancer,svm_rbf,label+outliers,0,10,0.9668192353346547,0.013581994831851699,0.9690058479532164,0.012648053175445071,0.0008191108703613101,1.0,0.0,0.0
breast_cancer,svm_rbf,label+outliers,1,10,0.9582153358290622,0.01759069155156101,0.9614035087719298,0.01612169444688914,0.006238770484924281,0.9911008188592623,0.008603899505592594,0.00889918114073769
breast_cancer,svm_rbf,label+outliers,2,10,0.9488379254655277,0.013782567231415315,0.9532163742690057,0.012328567875900066,0.006540822982788059,0.9814015803451583,0.01798130986912705,0.018598419654841682
breast_cancer,svm_rbf,label+outliers,3,10,0.9381506360996748,0.029477671722827038,0.9438596491228071,0.025742805488061106,0.00352256298065184,0.9703475084201685,0.028668599234979997,0.02965249157983152
breast_cancer,svm_rbf,label+outliers,4,10,0.9044844755473342,0.04113516395921973,0.9134502923976608,0.03737406927471927,0.00607943534851071,0.9355259416557389,0.062334759787320504,0.06447405834426118
breast_cancer,svm_rbf,label+outliers,5,10,0.7611679986631092,0.13775201176399507,0.7929824561403509,0.11722516836655789,0.00490932464599606,0.7872909131763794,0.2056512366715455,0.21270908682362055
breast_cancer,svm_rbf,label+outliers+missing,0,10,0.9668192353346547,0.013581994831851699,0.9690058479532164,0.012648053175445071,0.0008191108703613101,1.0,0.0,0.0
breast_cancer,svm_rbf,label+outliers+missing,1,10,0.9550050251060164,0.017225304285600377,0.9584795321637427,0.015703808234793646,0.00842020511627193,0.9877803318377825,0.011814210228638378,0.012219668162217529
breast_cancer,svm_rbf,label+outliers+missing,2,10,0.9485212187786487,0.016278983757420408,0.9526315789473683,0.014704110850406354,0.00906631946563717,0.9810740044392349,0.018298016556006047,0.018925995560765164
breast_cancer,svm_rbf,label+outliers+missing,3,10,0.940840769670374,0.02189956685948221,0.9456140350877194,0.020078918958000923,0.008897423744201629,0.9731299660631094,0.025978465664280748,0.026870033936890553
breast_cancer,svm_rbf,label+outliers+missing,4,10,0.9104707813399546,0.032922001195394006,0.9187134502923977,0.02949208868739115,0.00838427543640133,0.941717694543804,0.05634845399470012,0.05828230545619593
breast_cancer,svm_rbf,label+outliers+missing,5,10,0.836990733431519,0.11359621473443253,0.8590643274853802,0.07612079530164446,0.00587182044982907,0.8657158472253638,0.12982850190313577,0.13428415277463623
breast_cancer,svm_rbf,missing,0,10,0.9668192353346547,0.013581994831851699,0.9690058479532164,0.012648053175445071,0.0008191108703613101,1.0,0.0,0.0
breast_cancer,svm_rbf,missing,1,10,0.9662286581655561,0.012633824887257668,0.968421052631579,0.011760704194150763,0.00389647483825682,0.9993891545104663,0.000590577169098605,0.0006108454895337107
breast_cancer,svm_rbf,missing,2,10,0.9568749603404794,0.013979843645624485,0.9596491228070174,0.013061883483626432,0.00422155857086179,0.9897144423375759,0.009944274994175384,0.010285557662424116
breast_cancer,svm_rbf,missing,3,10,0.953983755805695,0.018482332558703154,0.9567251461988304,0.017478761615173383,0.00477061271667477,0.9867240130731193,0.012835479528959692,0.013275986926880722
breast_cancer,svm_rbf,missing,4,10,0.9443206480031383,0.0220107867485806,0.9473684210526315,0.020994794569725146,0.0032444000244140404,0.9767292721232126,0.02249858733151644,0.02327072787678741
breast_cancer,svm_rbf,missing,5,10,0.9316211519386745,0.022520795055838563,0.9350877192982455,0.021610189554644162,0.0046654939651489,0.9635939355470138,0.035198083395980295,0.03640606445298622
breast_cancer,svm_rbf,outliers,0,10,0.9668192353346547,0.013581994831851699,0.9690058479532164,0.012648053175445071,0.0008191108703613101,1.0,0.0,0.0
breast_cancer,svm_rbf,outliers,1,10,0.9665499605237612,0.011667647676070128,0.9690058479532164,0.010694632923466035,0.00174245834350585,0.9997214838089146,0.00026927481089356053,0.0002785161910854554
breast_cancer,svm_rbf,outliers,2,10,0.9495832388983445,0.016510276196790876,0.9538011695906432,0.01496029930163736,0.0032793760299682393,0.9821724725715204,0.01723599643631024,0.017827527428479612
breast_cancer,svm_rbf,outliers,3,10,0.9469204483804858,0.013026867612194293,0.9514619883040936,0.011712139482105123,0.0071259021759033005,0.979418296381659,0.019898786954168912,0.02058170361834097
breast_cancer,svm_rbf,outliers,4,10,0.937474539526997,0.016925395604334995,0.9432748538011696,0.015111927831044324,0.00558593273162839,0.9696482085428303,0.02934469580765775,0.030351791457169736
breast_cancer,svm_rbf,outliers,5,10,0.9349999604413304,0.013025734514026943,0.9409356725146198,0.01151583273898005,0.00243155956268309,0.9670887031097282,0.03181927489332437,0.032911296890271786
breast_cancer,svm_rbf,outliers+missing,0,10,0.9668192353346547,0.013581994831851699,0.9690058479532164,0.012648053175445071,0.0008191108703613101,1.0,0.0,0.0
breast_cancer,svm_rbf,outliers+missing,1,10,0.958310847320844,0.01597452831547867,0.9614035087719298,0.014639363240170442,0.00360596179962156,0.9911996082588638,0.008508388013810708,0.008800391741136197
breast_cancer,svm_rbf,outliers+missing,2,10,0.9497562663011518,0.013424500922954153,0.9538011695906432,0.012157868327105385,0.00649449825286863,0.9823514381904114,0.017062969033502906,0.017648561809588667
breast_cancer,svm_rbf,outliers+missing,3,10,0.9431868169123211,0.01657632461379105,0.947953216374269,0.014960299301637336,0.00669672489166256,0.975556528502297,0.023632418422333656,0.024443471497703016
breast_cancer,svm_rbf,outliers+missing,4,10,0.9359777611526845,0.015136215595340091,0.9415204678362572,0.013783757917866428,0.00584797859191891,0.9681000614646493,0.030841474181970252,0.031899938535350704
breast_cancer,svm_rbf,outliers+missing,5,10,0.9341757369452696,0.016432375519986893,0.9397660818713451,0.014858353996225723,0.00539014339447017,0.9662361926652339,0.032643498389385184,0.03376380733476612
digits,decision_tree,clean,0,10,0.8419763329975476,0.007367852601394398,0.8420370370370371,0.007409978977492651,0.01694030761718745,1.0,0.0,0.0
digits,decision_tree,gaussian,0,10,0.8419763329975476,0.007367852601394398,0.8420370370370371,0.007409978977492651,0.01694030761718745,1.0,0.0,0.0
digits,decision_tree,gaussian,1,10,0.8282813033269255,0.013438987670851856,0.8290740740740741,0.013326758781450206,0.06739094257354732,0.9837346619686257,0.013695029670622083,0.0162653380313743
digits,decision_tree,gaussian,2,10,0.8204821255875802,0.017811059706239685,0.8211111111111112,0.01823235691268899,0.07278103828430169,0.9744717202044798,0.021494207409967436,0.025528279795520147
digits,decision_tree,gaussian,3,10,0.7245172505366407,0.02598176075663169,0.7272222222222222,0.02595603777480158,0.07191588878631586,0.8604959808754518,0.11745908246090686,0.1395040191245482
digits,decision_tree,gaussian,4,10,0.5888668422685448,0.026237044908625277,0.595,0.02866285424612354,0.07814781665801998,0.6993864544530611,0.2531094907290028,0.3006135455469388
digits,decision_tree,gaussian,5,10,0.4386674334859637,0.06492218231968833,0.45166666666666666,0.07334232185010006,0.08214468955993645,0.5209973443365675,0.4033088995115839,0.47900265566343253
digits,decision_tree,gaussian+missing,0,10,0.8419763329975476,0.007367852601394398,0.8420370370370371,0.007409978977492651,0.01694030761718745,1.0,0.0,0.0
digits,decision_tree,gaussian+missing,1,10,0.7987258970258199,0.031278827406347076,0.8009259259259259,0.030830228220172323,0.07002565860748287,0.9486322426454074,0.04325043597172773,0.051367757354592654
digits,decision_tree,gaussian+missing,2,10,0.7648587060275666,0.019142128928466683,0.767962962962963,0.018622138084150777,0.06917011737823484,0.9084087949415015,0.07711762696998103,0.09159120505849855
digits,decision_tree,gaussian+missing,3,10,0.6431944108332825,0.03353613975300909,0.6503703703703704,0.030338736912996142,0.07046272754669185,0.7639103210222371,0.19878192216426505,0.23608967897776295
digits,decision_tree,gaussian+missing,4,10,0.4747589307939001,0.04722513897056247,0.48648148148148146,0.050376194894422584,0.06744716167449945,0.5638625602499957,0.3672174022036475,0.43613743975000435
digits,decision_tree,gaussian+missing,5,10,0.2790132233653586,0.03373729010724971,0.2931481481481481,0.03538550297881692,0.07188143730163568,0.33137893837471,0.562963109632189,0.66862106162529
digits,decision_tree,gaussian+outliers,0,10,0.8419763329975476,0.007367852601394398,0.8420370370370371,0.007409978977492651,0.01694030761718745,1.0,0.0,0.0
digits,decision_tree,gaussian+outliers,1,10,0.8219059095408184,0.013999890968721057,0.8227777777777778,0.014050500074902104,0.06385416984558102,0.9761627225491294,0.02007042345672916,0.023837277450870602
digits,decision_tree,gaussian+outliers,2,10,0.7984845382781052,0.0213253608684054,0.7994444444444444,0.02056676741646862,0.06986105442047115,0.9483455852439393,0.04349179471944242,0.051654414756060724
digits,decision_tree,gaussian+outliers,3,10,0.6888747112362177,0.034457662880730176,0.6931481481481481,0.031098493424086972,0.06645927429199214,0.8181639842342506,0.1531016217613299,0.18183601576574937
digits,decision_tree,gaussian+outliers,4,10,0.4758803281955368,0.039576882128959094,0.48703703703703705,0.03512557219865876,0.06868350505828853,0.5651944235787953,0.3660960048020108,0.43480557642120465
digits,decision_tree,gaussian+outliers,5,10,0.32333505926468553,0.07505148922247122,0.3472222222222222,0.08169747839387886,0.06957769393920894,0.3840191779661665,0.5186412737328621,0.6159808220338334
digits,decision_tree,gaussian+outliers+missing,0,10,0.8419763329975476,0.007367852601394398,0.8420370370370371,0.007409978977492651,0.01694030761718745,1.0,0.0,0.0
digits,decision_tree,gaussian+outliers+missing,1,10,0.7977696820874493,0.014863104446647329,0.7992592592592593,0.014560575684832615,0.06747901439666744,0.9474965635284346,0.044206650910098344,0.05250343647156541
digits,decision_tree,gaussian+outliers+missing,2,10,0.736894790347135,0.024521684714037012,0.7409259259259259,0.02482141672513165,0.07253308296203609,0.8751965601262113,0.10508154265041258,0.12480343987378878
digits,decision_tree,gaussian+outliers+missing,3,10,0.5834649625383712,0.04115218857825169,0.5892592592592593,0.039301165614466095,0.06658070087432855,0.6929707399983066,0.2585113704591764,0.30702926000169334
digits,decision_tree,gaussian+outliers+missing,4,10,0.3896318856583262,0.059312907283957876,0.4024074074074074,0.06197512419430525,0.061560821533203094,0.46275871469116586,0.4523444473392214,0.5372412853088342
digits,decision_tree,gaussian+outliers+missing,5,10,0.2560782121458832,0.033739506493368855,0.2655555555555555,0.032584173996922636,0.05606722831726069,0.3041394420603377,0.5858981208516644,0.6958605579396623
digits,decision_tree,label,0,10,0.8419763329975476,0.007367852601394398,0.8420370370370371,0.007409978977492651,0.01694030761718745,1.0,0.0,0.0
digits,decision_tree,label,1,10,0.8011392112258552,0.014056992871703474,0.8005555555555557,0.013609676305215868,0.02009787559509273,0.9514984920938254,0.04083712177169241,0.048501507906174544
digits,decision_tree,label,2,10,0.7454216320939888,0.02389503857219652,0.7457407407407407,0.02339253707997386,0.02340812683105465,0.8853237352173413,0.09655470090355878,0.11467626478265869
digits,decision_tree,label,3,10,0.6641933698607952,0.01845645492213544,0.6642592592592592,0.018744505875948173,0.02570047378540034,0.788850403307868,0.17778296313675235,0.21114959669213193
digits,decision_tree,label,4,10,0.553099963323606,0.03702875086842605,0.5546296296296297,0.03641713738252825,0.02717468738555904,0.6569067818741373,0.2888763696739416,0.3430932181258627
digits,decision_tree,label,5,10,0.49677659919752565,0.018930939225628274,0.4981481481481481,0.018207260745373616,0.029408693313598577,0.5900125451613764,0.34519973380002195,0.4099874548386236
digits,decision_tree,label+gaussian,0,10,0.8419763329975476,0.007367852601394398,0.8420370370370371,0.007409978977492651,0.01694030761718745,1.0,0.0,0.0
digits,decision_tree,label+gaussian,1,10,0.8059436806426417,0.017084168772314258,0.8062962962962963,0.017111128925934443,0.07915942668914791,0.957204673168633,0.036032652354905936,0.04279532683136699
digits,decision_tree,label+gaussian,2,10,0.7802043610561423,0.015256019748928509,0.7816666666666666,0.014903285221034852,0.08299241065979,0.9266345507343552,0.06177197194140527,0.07336544926564484
digits,decision_tree,label+gaussian,3,10,0.6592258785682285,0.038263769292395965,0.6633333333333333,0.04017375764390499,0.07807335853576655,0.7829506041117531,0.18275045442931914,0.21704939588824693
digits,decision_tree,label+gaussian,4,10,0.4399514786779374,0.055266232333208806,0.44833333333333336,0.056118207051077895,0.08500287532806391,0.5225223814921872,0.4020248543196102,0.47747761850781284
digits,decision_tree,label+gaussian,5,10,0.2653802436823364,0.06243809213665591,0.2837037037037037,0.0699020587712136,0.09303913116455072,0.31518729598675,0.5765960893152111,0.6848127040132499
digits,decision_tree,label+gaussian+missing,0,10,0.8419763329975476,0.007367852601394398,0.8420370370370371,0.007409978977492651,0.01694030761718745,1.0,0.0,0.0
digits,decision_tree,label+gaussian+missing,1,10,0.7824226734271188,0.02529406587768463,0.7837037037037037,0.02519244630258707,0.07569372653961176,0.9292692000517284,0.059553659570428796,0.07073079994827154
digits,decision_tree,label+gaussian+missing,2,10,0.7325004237282651,0.025984261579473648,0.736111111111111,0.025017140900196844,0.07334485054016109,0.8699774506968222,0.10947590926928252,0.13002254930317786
digits,decision_tree,label+gaussian+missing,3,10,0.5644802000568575,0.04204165179395291,0.5716666666666667,0.04350910501462774,0.07379224300384518,0.6704228823715662,0.2774961329406901,0.3295771176284338
digits,decision_tree,label+gaussian+missing,4,10,0.3228288059572789,0.05102524222064979,0.33685185185185185,0.0511821090950636,0.07449753284454343,0.3834179101067669,0.5191475270402687,0.6165820898932332
digits,decision_tree,label+gaussian+missing,5,10,0.1939903394588748,0.03976119246764745,0.207037037037037,0.04245190577844435,0.07793295383453364,0.23039880321605172,0.6479859935386728,0.7696011967839483
digits,decision_tree,label+gaussian+outliers,0,10,0.8419763329975476,0.007367852601394398,0.8420370370370371,0.007409978977492651,0.01694030761718745,1.0,0.0,0.0
digits,decision_tree,label+gaussian+outliers,1,10,0.8053672621860816,0.014896168531372366,0.8055555555555556,0.014264469146038674,0.07601361274719233,0.9565200714358171,0.03660907081146603,0.04347992856418288
digits,decision_tree,label+gaussian+outliers,2,10,0.7608694544262832,0.025451337161690516,0.7635185185185185,0.02505975179214998,0.07704377174377437,0.9036708332614135,0.08110687857126442,0.09632916673858653
digits,decision_tree,label+gaussian+outliers,3,10,0.588104610349579,0.04629812645592239,0.5962962962962963,0.04562893484586748,0.0701855897903442,0.6984811654454092,0.25387172264796865,0.30151883455459083
digits,decision_tree,label+gaussian+outliers,4,10,0.36430723905292434,0.05950445028117159,0.3783333333333333,0.058097209740285864,0.07225780487060543,0.4326810918258737,0.47766909394462326,0.5673189081741262
digits,decision_tree,label+gaussian+outliers,5,10,0.1971545137750435,0.04259941800619061,0.22148148148148147,0.05114300907185899,0.0782347202301025,0.23415683558841524,0.6448218192225041,0.7658431644115848
digits,decision_tree,label+gaussian+outliers+missing,0,10,0.8419763329975476,0.007367852601394398,0.8420370370370371,0.007409978977492651,0.01694030761718745,1.0,0.0,0.0
digits,decision_tree,label+gaussian+outliers+missing,1,10,0.7720469239425569,0.021203217312810933,0.7737037037037038,0.020169227656167306,0.06889958381652828,0.9169461108175895,0.06992940905499068,0.0830538891824105
digits,decision_tree,label+gaussian+outliers+missing,2,10,0.701760602442111,0.02352831296560256,0.707037037037037,0.019300367650234865,0.06818144321441647,0.8334683232054161,0.14021573055543657,0.16653167679458394
digits,decision_tree,label+gaussian+outliers+missing,3,10,0.49438590870568355,0.06423595762528563,0.502962962962963,0.06187143919910718,0.06904513835906978,0.5871731654803218,0.34759042429186404,0.41282683451967817
digits,decision_tree,label+gaussian+outliers+missing,4,10,0.2708923495856207,0.034665702416506815,0.2844444444444444,0.03756009258233368,0.06341950893402094,0.321733924065547,0.5710839834119269,0.678266075934453
digits,decision_tree,label+gaussian+outliers+missing,5,10,0.16628013006951944,0.03886115399078982,0.17740740740740737,0.040183241310061006,0.06390480995178219,0.1974878907552426,0.6756962029280281,0.8025121092447574
digits,decision_tree,label+missing,0,10,0.8419763329975476,0.007367852601394398,0.8420370370370371,0.007409978977492651,0.01694030761718745,1.0,0.0,0.0
digits,decision_tree,label+missing,1,10,0.7861027612077136,0.026671380183150437,0.7874074074074074,0.02550809692406904,0.02157077789306636,0.9336399734765505,0.05587357178983399,0.06636002652344948
digits,decision_tree,label+missing,2,10,0.7218589681065831,0.019333065636081972,0.7233333333333334,0.018543193437549222,0.02823336124420161,0.8573387871089788,0.12011736489096447,0.14266121289102118
digits,decision_tree,label+missing,3,10,0.5897928423174685,0.02721090128108022,0.5909259259259259,0.026556844043561192,0.03373436927795405,0.700486247894555,0.25218349068007906,0.29951375210544495
digits,decision_tree,label+missing,4,10,0.45264358463499105,0.02822235701549973,0.4587037037037037,0.026594122862535183,0.03447732925415034,0.5375965652425404,0.38933274836255655,0.46240343475745954
digits,decision_tree,label+missing,5,10,0.38020642996960385,0.02721678977695617,0.38370370370370366,0.025343246442050937,0.03468279838562007,0.45156427214054634,0.46176990302794374,0.5484357278594536
digits,decision_tree,label+outliers,0,10,0.8419763329975476,0.007367852601394398,0.8420370370370371,0.007409978977492651,0.01694030761718745,1.0,0.0,0.0
digits,decision_tree,label+outliers,1,10,0.821553128736805,0.020442779561976508,0.8218518518518518,0.020282263629944765,0.02391674518585201,0.9757437311948742,0.020423204260742622,0.024256268805125793
digits,decision_tree,label+outliers,2,10,0.7888886273715529,0.011461278507865628,0.7892592592592592,0.01113851216655798,0.0241169929504394,0.936948696126653,0.05308770562599474,0.06305130387334695
digits,decision_tree,label+outliers,3,10,0.7308359015802373,0.02902679105150438,0.7327777777777778,0.02904581730859925,0.03019814491271968,0.8680005279701442,0.11114043141731034,0.1319994720298558
digits,decision_tree,label+outliers,4,10,0.6550656965566393,0.027411891587744267,0.6588888888888889,0.02725572530322029,0.0284354448318481,0.7780096314875246,0.18691063644090833,0.22199036851247544
digits,decision_tree,label+outliers,5,10,0.5817852675181275,0.03241092767080351,0.585,0.03261047489231537,0.03092582225799556,0.6909757967268447,0.26019106547942006,0.30902420327315533
digits,decision_tree,label+outliers+missing,0,10,0.8419763329975476,0.007367852601394398,0.8420370370370371,0.007409978977492651,0.01694030761718745,1.0,0.0,0.0
digits,decision_tree,label+outliers+missing,1,10,0.8082875459342009,0.02346613801064908,0.8096296296296297,0.022576058174148064,0.02781019210815424,0.9599884394096801,0.03368878706334666,0.0400115605903198
digits,decision_tree,label+outliers+missing,2,10,0.7353067821822659,0.020765959495172303,0.7385185185185186,0.020487876571761952,0.03133466243743892,0.8733105116677995,0.10666955081528173,0.12668948833220045
digits,decision_tree,label+outliers+missing,3,10,0.6332197645082596,0.02755757297260785,0.6392592592592592,0.026331339312024075,0.03224101066589352,0.7520636147264533,0.20875656848928803,0.24793638527354672
digits,decision_tree,label+outliers+missing,4,10,0.49359191440675065,0.04401113585231404,0.5012962962962962,0.046481522469773565,0.03346264362335201,0.5862301528708033,0.34838441859079694,0.4137698471291968
digits,decision_tree,label+outliers+missing,5,10,0.369667403620478,0.04638998685500436,0.37740740740740736,0.0466676464721754,0.032830929756164515,0.43904726193955235,0.4723089293770696,0.5609527380604477
digits,decision_tree,missing,0,10,0.8419763329975476,0.007367852601394398,0.8420370370370371,0.007409978977492651,0.01694030761718745,1.0,0.0,0.0
digits,decision_tree,missing,1,10,0.8275396904411026,0.017518639517510832,0.828888888888889,0.017199972352462328,0.021531677246093707,0.9828538618121859,0.014436642556444945,0.017146138187814117
digits,decision_tree,missing,2,10,0.8047132730547324,0.020148386798012303,0.8061111111111112,0.019850262512387574,0.02701022624969478,0.9557433404212755,0.0372630599428152,0.04425665957872445
digits,decision_tree,missing,3,10,0.7506356836469942,0.026278196812265574,0.7533333333333333,0.025147029921137695,0.02385959625244135,0.8915163695571245,0.09134064935055342,0.10848363044287548
digits,decision_tree,missing,4,10,0.7162468179987347,0.016194678475087265,0.7207407407407407,0.016968011899781397,0.028405904769897416,0.8506733383452726,0.1257295149988129,0.14932666165472744
digits,decision_tree,missing,5,10,0.6596227660428966,0.03788732255357024,0.665,0.03821630812063065,0.03014335632324213,0.7834219801577461,0.182353566954651,0.21657801984225383
digits,decision_tree,outliers,0,10,0.8419763329975476,0.007367852601394398,0.8420370370370371,0.007409978977492651,0.01694030761718745,1.0,0.0,0.0
digits,decision_tree,outliers,1,10,0.8426638073897577,0.015028086451380781,0.8429629629629629,0.015014091841267497,0.01757080554962153,1.0008165008507575,-0.0006874743922100635,-0.0008165008507573642
digits,decision_tree,outliers,2,10,0.8354497482236338,0.019212108019406936,0.8355555555555556,0.019300367650234868,0.024620771408081,0.9922484937899878,0.006526584773913768,0.007751506210012174
digits,decision_tree,outliers,3,10,0.8140188361257671,0.02199895790841991,0.8140740740740741,0.02200164879994613,0.02054159641265865,0.966795388687176,0.027957496871780507,0.03320461131282408
digits,decision_tree,outliers,4,10,0.8058435150533025,0.019482785783196652,0.807037037037037,0.019998475784016385,0.025383114814758252,0.9570857083172309,0.036132817944245055,0.042914291682769064
digits,decision_tree,outliers,5,10,0.7949495945996812,0.027444578825892817,0.7953703703703704,0.027815475106276688,0.030043482780456487,0.9441471968333778,0.04702673839786642,0.05585280316662225
digits,decision_tree,outliers+missing,0,10,0.8419763329975476,0.007367852601394398,0.8420370370370371,0.007409978977492651,0.01694030761718745,1.0,0.0,0.0
digits,decision_tree,outliers+missing,1,10,0.8271552882992521,0.01738602298937486,0.827962962962963,0.017534558817774812,0.02198514938354488,0.9823973143692405,0.014821044698295482,0.017602685630759472
digits,decision_tree,outliers+missing,2,10,0.7850705484960173,0.02490917294443687,0.7881481481481482,0.024132565852890774,0.02390065193176266,0.9324140331843556,0.05690578450153028,0.06758596681564448
digits,decision_tree,outliers+missing,3,10,0.7232255530148674,0.02574119205012787,0.7272222222222222,0.025749694981642302,0.026240587234497032,0.858961855186699,0.11875077998268024,0.141038144813301
digits,decision_tree,outliers+missing,4,10,0.6517833483750819,0.01934813806637403,0.6585185185185185,0.017873541798374172,0.02744014263153071,0.774111246161334,0.1901929846224657,0.225888753838666
digits,decision_tree,outliers+missing,5,10,0.591723386290369,0.043798114075802225,0.5975925925925927,0.04737468327872804,0.028144216537475536,0.7027791199115481,0.25025294670717857,0.29722088008845193
digits,logreg,clean,0,10,0.9696784893159294,0.005763548189157785,0.9696296296296296,0.005803782357305219,0.023533964157104438,1.0,0.0,0.0
digits,logreg,gaussian,0,10,0.9696784893159294,0.005763548189157785,0.9696296296296296,0.005803782357305219,0.023533964157104438,1.0,0.0,0.0
digits,logreg,gaussian,1,10,0.9639302407572897,0.005089278492961733,0.9638888888888889,0.005182980130786007,0.02451612949371332,0.994072005698822,0.005748248558639646,0.005927994301177922
digits,logreg,gaussian,2,10,0.9590282950668186,0.0046374938340721684,0.959074074074074,0.004656301769295414,0.02333314418792721,0.9890167778635328,0.010650194249110734,0.010983222136467144
digits,logreg,gaussian,3,10,0.946808823437005,0.010975627269344788,0.9466666666666667,0.011069882356276501,0.03610200881958003,0.9764152075859103,0.02286966587892436,0.023584792414089773
digits,logreg,gaussian,4,10,0.9254328758177974,0.006651037789630707,0.9251851851851851,0.0067732675181951425,0.023210167884826598,0.9543708414844332,0.04424561349813194,0.045629158515566856
digits,logreg,gaussian,5,10,0.9107678208069638,0.008135310710756693,0.9103703703703705,0.008382343307045913,0.01837456226348873,0.9392472152800618,0.058910668508965536,0.06075278471993818
digits,logreg,gaussian+missing,0,10,0.9696784893159294,0.005763548189157785,0.9696296296296296,0.005803782357305219,0.023533964157104438,1.0,0.0,0.0
digits,logreg,gaussian+missing,1,10,0.9571348287672429,0.008028085415562014,0.9572222222222223,0.007926752774070178,0.02706294059753414,0.9870641035282369,0.012543660548686497,0.012935896471763093
digits,logreg,gaussian+missing,2,10,0.951002019090312,0.008991916018079875,0.9512962962962963,0.008861841565929911,0.03418171405792231,0.9807395230157236,0.01867647022561736,0.01926047698427639
digits,logreg,gaussian+missing,3,10,0.9284352024865072,0.009804230313629744,0.928888888888889,0.00976792120733455,0.02800095081329343,0.9574670498687481,0.04124328682942213,0.04253295013125193
digits,logreg,gaussian+missing,4,10,0.9000158402093351,0.006376837526290308,0.9014814814814816,0.00616048145672824,0.01965041160583492,0.9281590239711942,0.06966264910659425,0.07184097602880575
digits,logreg,gaussian+missing,5,10,0.8722764760073236,0.010022262561493888,0.8744444444444444,0.009830137895009576,0.01733448505401606,0.8995522594532142,0.09740201330860576,0.10044774054678589
digits,logreg,gaussian+outliers,0,10,0.9696784893159294,0.005763548189157785,0.9696296296296296,0.005803782357305219,0.023533964157104438,1.0,0.0,0.0
digits,logreg,gaussian+outliers,1,10,0.9467148489888327,0.007873724935381684,0.9466666666666667,0.007991383867991255,0.03175027370452876,0.9763182945892751,0.022963640327096635,0.023681705410724944
digits,logreg,gaussian+outliers,2,10,0.9322284001719396,0.0073586419568795886,0.9322222222222223,0.0072619462567173245,0.02456331253051753,0.9613788595327001,0.03745008914398973,0.038621140467299954
digits,logreg,gaussian+outliers,3,10,0.9086560731295539,0.010600704091712317,0.9083333333333332,0.010736127858596336,0.02483170032501216,0.93706943398381,0.061022416186375494,0.06293056601619001
digits,logreg,gaussian+outliers,4,10,0.8889478506598397,0.010363879245044417,0.8896296296296295,0.010187990634951976,0.012797951698303162,0.916744942219929,0.08073063865608965,0.08325505778007099
digits,logreg,gaussian+outliers,5,10,0.8689176639125,0.01070904668156093,0.8694444444444445,0.010593211297364506,0.01124339103698725,0.8960884184669166,0.10076082540342934,0.10391158153308341
digits,logreg,gaussian+outliers+missing,0,10,0.9696784893159294,0.005763548189157785,0.9696296296296296,0.005803782357305219,0.023533964157104438,1.0,0.0,0.0
digits,logreg,gaussian+outliers+missing,1,10,0.9430290904545039,0.006695286474683995,0.9431481481481481,0.006764823798912316,0.030763387680053666,0.972517283661489,0.026649398861425477,0.027482716338510918
digits,logreg,gaussian+outliers+missing,2,10,0.9265709551320687,0.009410856439380704,0.9270370370370371,0.009164120276491656,0.027005767822265582,0.9555445081448889,0.04310753418386071,0.04445549185511107
digits,logreg,gaussian+outliers+missing,3,10,0.8911842615124556,0.010767359825130053,0.8922222222222222,0.010504714758608731,0.014099287986755329,0.9190512848657203,0.07849422780347382,0.08094871513427966
digits,logreg,gaussian+outliers+missing,4,10,0.8562780147717918,0.017598141551186865,0.8607407407407408,0.016162941085484567,0.014300322532653762,0.8830535318730879,0.1134004745441376,0.11694646812691209
digits,logreg,gaussian+outliers+missing,5,10,0.8206535515636098,0.021449737015649072,0.827962962962963,0.017963917500411524,0.013640022277831981,0.8463151040326253,0.14902493775231962,0.15368489596737464
digits,logreg,label,0,10,0.9696784893159294,0.005763548189157785,0.9696296296296296,0.005803782357305219,0.023533964157104438,1.0,0.0,0.0
digits,logreg,label,1,10,0.9263987573745543,0.010354097680743756,0.9266666666666667,0.010336511451325671,0.03338272571563715,0.9553669258231074,0.04327973194137502,0.044633074176892586
digits,logreg,label,2,10,0.9058416231723141,0.011212799930820819,0.9061111111111112,0.011009480333643762,0.03743703365325924,0.9341669771506949,0.06383686614361528,0.06583302284930515
digits,logreg,label,3,10,0.8929954013181011,0.009355496967422284,0.8937037037037037,0.009288021172248936,0.03638255596160885,0.9209190583861201,0.0766830879978283,0.07908094161387993
digits,logreg,label,4,10,0.866739021583798,0.011870000121982952,0.8675925925925926,0.01135701820553958,0.035681152343749974,0.8938416507467839,0.10293946773213136,0.10615834925321606
digits,logreg,label,5,10,0.8366952927332763,0.0159461549731512,0.837037037037037,0.01576190782074531,0.04279026985168452,0.8628584648954443,0.13298319658265312,0.13714153510455576
digits,logreg,label+gaussian,0,10,0.9696784893159294,0.005763548189157785,0.9696296296296296,0.005803782357305219,0.023533964157104438,1.0,0.0,0.0
digits,logreg,label+gaussian,1,10,0.9294254866436209,0.012516737025604956,0.9296296296296298,0.01246852461526179,0.03342375755310054,0.9584882998686447,0.04025300267230847,0.04151170013135529
digits,logreg,label+gaussian,2,10,0.9249600400237812,0.009762574520845642,0.9251851851851851,0.009767921207334574,0.027815914154052677,0.9538832202788211,0.04471844929214819,0.04611677972117884
digits,logreg,label+gaussian,3,10,0.9127379215264382,0.008688364182801684,0.9131481481481482,0.00857336076813167,0.02077407836914056,0.9412789203670378,0.05694056778949119,0.05872107963296222
digits,logreg,label+gaussian,4,10,0.8818355653819614,0.019924414554742278,0.882962962962963,0.01943807459842376,0.015009903907775828,0.909410258243495,0.08784292393396798,0.09058974175650504
digits,logreg,label+gaussian,5,10,0.8467524671817488,0.020352491180447817,0.8488888888888889,0.01987232529435812,0.01404290199279781,0.8732301237073948,0.12292602213418058,0.1267698762926051
digits,logreg,label+gaussian+missing,0,10,0.9696784893159294,0.005763548189157785,0.9696296296296296,0.005803782357305219,0.023533964157104438,1.0,0.0,0.0
digits,logreg,label+gaussian+missing,1,10,0.9339776390894301,0.012133127840394109,0.9340740740740741,0.012165349660320996,0.03349363803863522,0.9631827965456006,0.03570085022649927,0.03681720345439944
digits,logreg,label+gaussian+missing,2,10,0.9230195612619699,0.015332105904699404,0.9233333333333335,0.015250786732525676,0.026573371887206987,0.9518820634178701,0.046658928053959436,0.04811793658212992
digits,logreg,label+gaussian+missing,3,10,0.9110636600009894,0.014622811691726521,0.9116666666666667,0.014660981148495789,0.016700363159179648,0.9395523052632729,0.05861482931494,0.060447694736727106
digits,logreg,label+gaussian+missing,4,10,0.8587930637131155,0.015689556382133703,0.8625925925925927,0.014937761444201666,0.01728272438049313,0.885647225524164,0.11088542560281389,0.11435277447583607
digits,logreg,label+gaussian+missing,5,10,0.8102486975840222,0.028581625110388396,0.8172222222222223,0.026737018538749054,0.01394643783569333,0.8355848938709791,0.1594297917319072,0.1644151061290209
digits,logreg,label+gaussian+outliers,0,10,0.9696784893159294,0.005763548189157785,0.9696296296296296,0.005803782357305219,0.023533964157104438,1.0,0.0,0.0
digits,logreg,label+gaussian+outliers,1,10,0.9377433309946273,0.008443658254542583,0.9377777777777778,0.008694724376127904,0.025825190544128362,0.9670662403330911,0.031935158321302115,0.03293375966690891
digits,logreg,label+gaussian+outliers,2,10,0.9195599252861955,0.006121696374995483,0.9196296296296298,0.005997510025427744,0.01942451000213619,0.9483142458227669,0.050118564029733914,0.05168575417723314
digits,logreg,label+gaussian+outliers,3,10,0.8873395147157227,0.010176161625333961,0.8877777777777778,0.01011291230433204,0.012871074676513623,0.9150863141676024,0.08233897460020667,0.08491368583239753
digits,logreg,label+gaussian+outliers,4,10,0.8359573192035873,0.01387254988693095,0.8414814814814815,0.012102544131508611,0.0102786540985107,0.8620974151889487,0.13372117011234208,0.13790258481105133
digits,logreg,label+gaussian+outliers,5,10,0.7632827268630514,0.022390841273377426,0.7701851851851852,0.02014370714793932,0.01202857494354243,0.7871503135039304,0.20639576245287794,0.21284968649606958
digits,logreg,label+gaussian+outliers+missing,0,10,0.9696784893159294,0.005763548189157785,0.9696296296296296,0.005803782357305219,0.023533964157104438,1.0,0.0,0.0
digits,logreg,label+gaussian+outliers+missing,1,10,0.9348368965568508,0.009080923804400053,0.9349999999999999,0.009215948086400534,0.024417686462402298,0.9640689226965754,0.03484159275907861,0.03593107730342457
digits,logreg,label+gaussian+outliers+missing,2,10,0.9180744943493279,0.0079879608712671,0.9185185185185185,0.00785674201318387,0.017603087425231888,0.94678236597472,0.05160399496660151,0.05321763402527999
digits,logreg,label+gaussian+outliers+missing,3,10,0.8724268450074739,0.014715532057214651,0.874074074074074,0.014529138636962752,0.01533365249633783,0.8997073304399453,0.09725164430845545,0.10029266956005461
digits,logreg,label+gaussian+outliers+missing,4,10,0.7903524432428063,0.021916685310348332,0.8025925925925925,0.0188084302702352,0.013844847679138138,0.8150664905440661,0.17932604607312308,0.18493350945593384
digits,logreg,label+gaussian+outliers+missing,5,10,0.6870583972836967,0.047661427593742124,0.7027777777777777,0.04261718738812859,0.01238994598388668,0.7085424755254598,0.2826200920322327,0.29145752447454026
digits,logreg,label+missing,0,10,0.9696784893159294,0.005763548189157785,0.9696296296296296,0.005803782357305219,0.023533964157104438,1.0,0.0,0.0
digits,logreg,label+missing,1,10,0.9300091023908245,0.010696399409348726,0.9301851851851852,0.010764483478422513,0.038070940971374465,0.9590901650782311,0.03966938692510491,0.04090983492176889
digits,logreg,label+missing,2,10,0.9196221940561852,0.011933022123462398,0.9200000000000002,0.011541724338291632,0.03674507141113277,0.9483784617156383,0.0500562952597442,0.05162153828436163
digits,logreg,label+missing,3,10,0.9155092251551726,0.00942963242140924,0.915925925925926,0.009122446025635122,0.03944563865661617,0.9441368817008914,0.054169264160756736,0.05586311829910866
digits,logreg,label+missing,4,10,0.8941366590353443,0.013932585401996144,0.8948148148148147,0.013879969701289078,0.04227330684661862,0.9220960028371086,0.07554183028058503,0.07790399716289145
digits,logreg,label+missing,5,10,0.8731701091335161,0.013600811195295132,0.874074074074074,0.013268015592718972,0.04122571945190425,0.9004738361779107,0.09650838018241326,0.0995261638220893
digits,logreg,label+outliers,0,10,0.9696784893159294,0.005763548189157785,0.9696296296296296,0.005803782357305219,0.023533964157104438,1.0,0.0,0.0
digits,logreg,label+outliers,1,10,0.9351996175790335,0.009409352235522434,0.9351851851851853,0.009562921842487396,0.02923829555511469,0.9644429858795575,0.0344788717368959,0.03555701412044255
digits,logreg,label+outliers,2,10,0.9217112579981961,0.0073659426728371405,0.9218518518518518,0.0070812989628148745,0.02011148929595942,0.9505328499639377,0.04796723131773328,0.04946715003606227
digits,logreg,label+outliers,3,10,0.8954883801757265,0.01095586941772286,0.8959259259259259,0.010896416870921553,0.01961619853973384,0.9234899918296207,0.07419010914020285,0.07651000817037934
digits,logreg,label+outliers,4,10,0.8532211870026799,0.012253394821352572,0.8572222222222223,0.01095396416347436,0.012902617454528758,0.8799011181578282,0.11645730231324947,0.12009888184217181
digits,logreg,label+outliers,5,10,0.8020685965612457,0.023090959055521023,0.8075925925925926,0.02033198778220504,0.01216228008270257,0.8271490039209533,0.16760989275468363,0.1728509960790467
digits,logreg,label+outliers+missing,0,10,0.9696784893159294,0.005763548189157785,0.9696296296296296,0.005803782357305219,0.023533964157104438,1.0,0.0,0.0
digits,logreg,label+outliers+missing,1,10,0.9341277972460817,0.009319320393987513,0.9342592592592593,0.009290072187217465,0.026736855506896928,0.96333765009583,0.03555069206984762,0.03666234990417005
digits,logreg,label+outliers+missing,2,10,0.9177228193997001,0.006928825320894506,0.9181481481481482,0.006806937655353262,0.02040498256683346,0.9464196942711579,0.05195566991622924,0.0535803057288421
digits,logreg,label+outliers+missing,3,10,0.8815423013591701,0.015913822746662937,0.8827777777777778,0.015519505552157538,0.0154469728469848,0.9091078239562311,0.08813618795675926,0.09089217604376883
digits,logreg,label+outliers+missing,4,10,0.8136824633838998,0.020801695469062197,0.8233333333333333,0.015958909284502592,0.01581194400787349,0.8391260323387407,0.15599602593202955,0.16087396766125925
digits,logreg,label+outliers+missing,5,10,0.7361820015765772,0.0474659321325772,0.7498148148148148,0.03908387332509871,0.01457467079162592,0.7592021579192967,0.23349648773935217,0.24079784208070337
digits,logreg,missing,0,10,0.9696784893159294,0.005763548189157785,0.9696296296296296,0.005803782357305219,0.023533964157104438,1.0,0.0,0.0
digits,logreg,missing,1,10,0.9599566977316238,0.007304480107183508,0.96,0.007261946256717417,0.0267943382263183,0.9899742113582782,0.009721791584305528,0.010025788641721727
digits,logreg,missing,2,10,0.9590684119530941,0.006907638707741709,0.9592592592592591,0.006818124084683562,0.02176468372344966,0.9890581491909548,0.010610077362835257,0.01094185080904523
digits,logreg,missing,3,10,0.9541785342827129,0.0065699692181043256,0.9546296296296296,0.006488825938774251,0.03268177509307855,0.984015366738566,0.01549995503321644,0.01598463326143396
digits,logreg,missing,4,10,0.94187926887783,0.006227116052019698,0.9425925925925925,0.006295085819250335,0.032568264007568334,0.9713315075621501,0.027799220438099348,0.02866849243784981
digits,logreg,missing,5,10,0.9359696526144303,0.004985111608392337,0.937037037037037,0.0051645680650251454,0.029633021354675243,0.9652370996439456,0.033708836701499045,0.034762900356054435
digits,logreg,outliers,0,10,0.9696784893159294,0.005763548189157785,0.9696296296296296,0.005803782357305219,0.023533964157104438,1.0,0.0,0.0
digits,logreg,outliers,1,10,0.9493868392519496,0.007231319135410245,0.9492592592592592,0.0073661401926796415,0.028967666625976506,0.9790738370629477,0.020291650063979816,0.02092616293705225
digits,logreg,outliers,2,10,0.9352080110417228,0.006673779185657064,0.9351851851851853,0.006474128692408326,0.029717993736267063,0.9644516418029195,0.03447047827420657,0.03554835819708052
digits,logreg,outliers,3,10,0.9194214187458438,0.012659727447948287,0.9190740740740742,0.012890745337189419,0.02044510841369625,0.9481714082308457,0.05025707057008555,0.051828591769154296
digits,logreg,outliers,4,10,0.904147371353966,0.00733214294566975,0.9042592592592593,0.007254071380455589,0.02070286273956292,0.9324197466644918,0.06553111796196343,0.06758025333550824
digits,logreg,outliers,5,10,0.8923119393475908,0.008380866425717092,0.8929629629629631,0.008499710853362263,0.019254207611083922,0.9202142247963883,0.07736654996833858,0.07978577520361176
digits,logreg,outliers+missing,0,10,0.9696784893159294,0.005763548189157785,0.9696296296296296,0.005803782357305219,0.023533964157104438,1.0,0.0,0.0
digits,logreg,outliers+missing,1,10,0.9449190215454673,0.006332770813889381,0.945,0.006417972212627135,0.03072886466979975,0.9744663122434231,0.024759467770462118,0.025533687756576887
digits,logreg,outliers+missing,2,10,0.9251846270260758,0.007772276776169852,0.9257407407407408,0.0075828000686799756,0.026568126678466742,0.9541148300389315,0.044493862289853525,0.04588516996106846
digits,logreg,outliers+missing,3,10,0.8970791665334868,0.015738101884193036,0.8981481481481481,0.015345435672414885,0.0182332038879394,0.9251305215261003,0.07259932278244252,0.07486947847389967
digits,logreg,outliers+missing,4,10,0.8710651797233917,0.011016852402856927,0.8742592592592592,0.011194815029929538,0.016280436515808037,0.8983030863538022,0.09861330959253767,0.10169691364619786
digits,logreg,outliers+missing,5,10,0.843413281333589,0.018518068576376275,0.8488888888888889,0.01819051073194262,0.011542272567748969,0.8697865226737002,0.12626520798234042,0.13021347732629981
digits,random_forest,clean,0,10,0.9747434680222519,0.006268362469299289,0.9748148148148148,0.006246474390456038,0.23503794670104977,1.0,0.0,0.0
digits,random_forest,gaussian,0,10,0.9747434680222519,0.006268362469299289,0.9748148148148148,0.006246474390456038,0.23503794670104977,1.0,0.0,0.0
digits,random_forest,gaussian,1,10,0.9705981756891152,0.004309141135145773,0.9707407407407407,0.0041683809916380375,0.646395492553711,0.995747299192938,0.004145292333136652,0.004252700807062009
digits,random_forest,gaussian,2,10,0.9637818833533819,0.0049241652341327205,0.9638888888888889,0.00488005811754382,0.7033018589019775,0.9887543902283223,0.010961584668869984,0.011245609771677637
digits,random_forest,gaussian,3,10,0.9440599602679873,0.0042814184141394505,0.9444444444444444,0.004094598506611627,0.7193091154098511,0.9685214533250259,0.03068350775426454,0.03147854667497406
digits,random_forest,gaussian,4,10,0.9057970901683653,0.009579044890048218,0.9062962962962964,0.009650183825117436,0.753730297088623,0.9292671558048208,0.06894637785388658,0.0707328441951792
digits,random_forest,gaussian,5,10,0.8549735031313965,0.01321269742569321,0.8570370370370369,0.012764500765987993,0.8099781274795532,0.8771266812037553,0.11976996489085534,0.12287331879624473
digits,random_forest,gaussian+missing,0,10,0.9747434680222519,0.006268362469299289,0.9748148148148148,0.006246474390456038,0.23503794670104977,1.0,0.0,0.0
digits,random_forest,gaussian+missing,1,10,0.9634966600849504,0.007405112378449792,0.9637037037037037,0.007261946256717405,0.6543206453323365,0.9884617765532493,0.011246807937301484,0.011538223446750748
digits,random_forest,gaussian+missing,2,10,0.9490913906350167,0.008165741451817973,0.9496296296296297,0.007798326764125296,0.6494835615158081,0.9736832528467382,0.025652077387235184,0.026316747153261853
digits,random_forest,gaussian+missing,3,10,0.9173165598167212,0.012793919801499022,0.9185185185185185,0.01246852461526181,0.676758861541748,0.9410851058873475,0.05742690820553065,0.0589148941126525
digits,random_forest,gaussian+missing,4,10,0.8544967391110859,0.021298779155255573,0.8592592592592594,0.020602863294171162,0.677798843383789,0.8766375637734246,0.12024672891116595,0.12336243622657536
digits,random_forest,gaussian+missing,5,10,0.7447831555240584,0.031892880545183494,0.7577777777777778,0.02654751615943822,0.6914628982543946,0.7640811967021626,0.2299603124981935,0.23591880329783738
digits,random_forest,gaussian+outliers,0,10,0.9747434680222519,0.006268362469299289,0.9748148148148148,0.006246474390456038,0.23503794670104977,1.0,0.0,0.0
digits,random_forest,gaussian+outliers,1,10,0.9698702152609073,0.0058232583097555446,0.97,0.0057111276573928145,0.6533289670944213,0.9950004766164452,0.0048732527613445376,0.004999523383554788
digits,random_forest,gaussian+outliers,2,10,0.9600989991332207,0.0041030148531479745,0.9601851851851851,0.004117797550656277,0.6668377637863159,0.9849760789690187,0.014644468889031148,0.01502392103098129
digits,random_forest,gaussian+outliers,3,10,0.9265665101898701,0.007890295058081196,0.9272222222222222,0.007512119963741406,0.6872970581054687,0.9505747312878818,0.04817695783238174,0.049425268712118144
digits,random_forest,gaussian+outliers,4,10,0.8734087391696139,0.012696237849881402,0.8751851851851852,0.012626437210415417,0.7024219751358032,0.8960395917725456,0.10133472885263795,0.10396040822745439
digits,random_forest,gaussian+outliers,5,10,0.7799599309736566,0.010387540540504466,0.7875925925925926,0.009878472033878904,0.6907166957855224,0.800169435919576,0.1947835370485953,0.199830564080424
digits,random_forest,gaussian+outliers+missing,0,10,0.9747434680222519,0.006268362469299289,0.9748148148148148,0.006246474390456038,0.23503794670104977,1.0,0.0,0.0
digits,random_forest,gaussian+outliers+missing,1,10,0.9611133862352788,0.004684856470077328,0.9614814814814814,0.004434144443473579,0.6631787538528442,0.9860167498073842,0.013630081786973114,0.013983250192615766
digits,random_forest,gaussian+outliers+missing,2,10,0.9432937555484919,0.00435161980371838,0.9437037037037037,0.004468385449593593,0.6395056009292602,0.9677353955112198,0.03144971247375994,0.03226460448878021
digits,random_forest,gaussian+outliers+missing,3,10,0.8933352184198811,0.017148091516517815,0.8951851851851853,0.017310385428475197,0.6335977554321289,0.9164823850858446,0.08140824960237081,0.08351761491415542
digits,random_forest,gaussian+outliers+missing,4,10,0.8040401082833893,0.024635171000638723,0.8153703703703703,0.02113330001338825,0.600431752204895,0.824873553566644,0.17070335973886253,0.17512644643335598
digits,random_forest,gaussian+outliers+missing,5,10,0.6770496163694321,0.019296524152860026,0.6924074074074074,0.018486598003582905,0.5763610363006592,0.6945926170125164,0.2976938516528198,0.30540738298748354
digits,random_forest,label,0,10,0.9747434680222519,0.006268362469299289,0.9748148148148148,0.006246474390456038,0.23503794670104977,1.0,0.0,0.0
digits,random_forest,label,1,10,0.9717021519905235,0.003823302494206499,0.9718518518518519,0.0037851135103100625,0.26500511169433594,0.9968798805721681,0.003041316031728414,0.0031201194278318418
digits,random_forest,label,2,10,0.9704225608537984,0.006658930897041454,0.9705555555555556,0.006616754170795832,0.27973275184631347,0.9955671340099149,0.004320907168453458,0.004432865990085115
digits,random_forest,label,3,10,0.9702386006630697,0.007134561465087075,0.9703703703703704,0.0070920526500468754,0.3094462633132934,0.9953784072353697,0.0045048673591822075,0.00462159276463022
digits,random_forest,label,4,10,0.9554565912218622,0.008526266713666108,0.9555555555555555,0.008418630677151775,0.32821171283721917,0.9802133818454587,0.019286876800389652,0.019786618154541316
digits,random_forest,label,5,10,0.9332734409774821,0.009152611369739962,0.9333333333333333,0.008945294287771265,0.33554821014404296,0.9574554450424663,0.041470027044769764,0.04254455495753378
digits,random_forest,label+gaussian,0,10,0.9747434680222519,0.006268362469299289,0.9748148148148148,0.006246474390456038,0.23503794670104977,1.0,0.0,0.0
digits,random_forest,label+gaussian,1,10,0.9689734693809049,0.006433432597335723,0.969074074074074,0.006298111575646798,0.6700941324234009,0.9940804951962856,0.005769998641346974,0.0059195048037144204
digits,random_forest,label+gaussian,2,10,0.960992896206782,0.004710924997759848,0.961111111111111,0.0047814609212437935,0.7107702016830444,0.9858931377674479,0.013750571815469903,0.014106862232552041
digits,random_forest,label+gaussian,3,10,0.9271843478721555,0.011157441794820897,0.9277777777777778,0.010833289367150773,0.7529188632965088,0.951208577733182,0.047559120150096335,0.048791422266818034
digits,random_forest,label+gaussian,4,10,0.8455484117121372,0.02933000171781009,0.8492592592592592,0.028424568673110957,0.808969235420227,0.867457376685734,0.12919505631011463,0.13254262331426603
digits,random_forest,label+gaussian,5,10,0.6797909767080085,0.027219648996610498,0.6944444444444444,0.02519547115056611,0.8839359283447266,0.6974050086093934,0.2949524913142434,0.3025949913906067
digits,random_forest,label+gaussian+missing,0,10,0.9747434680222519,0.006268362469299289,0.9748148148148148,0.006246474390456038,0.23503794670104977,1.0,0.0,0.0
digits,random_forest,label+gaussian+missing,1,10,0.9570825250494405,0.006707703282760552,0.9572222222222223,0.006558914300809638,0.65204336643219,0.9818814451676754,0.0176609429728114,0.01811855483232459
digits,random_forest,label+gaussian+missing,2,10,0.9420230702961007,0.006624449759858546,0.9425925925925925,0.006415002990995858,0.6621151447296143,0.9664317855932488,0.03272039772615121,0.03356821440675122
digits,random_forest,label+gaussian+missing,3,10,0.8897393967040925,0.012823585913264877,0.8918518518518518,0.011751115095595833,0.6933385133743286,0.9127933922033538,0.08500407131815935,0.08720660779664628
digits,random_forest,label+gaussian+missing,4,10,0.7660684854681874,0.040880885689536135,0.7770370370370371,0.03595327964636432,0.7141197681427002,0.7859180498254944,0.20867498255406447,0.21408195017450554
digits,random_forest,label+gaussian+missing,5,10,0.5686288870264183,0.045308529755017674,0.5872222222222222,0.04143120483445353,0.7330386638641357,0.5833626032705432,0.40611458099583353,0.41663739672945677
digits,random_forest,label+gaussian+outliers,0,10,0.9747434680222519,0.006268362469299289,0.9748148148148148,0.006246474390456038,0.23503794670104977,1.0,0.0,0.0
digits,random_forest,label+gaussian+outliers,1,10,0.9658720491957664,0.006114781532343679,0.965925925925926,0.005997510025427682,0.6849134683609008,0.9908987142591624,0.008871418826485455,0.009101285740837541
digits,random_forest,label+gaussian+outliers,2,10,0.9543349248753309,0.008764640125994911,0.9544444444444444,0.008825217778104416,0.6905709028244018,0.9790626520551815,0.020408543146920977,0.020937347944818524
digits,random_forest,label+gaussian+outliers,3,10,0.9087662185726358,0.009787551590495257,0.9098148148148149,0.00936360952604263,0.7165124893188477,0.932313217154988,0.06597724944961603,0.06768678284501196
digits,random_forest,label+gaussian+outliers,4,10,0.7982565459751929,0.019099785584241486,0.803888888888889,0.016178257503552167,0.7431265592575074,0.8189401336485488,0.17648692204705896,0.1810598663514512
digits,random_forest,label+gaussian+outliers,5,10,0.5490884469775843,0.048316480763931004,0.5624074074074075,0.042749309109683636,0.7490127801895141,0.563315851802199,0.42565502104466757,0.43668414819780105
digits,random_forest,label+gaussian+outliers+missing,0,10,0.9747434680222519,0.006268362469299289,0.9748148148148148,0.006246474390456038,0.23503794670104977,1.0,0.0,0.0
digits,random_forest,label+gaussian+outliers+missing,1,10,0.956924738694395,0.005362530239778524,0.9572222222222223,0.005197662823461984,0.6496357679367065,0.9817195704178342,0.017818729327856886,0.01828042958216583
digits,random_forest,label+gaussian+outliers+missing,2,10,0.935962279163042,0.0058328441566089595,0.9362962962962962,0.006060709979572097,0.657662320137024,0.9602139535872996,0.03878118885920989,0.039786046412700435
digits,random_forest,label+gaussian+outliers+missing,3,10,0.8680443016581062,0.009630695745152634,0.8722222222222221,0.00859777054147169,0.6376731634140015,0.8905361565739572,0.10669916636414567,0.10946384342604273
digits,random_forest,label+gaussian+outliers+missing,4,10,0.7038522993624546,0.02309979235277013,0.7187037037037036,0.021194514334859513,0.6214607238769532,0.7220897830590918,0.27089116865979723,0.27791021694090823
digits,random_forest,label+gaussian+outliers+missing,5,10,0.4453804054483531,0.040543915597032985,0.47148148148148145,0.03380101720226688,0.6305159568786621,0.45692063610544326,0.5293630625738988,0.5430793638945567
digits,random_forest,label+missing,0,10,0.9747434680222519,0.006268362469299289,0.9748148148148148,0.006246474390456038,0.23503794670104977,1.0,0.0,0.0
digits,random_forest,label+missing,1,10,0.9635846484914271,0.006016113400421699,0.9637037037037037,0.005869068801977643,0.30922093391418454,0.9885520448231718,0.01115881953082476,0.011447955176828147
digits,random_forest,label+missing,2,10,0.9555528391272194,0.006554541987641416,0.9559259259259261,0.00634332473020499,0.3352286100387573,0.9803121236257473,0.019190628895032424,0.019687876374252688
digits,random_forest,label+missing,3,10,0.93949118636582,0.008260363483012992,0.9400000000000001,0.00805786117139786,0.3628174304962158,0.9638342981379926,0.035252281656431905,0.0361657018620074
digits,random_forest,label+missing,4,10,0.9121106514210572,0.014747707243964589,0.9137037037037038,0.014323116061504408,0.36946110725402825,0.9357443074450386,0.06263281660119469,0.06425569255496143
digits,random_forest,label+missing,5,10,0.8722635318323151,0.01732208856792571,0.875925925925926,0.015444439510119534,0.3689556837081909,0.8948647110220006,0.10247993618993678,0.10513528897799941
digits,random_forest,label+outliers,0,10,0.9747434680222519,0.006268362469299289,0.9748148148148148,0.006246474390456038,0.23503794670104977,1.0,0.0,0.0
digits,random_forest,label+outliers,1,10,0.9700932783825664,0.005861420236652245,0.9701851851851853,0.0058201726253447736,0.2859377861022949,0.9952293195161178,0.0046501896396854425,0.004770680483882233
digits,random_forest,label+outliers,2,10,0.9617025886646932,0.0067038987668680385,0.9618518518518518,0.006659804424326496,0.3095870494842529,0.9866212190331282,0.01304087935755871,0.013378780966871796
digits,random_forest,label+outliers,3,10,0.9534858045093534,0.008568668322143435,0.9537037037037036,0.008463771111606297,0.3455530881881713,0.9781915301714921,0.021257663512898484,0.02180846982850795
digits,random_forest,label+outliers,4,10,0.9471053475903733,0.013701034387821493,0.9474074074074073,0.013585857426901035,0.35587344169616697,0.9716457495345354,0.02763812043187852,0.02835425046546461
digits,random_forest,label+outliers,5,10,0.9217869060902009,0.007713967257150574,0.9225925925925926,0.007550066593294165,0.37166326045989984,0.9456712830920534,0.052956561932051005,0.054328716907946585
digits,random_forest,label+outliers+missing,0,10,0.9747434680222519,0.006268362469299289,0.9748148148148148,0.006246474390456038,0.23503794670104977,1.0,0.0,0.0
digits,random_forest,label+outliers+missing,1,10,0.9653579819119837,0.006635293858015889,0.9655555555555555,0.006602341707220242,0.2924542427062988,0.9903713270022612,0.009385486110268126,0.009628672997738796
digits,random_forest,label+outliers+missing,2,10,0.9536639891809529,0.0072759132748529826,0.953888888888889,0.007116189030594888,0.3491446733474731,0.9783743317777044,0.021079478841299015,0.021625668222295596
digits,random_forest,label+outliers+missing,3,10,0.9291090988108864,0.00834136377507191,0.9298148148148149,0.008256389174505,0.36450614929199215,0.9531832008026099,0.04563436921136543,0.04681679919739013
digits,random_forest,label+outliers+missing,4,10,0.8853002001722501,0.018592667503361603,0.8892592592592592,0.016877947506305578,0.38817794322967525,0.9082391718597699,0.08944326785000178,0.09176082814023016
digits,random_forest,label+outliers+missing,5,10,0.8168858596892085,0.022972291784953025,0.8235185185185185,0.020879350184729514,0.38028311729431147,0.8380521506306317,0.1578576083330434,0.1619478493693684
digits,random_forest,missing,0,10,0.9747434680222519,0.006268362469299289,0.9748148148148148,0.006246474390456038,0.23503794670104977,1.0,0.0,0.0
digits,random_forest,missing,1,10,0.9675122706064011,0.005659460433323889,0.9677777777777777,0.0055349411781382765,0.2817531824111938,0.9925814353693256,0.007231197415850765,0.007418564630674384
digits,random_forest,missing,2,10,0.9603278242291271,0.008302534033038756,0.9605555555555556,0.008144874014837447,0.31995613574981685,0.9852108331411812,0.014415643793124766,0.014789166858818776
digits,random_forest,missing,3,10,0.9520512000137135,0.007383081169531862,0.9524074074074074,0.007306410236506344,0.32754635810852045,0.9767197537065,0.022692268008538408,0.023280246293500045
digits,random_forest,missing,4,10,0.9399533202774638,0.007352580105169237,0.9407407407407407,0.007251444521278253,0.334304141998291,0.9643084063796016,0.03479014774478806,0.03569159362039844
digits,random_forest,missing,5,10,0.9224924875441058,0.010246744564681897,0.924074074074074,0.009442628728875557,0.3297295570373535,0.9463951468336967,0.052250980478146025,0.05360485316630326
digits,random_forest,outliers,0,10,0.9747434680222519,0.006268362469299289,0.9748148148148148,0.006246474390456038,0.23503794670104977,1.0,0.0,0.0
digits,random_forest,outliers,1,10,0.9720848566540166,0.0055247092576433425,0.9722222222222221,0.005451704238473961,0.2604591369628906,0.9972725014781277,0.0026586113682353085,0.0027274985218722356
digits,random_forest,outliers,2,10,0.9655143070844519,0.005789661002372282,0.9655555555555555,0.005803782357305314,0.27681407928466795,0.9905317027088923,0.009229160937800018,0.009468297291107706
digits,random_forest,outliers,3,10,0.9669370686475073,0.005265993829639096,0.9670370370370371,0.005223258222544736,0.29140923023223875,0.9919913293796329,0.007806399374744588,0.008008670620367142
digits,random_forest,outliers,4,10,0.9600046470894694,0.007824664152714683,0.9601851851851851,0.007771406365440845,0.31832067966461175,0.9848792821739165,0.014738820932782448,0.015120717826083431
digits,random_forest,outliers,5,10,0.9546733342319931,0.006351578287548556,0.9548148148148148,0.006307180135528256,0.3244304895401001,0.9794098299207062,0.020070133790258793,0.020590170079293747
digits,random_forest,outliers+missing,0,10,0.9747434680222519,0.006268362469299289,0.9748148148148148,0.006246474390456038,0.23503794670104977,1.0,0.0,0.0
digits,random_forest,outliers+missing,1,10,0.9662588063731798,0.0059786837910832955,0.9664814814814815,0.0058201726253447475,0.2833744525909424,0.9912954926835392,0.008484661649072023,0.008704507316460757
digits,random_forest,outliers+missing,2,10,0.9531035770517455,0.007540534374640291,0.9533333333333334,0.00744844598962876,0.3133836269378662,0.9777993988362769,0.021639890970506337,0.022200601163723143
digits,random_forest,outliers+missing,3,10,0.9396189809771925,0.009220456728820577,0.9400000000000001,0.00924690533880194,0.3342475652694702,0.9639654040295067,0.03512448704505933,0.03603459597049333
digits,random_forest,outliers+missing,4,10,0.9235607720257504,0.011331996035627526,0.9251851851851851,0.010482928254495734,0.3404504776000976,0.9474911115841065,0.05118269599650149,0.05250888841589352
digits,random_forest,outliers+missing,5,10,0.8879699757180946,0.01393755181020259,0.8912962962962963,0.012682143457973276,0.355297327041626,0.9109781238337301,0.08677349230415732,0.08902187616626984
digits,svm_rbf,clean,0,10,0.9812623108834918,0.005225503333062793,0.9812962962962963,0.005197662823461946,0.02895739078521723,1.0,0.0,0.0
digits,svm_rbf,gaussian,0,10,0.9812623108834918,0.005225503333062793,0.9812962962962963,0.005197662823461946,0.02895739078521723,1.0,0.0,0.0
digits,svm_rbf,gaussian,1,10,0.9803316415756516,0.006490878250108712,0.9803703703703703,0.006485889153858604,0.031711483001708916,0.9990515591014575,0.0009306693078402484,0.0009484408985425198
digits,svm_rbf,gaussian,2,10,0.9750810267040061,0.006065533509792712,0.9751851851851852,0.005997510025427704,0.0392734050750732,0.9937006811421094,0.006181284179485713,0.006299318857890625
digits,svm_rbf,gaussian,3,10,0.95874178643737,0.008805250138853431,0.9588888888888889,0.008720979265407124,0.05657045841217036,0.9770494350018954,0.022520524446121848,0.022950564998104547
digits,svm_rbf,gaussian,4,10,0.9289076431742951,0.009789591940944626,0.9288888888888888,0.009999237892008152,0.06444118022918695,0.9466455940185264,0.05235466770919672,0.05335440598147354
digits,svm_rbf,gaussian,5,10,0.8876080901834312,0.023693186990841556,0.8874074074074073,0.023615447838637706,0.07748618125915521,0.9045574056383172,0.09365422070006058,0.09544259436168279
digits,svm_rbf,gaussian+missing,0,10,0.9812623108834918,0.005225503333062793,0.9812962962962963,0.005197662823461946,0.02895739078521723,1.0,0.0,0.0
digits,svm_rbf,gaussian+missing,1,10,0.975515438173794,0.004756647821030758,0.9755555555555555,0.00476549606558485,0.035576319694519,0.9941433879137542,0.005746872709697759,0.0058566120862458175
digits,svm_rbf,gaussian+missing,2,10,0.9617587395765519,0.008231812474660611,0.962037037037037,0.008200821145423708,0.04912776947021482,0.9801239983533255,0.019503571306939915,0.019876001646674506
digits,svm_rbf,gaussian+missing,3,10,0.9415453208434504,0.007773535658431903,0.9422222222222223,0.0075500665932941085,0.06363489627838129,0.9595245943928269,0.03971699004004137,0.04047540560717315
digits,svm_rbf,gaussian+missing,4,10,0.9079407315755244,0.012075957899538078,0.909074074074074,0.011694232246070134,0.07877078056335445,0.9252783088734434,0.07332157930796745,0.07472169112655662
digits,svm_rbf,gaussian+missing,5,10,0.8736311119655765,0.01545995412218545,0.8764814814814814,0.014608908594887955,0.08217573165893549,0.8903135301089795,0.10763119891791528,0.10968646989102046
digits,svm_rbf,gaussian+outliers,0,10,0.9812623108834918,0.005225503333062793,0.9812962962962963,0.005197662823461946,0.02895739078521723,1.0,0.0,0.0
digits,svm_rbf,gaussian+outliers,1,10,0.968815369971838,0.007634776679789794,0.9688888888888888,0.007699983273833455,0.042227315902709936,0.9873153785959159,0.01244694091165377,0.012684621404084103
digits,svm_rbf,gaussian+outliers,2,10,0.947420518213052,0.006545036305278564,0.9474074074074073,0.006602341707220205,0.057181882858276335,0.9655119815618212,0.03384179267043985,0.03448801843817885
digits,svm_rbf,gaussian+outliers,3,10,0.8993527263359496,0.02207121600421416,0.8988888888888888,0.022396436453103366,0.08026771545410152,0.9165263114265605,0.08190958454754216,0.0834736885734395
digits,svm_rbf,gaussian+outliers,4,10,0.8475321032678101,0.034404108118558055,0.8494444444444446,0.030554620262528046,0.08542225360870356,0.8637161479326807,0.13373020761568166,0.13628385206731927
digits,svm_rbf,gaussian+outliers,5,10,0.7792430773017796,0.05673100962305781,0.7846296296296297,0.05210878436225737,0.09291455745697016,0.79412310924301,0.20201923358171225,0.20587689075699006
digits,svm_rbf,gaussian+outliers+missing,0,10,0.9812623108834918,0.005225503333062793,0.9812962962962963,0.005197662823461946,0.02895739078521723,1.0,0.0,0.0
digits,svm_rbf,gaussian+outliers+missing,1,10,0.9635030922807735,0.007906746976689933,0.9637037037037037,0.00791472613571585,0.0487195491790771,0.981901660335116,0.01775921860271834,0.018098339664883903
digits,svm_rbf,gaussian+outliers+missing,2,10,0.9441412343416008,0.010394086575460123,0.9444444444444444,0.010292180247242655,0.07357628345489498,0.9621700781430517,0.03712107654189101,0.0378299218569483
digits,svm_rbf,gaussian+outliers+missing,3,10,0.8971584965218611,0.020207591322292263,0.8981481481481481,0.019343752612336295,0.08064613342285151,0.9142901817090001,0.08410381436163072,0.08570981829099988
digits,svm_rbf,gaussian+outliers+missing,4,10,0.8409873101930918,0.025975859483451377,0.8433333333333334,0.024539657442188802,0.0839246034622192,0.8570463787974271,0.1402750006904,0.14295362120257288
digits,svm_rbf,gaussian+outliers+missing,5,10,0.7685915206823128,0.06058307836143601,0.7785185185185185,0.0501423062532109,0.08623025417327879,0.7832681558820922,0.21267079020117896,0.21673184411790783
digits,svm_rbf,label,0,10,0.9812623108834918,0.005225503333062793,0.9812962962962963,0.005197662823461946,0.02895739078521723,1.0,0.0,0.0
digits,svm_rbf,label,1,10,0.9801605788423517,0.006989025703516923,0.9801851851851853,0.006986498181195542,0.03514502048492427,0.9988772298406651,0.0011017320411400577,0.0011227701593349688
digits,svm_rbf,label,2,10,0.9762523173537792,0.00648970519871601,0.9762962962962962,0.006521043282095906,0.04125959873199459,0.99489433816611,0.005009993529712653,0.005105661833890107
digits,svm_rbf,label,3,10,0.9708742411791114,0.006423456917745881,0.9709259259259259,0.006477070809666477,0.052727079391479435,0.9894135649671214,0.010388069704380443,0.010586435032878634
digits,svm_rbf,label,4,10,0.9680103193137715,0.006886640547976939,0.9681481481481482,0.006917988012899672,0.06207199096679683,0.98649495509739,0.013251991569720345,0.013505044902609934
digits,svm_rbf,label,5,10,0.955697648214878,0.007593023305526322,0.9557407407407407,0.007732082108702137,0.06573746204376217,0.973947167454545,0.02556466266861379,0.026052832545454974
digits,svm_rbf,label+gaussian,0,10,0.9812623108834918,0.005225503333062793,0.9812962962962963,0.005197662823461946,0.02895739078521723,1.0,0.0,0.0
digits,svm_rbf,label+gaussian,1,10,0.9797758128010792,0.006630548714824327,0.9798148148148147,0.006616754170795837,0.04270455837249751,0.9984851165015456,0.001486498082412635,0.001514883498454402
digits,svm_rbf,label+gaussian,2,10,0.9703775353907108,0.006905955797851886,0.9705555555555556,0.0068432266923040205,0.0485153198242187,0.9889073743360419,0.010884775492780996,0.011092625663958041
digits,svm_rbf,label+gaussian,3,10,0.9435963505709086,0.011292086024280603,0.9437037037037037,0.011455566132999598,0.0648138046264648,0.9616147895472821,0.03766596031258318,0.03838521045271795
digits,svm_rbf,label+gaussian,4,10,0.8948502060058307,0.018152538952564395,0.8949999999999999,0.018250112484594457,0.07804977893829342,0.9119378132439847,0.08641210487766116,0.08806218675601525
digits,svm_rbf,label+gaussian,5,10,0.8090491036669883,0.022344055269723096,0.8112962962962962,0.0244034136250526,0.0890975952148437,0.8244982964224427,0.17221320721650346,0.17550170357755732
digits,svm_rbf,label+gaussian+missing,0,10,0.9812623108834918,0.005225503333062793,0.9812962962962963,0.005197662823461946,0.02895739078521723,1.0,0.0,0.0
digits,svm_rbf,label+gaussian+missing,1,10,0.9747376697321647,0.00536657446096794,0.9748148148148148,0.005395499600842476,0.03861317634582513,0.993350767599081,0.006524641151327115,0.006649232400918948
digits,svm_rbf,label+gaussian+missing,2,10,0.958741510821411,0.008425100109470205,0.959074074074074,0.008393699962175398,0.05150346755981441,0.9770491541229135,0.022520800062080792,0.022950845877086533
digits,svm_rbf,label+gaussian+missing,3,10,0.9334148527302863,0.010642917774548857,0.9338888888888889,0.010586014821467777,0.07105150222778316,0.9512388709700617,0.04784745815320546,0.048761129029938385
digits,svm_rbf,label+gaussian+missing,4,10,0.8700320518372686,0.011495596457859516,0.8724074074074075,0.011228800581794814,0.08138678073883053,0.886645744147581,0.11123025904622319,0.11335425585241894
digits,svm_rbf,label+gaussian+missing,5,10,0.8012992334872753,0.03704534969487457,0.8062962962962963,0.03524685952732013,0.08276283740997312,0.8166004386388951,0.17996307739621653,0.18339956136110488
digits,svm_rbf,label+gaussian+outliers,0,10,0.9812623108834918,0.005225503333062793,0.9812962962962963,0.005197662823461946,0.02895739078521723,1.0,0.0,0.0
digits,svm_rbf,label+gaussian+outliers,1,10,0.9659981693762294,0.010094854581125766,0.9661111111111111,0.010069488789458188,0.049879407882690394,0.9844443821616677,0.015264141507262408,0.015555617838332288
digits,svm_rbf,label+gaussian+outliers,2,10,0.9430406918192716,0.00923897756367873,0.9429629629629629,0.009394080187529302,0.07261283397674555,0.9610485202169776,0.03822161906422017,0.038951479783022394
digits,svm_rbf,label+gaussian+outliers,3,10,0.8801707514139527,0.0266045006566689,0.8799999999999999,0.0271857346240212,0.08181314468383785,0.8969780472068473,0.10109155946953907,0.10302195279315275
digits,svm_rbf,label+gaussian+outliers,4,10,0.7622336376096401,0.054632850740320815,0.7722222222222223,0.0546566509164905,0.08437755107879637,0.7767888658878109,0.21902867327385167,0.2232111341121891
digits,svm_rbf,label+gaussian+outliers,5,10,0.5856409584280343,0.04796127097684706,0.6068518518518519,0.04141832714514814,0.09212434291839594,0.596824062162079,0.3956213524554575,0.4031759378379211
digits,svm_rbf,label+gaussian+outliers+missing,0,10,0.9812623108834918,0.005225503333062793,0.9812962962962963,0.005197662823461946,0.02895739078521723,1.0,0.0,0.0
digits,svm_rbf,label+gaussian+outliers+missing,1,10,0.9620007467892332,0.007843652650192066,0.9622222222222222,0.007817847011845716,0.04993169307708736,0.9803706268134194,0.01926156409425861,0.01962937318658068
digits,svm_rbf,label+gaussian+outliers+missing,2,10,0.9330472782574581,0.008509916121790355,0.9331481481481481,0.008573360768131626,0.07109148502349852,0.9508642774808882,0.04821503262603366,0.04913572251911179
digits,svm_rbf,label+gaussian+outliers+missing,3,10,0.8831351239818295,0.014418593355163932,0.884074074074074,0.014296488196754664,0.07964673042297357,0.899999025934959,0.09812718690166233,0.10000097406504108
digits,svm_rbf,label+gaussian+outliers+missing,4,10,0.7549824311989923,0.035688454315747825,0.7677777777777778,0.03279399054989431,0.0863157749176025,0.7693991941046165,0.22627987968449947,0.23060080589538343
digits,svm_rbf,label+gaussian+outliers+missing,5,10,0.5719125789488765,0.09577785752324174,0.597037037037037,0.0860627546866024,0.08629333972930905,0.5828335324872997,0.4093497319346153,0.4171664675127002
digits,svm_rbf,label+missing,0,10,0.9812623108834918,0.005225503333062793,0.9812962962962963,0.005197662823461946,0.02895739078521723,1.0,0.0,0.0
digits,svm_rbf,label+missing,1,10,0.9760458337514357,0.004943590503043511,0.9761111111111112,0.004972872607684645,0.042718791961669875,0.9946839116572618,0.005216477132056085,0.005316088342738207
digits,svm_rbf,label+missing,2,10,0.9602378683091892,0.007922753309550069,0.9603703703703704,0.008010433677781913,0.052468228340148894,0.9785740852969549,0.021024442574302582,0.021425914703045064
digits,svm_rbf,label+missing,3,10,0.9500525831173384,0.006450068556061889,0.9503703703703703,0.006403112335748096,0.0608295917510986,0.9681943070471613,0.031209727766153383,0.03180569295283879
digits,svm_rbf,label+missing,4,10,0.9192683510011144,0.010170760813294212,0.9199999999999999,0.01035860590785339,0.06815967559814448,0.936822234794119,0.061993959882377436,0.06317776520588098
digits,svm_rbf,label+missing,5,10,0.8774942051799496,0.023961834700803555,0.8783333333333333,0.023651724128697694,0.07630043029785152,0.894250390998801,0.10376810570354222,0.105749609001199
digits,svm_rbf,label+outliers,0,10,0.9812623108834918,0.005225503333062793,0.9812962962962963,0.005197662823461946,0.02895739078521723,1.0,0.0,0.0
digits,svm_rbf,label+outliers,1,10,0.9676180605315903,0.010625828067860747,0.9677777777777777,0.010519214026736225,0.05155274868011471,0.9860952059397687,0.013644250351901532,0.013904794060231214
digits,svm_rbf,label+outliers,2,10,0.9499632210620549,0.010012606524041163,0.95,0.009991613614962171,0.07197968959808346,0.9681032385792374,0.03129908982143692,0.0318967614207626
digits,svm_rbf,label+outliers,3,10,0.9086244954819345,0.019183466460855215,0.9087037037037037,0.019186511862863492,0.09125952720642086,0.9259751295898067,0.07263781540155734,0.07402487041019334
digits,svm_rbf,label+outliers,4,10,0.831648360853424,0.03328263288022675,0.835925925925926,0.033506636822756126,0.08943252563476559,0.8475290976014751,0.14961395003006783,0.15247090239852484
digits,svm_rbf,label+outliers,5,10,0.7407795466102447,0.04830877542655393,0.7422222222222222,0.047428943153749514,0.08912887573242181,0.7549250984105101,0.2404827642732471,0.2450749015894898
digits,svm_rbf,label+outliers+missing,0,10,0.9812623108834918,0.005225503333062793,0.9812962962962963,0.005197662823461946,0.02895739078521723,1.0,0.0,0.0
digits,svm_rbf,label+outliers+missing,1,10,0.9629706852834907,0.0076960668509737234,0.9631481481481481,0.007682643736652901,0.05086319446563716,0.9813590867629146,0.018291625600001082,0.01864091323708539
digits,svm_rbf,label+outliers+missing,2,10,0.9372290467166277,0.007447192503635515,0.9374074074074074,0.007397112187133449,0.06971998214721677,0.9551258988769086,0.04403326416686415,0.04487410112309139
digits,svm_rbf,label+outliers+missing,3,10,0.8979833208679109,0.01636809317441062,0.8987037037037038,0.016402803839114903,0.07823226451873776,0.9151307564838604,0.08327899001558092,0.08486924351613957
digits,svm_rbf,label+outliers+missing,4,10,0.8265988815455947,0.03311301954742292,0.8327777777777777,0.030765892828922375,0.08647384643554683,0.8423831959890073,0.15466342933789712,0.1576168040109927
digits,svm_rbf,label+outliers+missing,5,10,0.7176259413718556,0.05609203324943072,0.7318518518518518,0.05093845711892396,0.08754327297210687,0.7313293636293156,0.26363636951163616,0.26867063637068445
digits,svm_rbf,missing,0,10,0.9812623108834918,0.005225503333062793,0.9812962962962963,0.005197662823461946,0.02895739078521723,1.0,0.0,0.0
digits,svm_rbf,missing,1,10,0.9767494075525647,0.005033414657001576,0.9768518518518519,0.005033798280956826,0.03476603031158443,0.9954009205480807,0.004512903330927132,0.004599079451919317
digits,svm_rbf,missing,2,10,0.9681939091493572,0.008738779098163849,0.9683333333333334,0.008661793853659784,0.039458417892456,0.986682050671682,0.013068401734134594,0.013317949328318026
digits,svm_rbf,missing,3,10,0.9571379783761411,0.009670810875862822,0.9574074074074075,0.00968172045762847,0.04216873645782466,0.9754150014325629,0.024124332507350688,0.024584998567437125
digits,svm_rbf,missing,4,10,0.9399399920230017,0.010155479035350615,0.9403703703703703,0.010097829652680738,0.046959066390991164,0.957888611024625,0.04132231886049009,0.04211138897537502
digits,svm_rbf,missing,5,10,0.9161156276275968,0.013304327054417591,0.9174074074074074,0.012596223151293537,0.05057837963104245,0.9336093086085826,0.06514668325589501,0.06639069139141743
digits,svm_rbf,outliers,0,10,0.9812623108834918,0.005225503333062793,0.9812962962962963,0.005197662823461946,0.02895739078521723,1.0,0.0,0.0
digits,svm_rbf,outliers,1,10,0.9710408774208842,0.007573161293267052,0.971111111111111,0.007570227020620188,0.043781518936157185,0.989583383210342,0.010221433462607621,0.010416616789658033
digits,svm_rbf,outliers,2,10,0.9525765523758647,0.007731764249172752,0.9525925925925925,0.007719752197957294,0.06329529285430903,0.9707664727469258,0.028685758507627113,0.029233527253074185
digits,svm_rbf,outliers,3,10,0.9246330744395719,0.015337245402038222,0.9244444444444444,0.015290710326312129,0.07669348716735835,0.9422894002797957,0.05662923644391993,0.05771059972020436
digits,svm_rbf,outliers,4,10,0.895406315846661,0.017628225349373687,0.8946296296296297,0.01842465926121665,0.091191816329956,0.9125045422772537,0.08585599503683083,0.08749545772274624
digits,svm_rbf,outliers,5,10,0.8649482938637261,0.016481747759289515,0.8640740740740741,0.016614000005706196,0.08835372924804684,0.8814649093013254,0.11631401701976574,0.1185350906986746
digits,svm_rbf,outliers+missing,0,10,0.9812623108834918,0.005225503333062793,0.9812962962962963,0.005197662823461946,0.02895739078521723,1.0,0.0,0.0
digits,svm_rbf,outliers+missing,1,10,0.9665288752584825,0.006189351327322201,0.9666666666666666,0.006172839506172816,0.050141954421997016,0.9849852221352068,0.014733435625009283,0.015014777864793208
digits,svm_rbf,outliers+missing,2,10,0.9465745183820253,0.009089552907809282,0.9468518518518518,0.008989909498642482,0.06156659126281735,0.9646498269456258,0.034687792501466475,0.0353501730543741
digits,svm_rbf,outliers+missing,3,10,0.9125540039376379,0.016402079014279917,0.9133333333333333,0.016162941085484567,0.08021171092987056,0.9299796739528378,0.06870830694585395,0.07002032604716221
digits,svm_rbf,outliers+missing,4,10,0.8811245209134345,0.022630441336403358,0.8825925925925926,0.022036258934286682,0.0828525304794311,0.8979500294066151,0.10013778997005729,0.10204997059338494
digits,svm_rbf,outliers+missing,5,10,0.8485366488334494,0.03770616065566689,0.852962962962963,0.03261923714490984,0.08462195396423336,0.864739875792701,0.13272566205004244,0.1352601242072991
