run_id,run_type,stage,dataset,model,seed,combo,n_noises,level,macro_f1,accuracy,fit_time_s,n_train,n_test,noise_stats,timestamp_utc,config_hash,methodology_version,levels_version,levels_frozen,status,error_msg
mvp-run,official,mvp,breast_cancer,logreg,0,clean,0,0,0.9564362921716345,0.9590643274853801,0.0025136470794677734,398,171,{},2026-10-04T18:53:28.544031+00:00,bc936294060c9d60cc9127a37c6fda1969abe1f7004c343bee8fc4c265a83362,1.0,1.0.0,False,ok,
mvp-run,official,mvp,breast_cancer,svm_rbf,0,clean,0,0,0.9500584112149533,0.9532163742690059,0.0,398,171,{},2026-10-04T18:53:28.554447+00:00,bc936294060c9d60cc9127a37c6fda1969abe1f7004c343bee8fc4c265a83362,1.0,1.0.0,False,ok,
mvp-run,official,mvp,breast_cancer,decision_tree,0,clean,0,0,0.9012987012987013,0.9064327485380117,0.00950312614440918,398,171,{},2026-10-04T18:53:28.568894+00:00,bc936294060c9d60cc9127a37c6fda1969abe1f7004c343bee8fc4c265a83362,1.0,1.0.0,False,ok,
mvp-run,official,mvp,breast_cancer,random_forest,0,clean,0,0,0.9497354497354498,0.9532163742690059,0.18204331398010254,398,171,{},2026-10-04T18:53:28.759260+00:00,bc936294060c9d60cc9127a37c6fda1969abe1f7004c343bee8fc4c265a83362,1.0,1.0.0,False,ok,
mvp-run,official,mvp,breast_cancer,logreg,0,label,1,1,0.9311115180369895,0.935672514619883,0.01668071746826172,398,171,"{""label_flipped"": 20, ""gaussian_cells"": 0, ""outlier_cells"": 0, ""missing_cells"": 0, ""n_train"": 398, ""n_cells"": 11940}",2026-10-04T18:53:28.775941+00:00,bc936294060c9d60cc9127a37c6fda1969abe1f7004c343bee8fc4c265a83362,1.0,1.0.0,False,ok,
mvp-run,official,mvp,breast_cancer,svm_rbf,0,label,1,1,0.9436366965757188,0.9473684210526315,0.011526823043823242,398,171,"{""label_flipped"": 20, ""gaussian_cells"": 0, ""outlier_cells"": 0, ""missing_cells"": 0, ""n_train"": 398, ""n_cells"": 11940}",2026-10-04T18:53:28.792599+00:00,bc936294060c9d60cc9127a37c6fda1969abe1f7004c343bee8fc4c265a83362,1.0,1.0.0,False,ok,
mvp-run,official,mvp,breast_cancer,decision_tree,0,label,1,1,0.8577113707897688,0.8654970760233918,0.010103464126586914,398,171,"{""label_flipped"": 20, ""gaussian_cells"": 0, ""outlier_cells"": 0, ""missing_cells"": 0, ""n_train"": 398, ""n_cells"": 11940}",2026-10-04T18:53:28.808884+00:00,bc936294060c9d60cc9127a37c6fda1969abe1f7004c343bee8fc4c265a83362,1.0,1.0.0,False,ok,
mvp-run,official,mvp,breast_cancer,random_forest,0,label,1,1,0.9500584112149533,0.9532163742690059,0.2419743537902832,398,171,"{""label_flipped"": 20, ""gaussian_cells"": 0, ""outlier_cells"": 0, ""missing_cells"": 0, ""n_train"": 398, ""n_cells"": 11940}",2026-10-04T18:53:29.056748+00:00,bc936294060c9d60cc9127a37c6fda1969abe1f7004c343bee8fc4c265a83362,1.0,1.0.0,False,ok,
mvp-run,official,mvp,breast_cancer,logreg,0,label,1,2,0.8869047619047619,0.8947368421052632,0.0247802734375,398,171,"{""label_flipped"": 40, ""gaussian_cells"": 0, ""outlier_cells"": 0, ""missing_cells"": 0, ""n_train"": 398, ""n_cells"": 11940}",2026-10-04T18:53:29.086213+00:00,bc936294060c9d60cc9127a37c6fda1969abe1f7004c343bee8fc4c265a83362,1.0,1.0.0,False,ok,
mvp-run,official,mvp,breast_cancer,svm_rbf,0,label,1,2,0.9439895185063871,0.9473684210526315,0.005668163299560547,398,171,"{""label_flipped"": 40, ""gaussian_cells"": 0, ""outlier_cells"": 0, ""missing_cells"": 0, ""n_train"": 398, ""n_cells"": 11940}",2026-10-04T18:53:29.097787+00:00,bc936294060c9d60cc9127a37c6fda1969abe1f7004c343bee8fc4c265a83362,1.0,1.0.0,False,ok,
mvp-run,official,mvp,breast_cancer,decision_tree,0,label,1,2,0.8036739380022961,0.8128654970760234,0.018433809280395508,398,171,"{""label_flipped"": 40, ""gaussian_cells"": 0, ""outlier_cells"": 0, ""missing_cells"": 0, ""n_train"": 398, ""n_cells"": 11940}",2026-10-04T18:53:29.124847+00:00,bc936294060c9d60cc9127a37c6fda1969abe1f7004c343bee8fc4c265a83362,1.0,1.0.0,False,ok,
mvp-run,official,mvp,breast_cancer,random_forest,0,label,1,2,0.931948916464672,0.935672514619883,0.26143622398376465,398,171,"{""label_flipped"": 40, ""gaussian_cells"": 0, ""outlier_cells"": 0, ""missing_cells"": 0, ""n_train"": 398, ""n_cells"": 11940}",2026-10-04T18:53:29.391407+00:00,bc936294060c9d60cc9127a37c6fda1969abe1f7004c343bee8fc4c265a83362,1.0,1.0.0,False,ok,
mvp-run,official,mvp,breast_cancer,logreg,0,label,1,3,0.8980625931445603,0.9064327485380117,0.026500701904296875,398,171,"{""label_flipped"": 80, ""gaussian_cells"": 0, ""outlier_cells"": 0, ""missing_cells"": 0, ""n_train"": 398, ""n_cells"": 11940}",2026-10-04T18:53:29.424006+00:00,bc936294060c9d60cc9127a37c6fda1969abe1f7004c343bee8fc4c265a83362,1.0,1.0.0,False,ok,
mvp-run,official,mvp,breast_cancer,svm_rbf,0,label,1,3,0.9306543778801843,0.935672514619883,0.013250589370727539,398,171,"{""label_flipped"": 80, ""gaussian_cells"": 0, ""outlier_cells"": 0, ""missing_cells"": 0, ""n_train"": 398, ""n_cells"": 11940}",2026-10-04T18:53:29.445710+00:00,bc936294060c9d60cc9127a37c6fda1969abe1f7004c343bee8fc4c265a83362,1.0,1.0.0,False,ok,
mvp-run,official,mvp,breast_cancer,decision_tree,0,label,1,3,0.7268749999999999,0.7309941520467836,0.014745473861694336,398,171,"{""label_flipped"": 80, ""gaussian_cells"": 0, ""outlier_cells"": 0, ""missing_cells"": 0, ""n_train"": 398, ""n_cells"": 11940}",2026-10-04T18:53:29.470294+00:00,bc936294060c9d60cc9127a37c6fda1969abe1f7004c343bee8fc4c265a83362,1.0,1.0.0,False,ok,
mvp-run,official,mvp,breast_cancer,random_forest,0,label,1,3,0.907203067906371,0.9122807017543859,0.2643916606903076,398,171,"{""label_flipped"": 80, ""gaussian_cells"": 0, ""outlier_cells"": 0, ""missing_cells"": 0, ""n_train"": 398, ""n_cells"": 11940}",2026-10-04T18:53:29.738006+00:00,bc936294060c9d60cc9127a37c6fda1969abe1f7004c343bee8fc4c265a83362,1.0,1.0.0,False,ok,
mvp-run,official,mvp,breast_cancer,logreg,0,label,1,4,0.8535122786978869,0.8596491228070176,0.02444314956665039,398,171,"{""label_flipped"": 119, ""gaussian_cells"": 0, ""outlier_cells"": 0, ""missing_cells"": 0, ""n_train"": 398, ""n_cells"": 11940}",2026-10-04T18:53:29.769721+00:00,bc936294060c9d60cc9127a37c6fda1969abe1f7004c343bee8fc4c265a83362,1.0,1.0.0,False,ok,
mvp-run,official,mvp,breast_cancer,svm_rbf,0,label,1,4,0.9240899674459899,0.9298245614035088,0.006734609603881836,398,171,"{""label_flipped"": 119, ""gaussian_cells"": 0, ""outlier_cells"": 0, ""missing_cells"": 0, ""n_train"": 398, ""n_cells"": 11940}",2026-10-04T18:53:29.786902+00:00,bc936294060c9d60cc9127a37c6fda1969abe1f7004c343bee8fc4c265a83362,1.0,1.0.0,False,ok,
mvp-run,official,mvp,breast_cancer,decision_tree,0,label,1,4,0.6387323943661971,0.6491228070175439,0.016135454177856445,398,171,"{""label_flipped"": 119, ""gaussian_cells"": 0, ""outlier_cells"": 0, ""missing_cells"": 0, ""n_train"": 398, ""n_cells"": 11940}",2026-10-04T18:53:29.803038+00:00,bc936294060c9d60cc9127a37c6fda1969abe1f7004c343bee8fc4c265a83362,1.0,1.0.0,False,ok,
mvp-run,official,mvp,breast_cancer,random_forest,0,label,1,4,0.8548797736916549,0.8596491228070176,0.2835958003997803,398,171,"{""label_flipped"": 119, ""gaussian_cells"": 0, ""outlier_cells"": 0, ""missing_cells"": 0, ""n_train"": 398, ""n_cells"": 11940}",2026-10-04T18:53:30.092691+00:00,bc936294060c9d60cc9127a37c6fda1969abe1f7004c343bee8fc4c265a83362,1.0,1.0.0,False,ok,
mvp-run,official,mvp,breast_cancer,logreg,0,label,1,5,0.7502920560747663,0.7660818713450293,0.03207206726074219,398,171,"{""label_flipped"": 159, ""gaussian_cells"": 0, ""outlier_cells"": 0, ""missing_cells"": 0, ""n_train"": 398, ""n_cells"": 11940}",2026-10-04T18:53:30.124763+00:00,bc936294060c9d60cc9127a37c6fda1969abe1f7004c343bee8fc4c265a83362,1.0,1.0.0,False,ok,
mvp-run,official,mvp,breast_cancer,svm_rbf,0,label,1,5,0.8743386243386244,0.8830409356725146,0.006085634231567383,398,171,"{""label_flipped"": 159, ""gaussian_cells"": 0, ""outlier_cells"": 0, ""missing_cells"": 0, ""n_train"": 398, ""n_cells"": 11940}",2026-10-04T18:53:30.141071+00:00,bc936294060c9d60cc9127a37c6fda1969abe1f7004c343bee8fc4c265a83362,1.0,1.0.0,False,ok,
mvp-run,official,mvp,breast_cancer,decision_tree,0,label,1,5,0.5818478222348229,0.5964912280701754,0.01892566680908203,398,171,"{""label_flipped"": 159, ""gaussian_cells"": 0, ""outlier_cells"": 0, ""missing_cells"": 0, ""n_train"": 398, ""n_cells"": 11940}",2026-10-04T18:53:30.165707+00:00,bc936294060c9d60cc9127a37c6fda1969abe1f7004c343bee8fc4c265a83362,1.0,1.0.0,False,ok,
mvp-run,official,mvp,breast_cancer,random_forest,0,label,1,5,0.7498606854276957,0.7543859649122807,0.25835299491882324,398,171,"{""label_flipped"": 159, ""gaussian_cells"": 0, ""outlier_cells"": 0, ""missing_cells"": 0, ""n_train"": 398, ""n_cells"": 11940}",2026-10-04T18:53:30.434305+00:00,bc936294060c9d60cc9127a37c6fda1969abe1f7004c343bee8fc4c265a83362,1.0,1.0.0,False,ok,
mvp-run,official,mvp,breast_cancer,logreg,0,gaussian,1,1,0.9561618751144478,0.9590643274853801,0.014121294021606445,398,171,"{""label_flipped"": 0, ""gaussian_cells"": 11940, ""outlier_cells"": 0, ""missing_cells"": 0, ""n_train"": 398, ""n_cells"": 11940}",2026-10-04T18:53:30.449422+00:00,bc936294060c9d60cc9127a37c6fda1969abe1f7004c343bee8fc4c265a83362,1.0,1.0.0,False,ok,
mvp-run,official,mvp,breast_cancer,svm_rbf,0,gaussian,1,1,0.9436366965757188,0.9473684210526315,0.009380102157592773,398,171,"{""label_flipped"": 0, ""gaussian_cells"": 11940, ""outlier_cells"": 0, ""missing_cells"": 0, ""n_train"": 398, ""n_cells"": 11940}",2026-10-04T18:53:30.458802+00:00,bc936294060c9d60cc9127a37c6fda1969abe1f7004c343bee8fc4c265a83362,1.0,1.0.0,False,ok,
mvp-run,official,mvp,breast_cancer,decision_tree,0,gaussian,1,1,0.912037037037037,0.9181286549707602,0.014580726623535156,398,171,"{""label_flipped"": 0, ""gaussian_cells"": 11940, ""outlier_cells"": 0, ""missing_cells"": 0, ""n_train"": 398, ""n_cells"": 11940}",2026-10-04T18:53:30.476168+00:00,bc936294060c9d60cc9127a37c6fda1969abe1f7004c343bee8fc4c265a83362,1.0,1.0.0,False,ok,
mvp-run,official,mvp,breast_cancer,random_forest,0,gaussian,1,1,0.9301703975943869,0.935672514619883,0.22496938705444336,398,171,"{""label_flipped"": 0, ""gaussian_cells"": 11940, ""outlier_cells"": 0, ""missing_cells"": 0, ""n_train"": 398, ""n_cells"": 11940}",2026-10-04T18:53:30.706507+00:00,bc936294060c9d60cc9127a37c6fda1969abe1f7004c343bee8fc4c265a83362,1.0,1.0.0,False,ok,
mvp-run,official,mvp,breast_cancer,logreg,0,gaussian,1,2,0.9497354497354498,0.9532163742690059,0.013979673385620117,398,171,"{""label_flipped"": 0, ""gaussian_cells"": 11940, ""outlier_cells"": 0, ""missing_cells"": 0, ""n_train"": 398, ""n_cells"": 11940}",2026-10-04T18:53:30.723156+00:00,bc936294060c9d60cc9127a37c6fda1969abe1f7004c343bee8fc4c265a83362,1.0,1.0.0,False,ok,
mvp-run,official,mvp,breast_cancer,svm_rbf,0,gaussian,1,2,0.9301703975943869,0.935672514619883,0.0056514739990234375,398,171,"{""label_flipped"": 0, ""gaussian_cells"": 11940, ""outlier_cells"": 0, ""missing_cells"": 0, ""n_train"": 398, ""n_cells"": 11940}",2026-10-04T18:53:30.728807+00:00,bc936294060c9d60cc9127a37c6fda1969abe1f7004c343bee8fc4c265a83362,1.0,1.0.0,False,ok,
mvp-run,official,mvp,breast_cancer,decision_tree,0,gaussian,1,2,0.9131349782293179,0.9181286549707602,0.008042335510253906,398,171,"{""label_flipped"": 0, ""gaussian_cells"": 11940, ""outlier_cells"": 0, ""missing_cells"": 0, ""n_train"": 398, ""n_cells"": 11940}",2026-10-04T18:53:30.744904+00:00,bc936294060c9d60cc9127a37c6fda1969abe1f7004c343bee8fc4c265a83362,1.0,1.0.0,False,ok,
mvp-run,official,mvp,breast_cancer,random_forest,0,gaussian,1,2,0.9301703975943869,0.935672514619883,0.20038700103759766,398,171,"{""label_flipped"": 0, ""gaussian_cells"": 11940, ""outlier_cells"": 0, ""missing_cells"": 0, ""n_train"": 398, ""n_cells"": 11940}",2026-10-04T18:53:30.960000+00:00,bc936294060c9d60cc9127a37c6fda1969abe1f7004c343bee8fc4c265a83362,1.0,1.0.0,False,ok,
mvp-run,official,mvp,breast_cancer,logreg,0,gaussian,1,3,0.942866688940862,0.9473684210526315,0.01634049415588379,398,171,"{""label_flipped"": 0, ""gaussian_cells"": 11940, ""outlier_cells"": 0, ""missing_cells"": 0, ""n_train"": 398, ""n_cells"": 11940}",2026-10-04T18:53:30.976340+00:00,bc936294060c9d60cc9127a37c6fda1969abe1f7004c343bee8fc4c265a83362,1.0,1.0.0,False,ok,
mvp-run,official,mvp,breast_cancer,svm_rbf,0,gaussian,1,3,0.9362891207153503,0.9415204678362573,0.01031184196472168,398,171,"{""label_flipped"": 0, ""gaussian_cells"": 11940, ""outlier_cells"": 0, ""missing_cells"": 0, ""n_train"": 398, ""n_cells"": 11940}",2026-10-04T18:53:30.993431+00:00,bc936294060c9d60cc9127a37c6fda1969abe1f7004c343bee8fc4c265a83362,1.0,1.0.0,False,ok,
mvp-run,official,mvp,breast_cancer,decision_tree,0,gaussian,1,3,0.8672360248447204,0.8830409356725146,0.008272647857666016,398,171,"{""label_flipped"": 0, ""gaussian_cells"": 11940, ""outlier_cells"": 0, ""missing_cells"": 0, ""n_train"": 398, ""n_cells"": 11940}",2026-10-04T18:53:31.009928+00:00,bc936294060c9d60cc9127a37c6fda1969abe1f7004c343bee8fc4c265a83362,1.0,1.0.0,False,ok,
mvp-run,official,mvp,breast_cancer,random_forest,0,gaussian,1,3,0.9155555555555555,0.9239766081871345,0.23582959175109863,398,171,"{""label_flipped"": 0, ""gaussian_cells"": 11940, ""outlier_cells"": 0, ""missing_cells"": 0, ""n_train"": 398, ""n_cells"": 11940}",2026-10-04T18:53:31.258848+00:00,bc936294060c9d60cc9127a37c6fda1969abe1f7004c343bee8fc4c265a83362,1.0,1.0.0,False,ok,
mvp-run,official,mvp,breast_cancer,logreg,0,gaussian,1,4,0.9235469448584203,0.9298245614035088,0.010486364364624023,398,171,"{""label_flipped"": 0, ""gaussian_cells"": 11940, ""outlier_cells"": 0, ""missing_cells"": 0, ""n_train"": 398, ""n_cells"": 11940}",2026-10-04T18:53:31.274627+00:00,bc936294060c9d60cc9127a37c6fda1969abe1f7004c343bee8fc4c265a83362,1.0,1.0.0,False,ok,
mvp-run,official,mvp,breast_cancer,svm_rbf,0,gaussian,1,4,0.9240899674459899,0.9298245614035088,0.006201744079589844,398,171,"{""label_flipped"": 0, ""gaussian_cells"": 11940, ""outlier_cells"": 0, ""missing_cells"": 0, ""n_train"": 398, ""n_cells"": 11940}",2026-10-04T18:53:31.291960+00:00,bc936294060c9d60cc9127a37c6fda1969abe1f7004c343bee8fc4c265a83362,1.0,1.0.0,False,ok,
mvp-run,official,mvp,breast_cancer,decision_tree,0,gaussian,1,4,0.8765811965811966,0.8888888888888888,0.016383647918701172,398,171,"{""label_flipped"": 0, ""gaussian_cells"": 11940, ""outlier_cells"": 0, ""missing_cells"": 0, ""n_train"": 398, ""n_cells"": 11940}",2026-10-04T18:53:31.308343+00:00,bc936294060c9d60cc9127a37c6fda1969abe1f7004c343bee8fc4c265a83362,1.0,1.0.0,False,ok,
mvp-run,official,mvp,breast_cancer,random_forest,0,gaussian,1,4,0.8586053470882388,0.8771929824561403,0.22379064559936523,398,171,"{""label_flipped"": 0, ""gaussian_cells"": 11940, ""outlier_cells"": 0, ""missing_cells"": 0, ""n_train"": 398, ""n_cells"": 11940}",2026-10-04T18:53:31.542511+00:00,bc936294060c9d60cc9127a37c6fda1969abe1f7004c343bee8fc4c265a83362,1.0,1.0.0,False,ok,
mvp-run,official,mvp,breast_cancer,logreg,0,gaussian,1,5,0.9301703975943869,0.935672514619883,0.0,398,171,"{""label_flipped"": 0, ""gaussian_cells"": 11940, ""outlier_cells"": 0, ""missing_cells"": 0, ""n_train"": 398, ""n_cells"": 11940}",2026-10-04T18:53:31.556305+00:00,bc936294060c9d60cc9127a37c6fda1969abe1f7004c343bee8fc4c265a83362,1.0,1.0.0,False,ok,
mvp-run,official,mvp,breast_cancer,svm_rbf,0,gaussian,1,5,0.9217271895025938,0.9298245614035088,0.01027536392211914,398,171,"{""label_flipped"": 0, ""gaussian_cells"": 11940, ""outlier_cells"": 0, ""missing_cells"": 0, ""n_train"": 398, ""n_cells"": 11940}",2026-10-04T18:53:31.572666+00:00,bc936294060c9d60cc9127a37c6fda1969abe1f7004c343bee8fc4c265a83362,1.0,1.0.0,False,ok,
mvp-run,official,mvp,breast_cancer,decision_tree,0,gaussian,1,5,0.6874111386440265,0.7368421052631579,0.0172579288482666,398,171,"{""label_flipped"": 0, ""gaussian_cells"": 11940, ""outlier_cells"": 0, ""missing_cells"": 0, ""n_train"": 398, ""n_cells"": 11940}",2026-10-04T18:53:31.589924+00:00,bc936294060c9d60cc9127a37c6fda1969abe1f7004c343bee8fc4c265a83362,1.0,1.0.0,False,ok,
mvp-run,official,mvp,breast_cancer,random_forest,0,gaussian,1,5,0.8359449952030701,0.8596491228070176,0.24051308631896973,398,171,"{""label_flipped"": 0, ""gaussian_cells"": 11940, ""outlier_cells"": 0, ""missing_cells"": 0, ""n_train"": 398, ""n_cells"": 11940}",2026-10-04T18:53:31.843115+00:00,bc936294060c9d60cc9127a37c6fda1969abe1f7004c343bee8fc4c265a83362,1.0,1.0.0,False,ok,
mvp-run,official,mvp,breast_cancer,logreg,0,outliers,1,1,0.9686870536531771,0.9707602339181286,0.009384870529174805,398,171,"{""label_flipped"": 0, ""gaussian_cells"": 0, ""outlier_cells"": 239, ""missing_cells"": 0, ""n_train"": 398, ""n_cells"": 11940}",2026-10-04T18:53:31.855025+00:00,bc936294060c9d60cc9127a37c6fda1969abe1f7004c343bee8fc4c265a83362,1.0,1.0.0,False,ok,
mvp-run,official,mvp,breast_cancer,svm_rbf,0,outliers,1,1,0.942866688940862,0.9473684210526315,0.0031414031982421875,398,171,"{""label_flipped"": 0, ""gaussian_cells"": 0, ""outlier_cells"": 239, ""missing_cells"": 0, ""n_train"": 398, ""n_cells"": 11940}",2026-10-04T18:53:31.866089+00:00,bc936294060c9d60cc9127a37c6fda1969abe1f7004c343bee8fc4c265a83362,1.0,1.0.0,False,ok,
mvp-run,official,mvp,breast_cancer,decision_tree,0,outliers,1,1,0.9195759921855216,0.9239766081871345,0.00831151008605957,398,171,"{""label_flipped"": 0, ""gaussian_cells"": 0, ""outlier_cells"": 239, ""missing_cells"": 0, ""n_train"": 398, ""n_cells"": 11940}",2026-10-04T18:53:31.878102+00:00,bc936294060c9d60cc9127a37c6fda1969abe1f7004c343bee8fc4c265a83362,1.0,1.0.0,False,ok,
mvp-run,official,mvp,breast_cancer,random_forest,0,outliers,1,1,0.9375730140186915,0.9415204678362573,0.19367003440856934,398,171,"{""label_flipped"": 0, ""gaussian_cells"": 0, ""outlier_cells"": 239, ""missing_cells"": 0, ""n_train"": 398, ""n_cells"": 11940}",2026-10-04T18:53:32.086414+00:00,bc936294060c9d60cc9127a37c6fda1969abe1f7004c343bee8fc4c265a83362,1.0,1.0.0,False,ok,
mvp-run,official,mvp,breast_cancer,logreg,0,outliers,1,2,0.9617734724292102,0.9649122807017544,0.014244794845581055,398,171,"{""label_flipped"": 0, ""gaussian_cells"": 0, ""outlier_cells"": 597, ""missing_cells"": 0, ""n_train"": 398, ""n_cells"": 11940}",2026-10-04T18:53:32.103550+00:00,bc936294060c9d60cc9127a37c6fda1969abe1f7004c343bee8fc4c265a83362,1.0,1.0.0,False,ok,
mvp-run,official,mvp,breast_cancer,svm_rbf,0,outliers,1,2,0.9362891207153503,0.9415204678362573,0.005209922790527344,398,171,"{""label_flipped"": 0, ""gaussian_cells"": 0, ""outlier_cells"": 597, ""missing_cells"": 0, ""n_train"": 398, ""n_cells"": 11940}",2026-10-04T18:53:32.119989+00:00,bc936294060c9d60cc9127a37c6fda1969abe1f7004c343bee8fc4c265a83362,1.0,1.0.0,False,ok,
mvp-run,official,mvp,breast_cancer,decision_tree,0,outliers,1,2,0.9255442670537011,0.9298245614035088,0.009868383407592773,398,171,"{""label_flipped"": 0, ""gaussian_cells"": 0, ""outlier_cells"": 597, ""missing_cells"": 0, ""n_train"": 398, ""n_cells"": 11940}",2026-10-04T18:53:32.129857+00:00,bc936294060c9d60cc9127a37c6fda1969abe1f7004c343bee8fc4c265a83362,1.0,1.0.0,False,ok,
mvp-run,official,mvp,breast_cancer,random_forest,0,outliers,1,2,0.9436366965757188,0.9473684210526315,0.1746664047241211,398,171,"{""label_flipped"": 0, ""gaussian_cells"": 0, ""outlier_cells"": 597, ""missing_cells"": 0, ""n_train"": 398, ""n_cells"": 11940}",2026-10-04T18:53:32.317804+00:00,bc936294060c9d60cc9127a37c6fda1969abe1f7004c343bee8fc4c265a83362,1.0,1.0.0,False,ok,
mvp-run,official,mvp,breast_cancer,logreg,0,outliers,1,3,0.922972972972973,0.9298245614035088,0.008155107498168945,398,171,"{""label_flipped"": 0, ""gaussian_cells"": 0, ""outlier_cells"": 1194, ""missing_cells"": 0, ""n_train"": 398, ""n_cells"": 11940}",2026-10-04T18:53:32.330272+00:00,bc936294060c9d60cc9127a37c6fda1969abe1f7004c343bee8fc4c265a83362,1.0,1.0.0,False,ok,
mvp-run,official,mvp,breast_cancer,svm_rbf,0,outliers,1,3,0.9362891207153503,0.9415204678362573,0.004019021987915039,398,171,"{""label_flipped"": 0, ""gaussian_cells"": 0, ""outlier_cells"": 1194, ""missing_cells"": 0, ""n_train"": 398, ""n_cells"": 11940}",2026-10-04T18:53:32.344271+00:00,bc936294060c9d60cc9127a37c6fda1969abe1f7004c343bee8fc4c265a83362,1.0,1.0.0,False,ok,
mvp-run,official,mvp,breast_cancer,decision_tree,0,outliers,1,3,0.9235469448584203,0.9298245614035088,0.0071258544921875,398,171,"{""label_flipped"": 0, ""gaussian_cells"": 0, ""outlier_cells"": 1194, ""missing_cells"": 0, ""n_train"": 398, ""n_cells"": 11940}",2026-10-04T18:53:32.351397+00:00,bc936294060c9d60cc9127a37c6fda1969abe1f7004c343bee8fc4c265a83362,1.0,1.0.0,False,ok,
mvp-run,official,mvp,breast_cancer,random_forest,0,outliers,1,3,0.9432626728110599,0.9473684210526315,0.18784809112548828,398,171,"{""label_flipped"": 0, ""gaussian_cells"": 0, ""outlier_cells"": 1194, ""missing_cells"": 0, ""n_train"": 398, ""n_cells"": 11940}",2026-10-04T18:53:32.555367+00:00,bc936294060c9d60cc9127a37c6fda1969abe1f7004c343bee8fc4c265a83362,1.0,1.0.0,False,ok,
mvp-run,official,mvp,breast_cancer,logreg,0,outliers,1,4,0.9291178354749972,0.935672514619883,0.003490447998046875,398,171,"{""label_flipped"": 0, ""gaussian_cells"": 0, ""outlier_cells"": 1791, ""missing_cells"": 0, ""n_train"": 398, ""n_cells"": 11940}",2026-10-04T18:53:32.560864+00:00,bc936294060c9d60cc9127a37c6fda1969abe1f7004c343bee8fc4c265a83362,1.0,1.0.0,False,ok,
mvp-run,official,mvp,breast_cancer,svm_rbf,0,outliers,1,4,0.914843899636085,0.9239766081871345,0.010022401809692383,398,171,"{""label_flipped"": 0, ""gaussian_cells"": 0, ""outlier_cells"": 1791, ""missing_cells"": 0, ""n_train"": 398, ""n_cells"": 11940}",2026-10-04T18:53:32.577162+00:00,bc936294060c9d60cc9127a37c6fda1969abe1f7004c343bee8fc4c265a83362,1.0,1.0.0,False,ok,
mvp-run,official,mvp,breast_cancer,decision_tree,0,outliers,1,4,0.9255442670537011,0.9298245614035088,0.010883569717407227,398,171,"{""label_flipped"": 0, ""gaussian_cells"": 0, ""outlier_cells"": 1791, ""missing_cells"": 0, ""n_train"": 398, ""n_cells"": 11940}",2026-10-04T18:53:32.593574+00:00,bc936294060c9d60cc9127a37c6fda1969abe1f7004c343bee8fc4c265a83362,1.0,1.0.0,False,ok,
mvp-run,official,mvp,breast_cancer,random_forest,0,outliers,1,4,0.9250876168224299,0.9298245614035088,0.17696809768676758,398,171,"{""label_flipped"": 0, ""gaussian_cells"": 0, ""outlier_cells"": 1791, ""missing_cells"": 0, ""n_train"": 398, ""n_cells"": 11940}",2026-10-04T18:53:32.776243+00:00,bc936294060c9d60cc9127a37c6fda1969abe1f7004c343bee8fc4c265a83362,1.0,1.0.0,False,ok,
mvp-run,official,mvp,breast_cancer,logreg,0,outliers,1,5,0.9296585767174002,0.935672514619883,0.010765552520751953,398,171,"{""label_flipped"": 0, ""gaussian_cells"": 0, ""outlier_cells"": 2388, ""missing_cells"": 0, ""n_train"": 398, ""n_cells"": 11940}",2026-10-04T18:53:32.789127+00:00,bc936294060c9d60cc9127a37c6fda1969abe1f7004c343bee8fc4c265a83362,1.0,1.0.0,False,ok,
mvp-run,official,mvp,breast_cancer,svm_rbf,0,outliers,1,5,0.9296585767174002,0.935672514619883,0.003603219985961914,398,171,"{""label_flipped"": 0, ""gaussian_cells"": 0, ""outlier_cells"": 2388, ""missing_cells"": 0, ""n_train"": 398, ""n_cells"": 11940}",2026-10-04T18:53:32.802571+00:00,bc936294060c9d60cc9127a37c6fda1969abe1f7004c343bee8fc4c265a83362,1.0,1.0.0,False,ok,
mvp-run,official,mvp,breast_cancer,decision_tree,0,outliers,1,5,0.9255442670537011,0.9298245614035088,0.006471872329711914,398,171,"{""label_flipped"": 0, ""gaussian_cells"": 0, ""outlier_cells"": 2388, ""missing_cells"": 0, ""n_train"": 398, ""n_cells"": 11940}",2026-10-04T18:53:32.818601+00:00,bc936294060c9d60cc9127a37c6fda1969abe1f7004c343bee8fc4c265a83362,1.0,1.0.0,False,ok,
mvp-run,official,mvp,breast_cancer,random_forest,0,outliers,1,5,0.9301703975943869,0.935672514619883,0.18695354461669922,398,171,"{""label_flipped"": 0, ""gaussian_cells"": 0, ""outlier_cells"": 2388, ""missing_cells"": 0, ""n_train"": 398, ""n_cells"": 11940}",2026-10-04T18:53:33.013544+00:00,bc936294060c9d60cc9127a37c6fda1969abe1f7004c343bee8fc4c265a83362,1.0,1.0.0,False,ok,
mvp-run,official,mvp,breast_cancer,logreg,0,missing,1,1,0.9686870536531771,0.9707602339181286,0.016866683959960938,398,171,"{""label_flipped"": 0, ""gaussian_cells"": 0, ""outlier_cells"": 0, ""missing_cells"": 1194, ""n_train"": 398, ""n_cells"": 11940}",2026-10-04T18:53:33.030411+00:00,bc936294060c9d60cc9127a37c6fda1969abe1f7004c343bee8fc4c265a83362,1.0,1.0.0,False,ok,
mvp-run,official,mvp,breast_cancer,svm_rbf,0,missing,1,1,0.9500584112149533,0.9532163742690059,0.008312702178955078,398,171,"{""label_flipped"": 0, ""gaussian_cells"": 0, ""outlier_cells"": 0, ""missing_cells"": 1194, ""n_train"": 398, ""n_cells"": 11940}",2026-10-04T18:53:33.040948+00:00,bc936294060c9d60cc9127a37c6fda1969abe1f7004c343bee8fc4c265a83362,1.0,1.0.0,False,ok,
mvp-run,official,mvp,breast_cancer,decision_tree,0,missing,1,1,0.8883164005805515,0.8947368421052632,0.010131120681762695,398,171,"{""label_flipped"": 0, ""gaussian_cells"": 0, ""outlier_cells"": 0, ""missing_cells"": 1194, ""n_train"": 398, ""n_cells"": 11940}",2026-10-04T18:53:33.057554+00:00,bc936294060c9d60cc9127a37c6fda1969abe1f7004c343bee8fc4c265a83362,1.0,1.0.0,False,ok,
mvp-run,official,mvp,breast_cancer,random_forest,0,missing,1,1,0.9246031746031746,0.9298245614035088,0.18375205993652344,398,171,"{""label_flipped"": 0, ""gaussian_cells"": 0, ""outlier_cells"": 0, ""missing_cells"": 1194, ""n_train"": 398, ""n_cells"": 11940}",2026-10-04T18:53:33.247119+00:00,bc936294060c9d60cc9127a37c6fda1969abe1f7004c343bee8fc4c265a83362,1.0,1.0.0,False,ok,
mvp-run,official,mvp,breast_cancer,logreg,0,missing,1,2,0.9623015873015872,0.9649122807017544,0.01624917984008789,398,171,"{""label_flipped"": 0, ""gaussian_cells"": 0, ""outlier_cells"": 0, ""missing_cells"": 2429, ""n_train"": 398, ""n_cells"": 11940}",2026-10-04T18:53:33.266559+00:00,bc936294060c9d60cc9127a37c6fda1969abe1f7004c343bee8fc4c265a83362,1.0,1.0.0,False,ok,
mvp-run,official,mvp,breast_cancer,svm_rbf,0,missing,1,2,0.9311115180369895,0.935672514619883,0.003501415252685547,398,171,"{""label_flipped"": 0, ""gaussian_cells"": 0, ""outlier_cells"": 0, ""missing_cells"": 2429, ""n_train"": 398, ""n_cells"": 11940}",2026-10-04T18:53:33.271561+00:00,bc936294060c9d60cc9127a37c6fda1969abe1f7004c343bee8fc4c265a83362,1.0,1.0.0,False,ok,
mvp-run,official,mvp,breast_cancer,decision_tree,0,missing,1,2,0.9136363636363636,0.9181286549707602,0.017227888107299805,398,171,"{""label_flipped"": 0, ""gaussian_cells"": 0, ""outlier_cells"": 0, ""missing_cells"": 2429, ""n_train"": 398, ""n_cells"": 11940}",2026-10-04T18:53:33.290374+00:00,bc936294060c9d60cc9127a37c6fda1969abe1f7004c343bee8fc4c265a83362,1.0,1.0.0,False,ok,
mvp-run,official,mvp,breast_cancer,random_forest,0,missing,1,2,0.9190959711758926,0.9239766081871345,0.20812320709228516,398,171,"{""label_flipped"": 0, ""gaussian_cells"": 0, ""outlier_cells"": 0, ""missing_cells"": 2429, ""n_train"": 398, ""n_cells"": 11940}",2026-10-04T18:53:33.506988+00:00,bc936294060c9d60cc9127a37c6fda1969abe1f7004c343bee8fc4c265a83362,1.0,1.0.0,False,ok,
mvp-run,official,mvp,breast_cancer,logreg,0,missing,1,3,0.9259740259740259,0.9298245614035088,0.0066869258880615234,398,171,"{""label_flipped"": 0, ""gaussian_cells"": 0, ""outlier_cells"": 0, ""missing_cells"": 3607, ""n_train"": 398, ""n_cells"": 11940}",2026-10-04T18:53:33.515367+00:00,bc936294060c9d60cc9127a37c6fda1969abe1f7004c343bee8fc4c265a83362,1.0,1.0.0,False,ok,
mvp-run,official,mvp,breast_cancer,svm_rbf,0,missing,1,3,0.926377726750861,0.9298245614035088,0.0014307498931884766,398,171,"{""label_flipped"": 0, ""gaussian_cells"": 0, ""outlier_cells"": 0, ""missing_cells"": 3607, ""n_train"": 398, ""n_cells"": 11940}",2026-10-04T18:53:33.532021+00:00,bc936294060c9d60cc9127a37c6fda1969abe1f7004c343bee8fc4c265a83362,1.0,1.0.0,False,ok,
mvp-run,official,mvp,breast_cancer,decision_tree,0,missing,1,3,0.8948301436272204,0.9005847953216374,0.014604330062866211,398,171,"{""label_flipped"": 0, ""gaussian_cells"": 0, ""outlier_cells"": 0, ""missing_cells"": 3607, ""n_train"": 398, ""n_cells"": 11940}",2026-10-04T18:53:33.548485+00:00,bc936294060c9d60cc9127a37c6fda1969abe1f7004c343bee8fc4c265a83362,1.0,1.0.0,False,ok,
mvp-run,official,mvp,breast_cancer,random_forest,0,missing,1,3,0.9131349782293179,0.9181286549707602,0.18551945686340332,398,171,"{""label_flipped"": 0, ""gaussian_cells"": 0, ""outlier_cells"": 0, ""missing_cells"": 3607, ""n_train"": 398, ""n_cells"": 11940}",2026-10-04T18:53:33.743174+00:00,bc936294060c9d60cc9127a37c6fda1969abe1f7004c343bee8fc4c265a83362,1.0,1.0.0,False,ok,
mvp-run,official,mvp,breast_cancer,logreg,0,missing,1,4,0.9500584112149533,0.9532163742690059,0.010235071182250977,398,171,"{""label_flipped"": 0, ""gaussian_cells"": 0, ""outlier_cells"": 0, ""missing_cells"": 4780, ""n_train"": 398, ""n_cells"": 11940}",2026-10-04T18:53:33.759299+00:00,bc936294060c9d60cc9127a37c6fda1969abe1f7004c343bee8fc4c265a83362,1.0,1.0.0,False,ok,
mvp-run,official,mvp,breast_cancer,svm_rbf,0,missing,1,4,0.9195759921855216,0.9239766081871345,0.005739688873291016,398,171,"{""label_flipped"": 0, ""gaussian_cells"": 0, ""outlier_cells"": 0, ""missing_cells"": 4780, ""n_train"": 398, ""n_cells"": 11940}",2026-10-04T18:53:33.773154+00:00,bc936294060c9d60cc9127a37c6fda1969abe1f7004c343bee8fc4c265a83362,1.0,1.0.0,False,ok,
mvp-run,official,mvp,breast_cancer,decision_tree,0,missing,1,4,0.9077238550922762,0.9122807017543859,0.005995035171508789,398,171,"{""label_flipped"": 0, ""gaussian_cells"": 0, ""outlier_cells"": 0, ""missing_cells"": 4780, ""n_train"": 398, ""n_cells"": 11940}",2026-10-04T18:53:33.781164+00:00,bc936294060c9d60cc9127a37c6fda1969abe1f7004c343bee8fc4c265a83362,1.0,1.0.0,False,ok,
mvp-run,official,mvp,breast_cancer,random_forest,0,missing,1,4,0.926377726750861,0.9298245614035088,0.19192743301391602,398,171,"{""label_flipped"": 0, ""gaussian_cells"": 0, ""outlier_cells"": 0, ""missing_cells"": 4780, ""n_train"": 398, ""n_cells"": 11940}",2026-10-04T18:53:33.979250+00:00,bc936294060c9d60cc9127a37c6fda1969abe1f7004c343bee8fc4c265a83362,1.0,1.0.0,False,ok,
mvp-run,official,mvp,breast_cancer,logreg,0,missing,1,5,0.9379535558780843,0.9415204678362573,0.012377023696899414,398,171,"{""label_flipped"": 0, ""gaussian_cells"": 0, ""outlier_cells"": 0, ""missing_cells"": 5951, ""n_train"": 398, ""n_cells"": 11940}",2026-10-04T18:53:33.995564+00:00,bc936294060c9d60cc9127a37c6fda1969abe1f7004c343bee8fc4c265a83362,1.0,1.0.0,False,ok,
mvp-run,official,mvp,breast_cancer,svm_rbf,0,missing,1,5,0.9136363636363636,0.9181286549707602,0.01109004020690918,398,171,"{""label_flipped"": 0, ""gaussian_cells"": 0, ""outlier_cells"": 0, ""missing_cells"": 5951, ""n_train"": 398, ""n_cells"": 11940}",2026-10-04T18:53:34.011822+00:00,bc936294060c9d60cc9127a37c6fda1969abe1f7004c343bee8fc4c265a83362,1.0,1.0.0,False,ok,
mvp-run,official,mvp,breast_cancer,decision_tree,0,missing,1,5,0.8848566467023425,0.8888888888888888,0.011891603469848633,398,171,"{""label_flipped"": 0, ""gaussian_cells"": 0, ""outlier_cells"": 0, ""missing_cells"": 5951, ""n_train"": 398, ""n_cells"": 11940}",2026-10-04T18:53:34.027967+00:00,bc936294060c9d60cc9127a37c6fda1969abe1f7004c343bee8fc4c265a83362,1.0,1.0.0,False,ok,
mvp-run,official,mvp,breast_cancer,random_forest,0,missing,1,5,0.9023415191319246,0.9064327485380117,0.19211244583129883,398,171,"{""label_flipped"": 0, ""gaussian_cells"": 0, ""outlier_cells"": 0, ""missing_cells"": 5951, ""n_train"": 398, ""n_cells"": 11940}",2026-10-04T18:53:34.225717+00:00,bc936294060c9d60cc9127a37c6fda1969abe1f7004c343bee8fc4c265a83362,1.0,1.0.0,False,ok,
mvp-run,official,mvp,breast_cancer,logreg,0,label+gaussian,2,1,0.9185863394982603,0.9239766081871345,0.009554624557495117,398,171,"{""label_flipped"": 20, ""gaussian_cells"": 11940, ""outlier_cells"": 0, ""missing_cells"": 0, ""n_train"": 398, ""n_cells"": 11940}",2026-10-04T18:53:34.241706+00:00,bc936294060c9d60cc9127a37c6fda1969abe1f7004c343bee8fc4c265a83362,1.0,1.0.0,False,ok,
mvp-run,official,mvp,breast_cancer,svm_rbf,0,label+gaussian,2,1,0.9371693121693121,0.9415204678362573,0.008360624313354492,398,171,"{""label_flipped"": 20, ""gaussian_cells"": 11940, ""outlier_cells"": 0, ""missing_cells"": 0, ""n_train"": 398, ""n_cells"": 11940}",2026-10-04T18:53:34.253643+00:00,bc936294060c9d60cc9127a37c6fda1969abe1f7004c343bee8fc4c265a83362,1.0,1.0.0,False,ok,
mvp-run,official,mvp,breast_cancer,decision_tree,0,label+gaussian,2,1,0.8693088765149034,0.8771929824561403,0.017261028289794922,398,171,"{""label_flipped"": 20, ""gaussian_cells"": 11940, ""outlier_cells"": 0, ""missing_cells"": 0, ""n_train"": 398, ""n_cells"": 11940}",2026-10-04T18:53:34.270904+00:00,bc936294060c9d60cc9127a37c6fda1969abe1f7004c343bee8fc4c265a83362,1.0,1.0.0,False,ok,
mvp-run,official,mvp,breast_cancer,random_forest,0,label+gaussian,2,1,0.9240899674459899,0.9298245614035088,0.2207188606262207,398,171,"{""label_flipped"": 20, ""gaussian_cells"": 11940, ""outlier_cells"": 0, ""missing_cells"": 0, ""n_train"": 398, ""n_cells"": 11940}",2026-10-04T18:53:34.506698+00:00,bc936294060c9d60cc9127a37c6fda1969abe1f7004c343bee8fc4c265a83362,1.0,1.0.0,False,ok,
mvp-run,official,mvp,breast_cancer,logreg,0,label+gaussian,2,2,0.9054377880184332,0.9122807017543859,0.010241508483886719,398,171,"{""label_flipped"": 40, ""gaussian_cells"": 11940, ""outlier_cells"": 0, ""missing_cells"": 0, ""n_train"": 398, ""n_cells"": 11940}",2026-10-04T18:53:34.521290+00:00,bc936294060c9d60cc9127a37c6fda1969abe1f7004c343bee8fc4c265a83362,1.0,1.0.0,False,ok,
mvp-run,official,mvp,breast_cancer,svm_rbf,0,label+gaussian,2,2,0.9246031746031746,0.9298245614035088,0.005524396896362305,398,171,"{""label_flipped"": 40, ""gaussian_cells"": 11940, ""outlier_cells"": 0, ""missing_cells"": 0, ""n_train"": 398, ""n_cells"": 11940}",2026-10-04T18:53:34.533198+00:00,bc936294060c9d60cc9127a37c6fda1969abe1f7004c343bee8fc4c265a83362,1.0,1.0.0,False,ok,
mvp-run,official,mvp,breast_cancer,decision_tree,0,label+gaussian,2,2,0.8634978229317852,0.8713450292397661,0.01844310760498047,398,171,"{""label_flipped"": 40, ""gaussian_cells"": 11940, ""outlier_cells"": 0, ""missing_cells"": 0, ""n_train"": 398, ""n_cells"": 11940}",2026-10-04T18:53:34.556023+00:00,bc936294060c9d60cc9127a37c6fda1969abe1f7004c343bee8fc4c265a83362,1.0,1.0.0,False,ok,
mvp-run,official,mvp,breast_cancer,random_forest,0,label+gaussian,2,2,0.9185863394982603,0.9239766081871345,0.2655065059661865,398,171,"{""label_flipped"": 40, ""gaussian_cells"": 11940, ""outlier_cells"": 0, ""missing_cells"": 0, ""n_train"": 398, ""n_cells"": 11940}",2026-10-04T18:53:34.826872+00:00,bc936294060c9d60cc9127a37c6fda1969abe1f7004c343bee8fc4c265a83362,1.0,1.0.0,False,ok,
mvp-run,official,mvp,breast_cancer,logreg,0,label+gaussian,2,3,0.9424479264051457,0.9473684210526315,0.008965015411376953,398,171,"{""label_flipped"": 80, ""gaussian_cells"": 11940, ""outlier_cells"": 0, ""missing_cells"": 0, ""n_train"": 398, ""n_cells"": 11940}",2026-10-04T18:53:34.835837+00:00,bc936294060c9d60cc9127a37c6fda1969abe1f7004c343bee8fc4c265a83362,1.0,1.0.0,False,ok,
mvp-run,official,mvp,breast_cancer,svm_rbf,0,label+gaussian,2,3,0.8956362526701251,0.9064327485380117,0.01210165023803711,398,171,"{""label_flipped"": 80, ""gaussian_cells"": 11940, ""outlier_cells"": 0, ""missing_cells"": 0, ""n_train"": 398, ""n_cells"": 11940}",2026-10-04T18:53:34.853292+00:00,bc936294060c9d60cc9127a37c6fda1969abe1f7004c343bee8fc4c265a83362,1.0,1.0.0,False,ok,
mvp-run,official,mvp,breast_cancer,decision_tree,0,label+gaussian,2,3,0.8145544295276916,0.8304093567251462,0.010649919509887695,398,171,"{""label_flipped"": 80, ""gaussian_cells"": 11940, ""outlier_cells"": 0, ""missing_cells"": 0, ""n_train"": 398, ""n_cells"": 11940}",2026-10-04T18:53:34.875511+00:00,bc936294060c9d60cc9127a37c6fda1969abe1f7004c343bee8fc4c265a83362,1.0,1.0.0,False,ok,
mvp-run,official,mvp,breast_cancer,random_forest,0,label+gaussian,2,3,0.8793887147335423,0.8947368421052632,0.2642056941986084,398,171,"{""label_flipped"": 80, ""gaussian_cells"": 11940, ""outlier_cells"": 0, ""missing_cells"": 0, ""n_train"": 398, ""n_cells"": 11940}",2026-10-04T18:53:35.140415+00:00,bc936294060c9d60cc9127a37c6fda1969abe1f7004c343bee8fc4c265a83362,1.0,1.0.0,False,ok,
mvp-run,official,mvp,breast_cancer,logreg,0,label+gaussian,2,4,0.8347826086956522,0.8421052631578947,0.010120391845703125,398,171,"{""label_flipped"": 119, ""gaussian_cells"": 11940, ""outlier_cells"": 0, ""missing_cells"": 0, ""n_train"": 398, ""n_cells"": 11940}",2026-10-04T18:53:35.156221+00:00,bc936294060c9d60cc9127a37c6fda1969abe1f7004c343bee8fc4c265a83362,1.0,1.0.0,False,ok,
mvp-run,official,mvp,breast_cancer,svm_rbf,0,label+gaussian,2,4,0.868421052631579,0.8830409356725146,0.010214805603027344,398,171,"{""label_flipped"": 119, ""gaussian_cells"": 11940, ""outlier_cells"": 0, ""missing_cells"": 0, ""n_train"": 398, ""n_cells"": 11940}",2026-10-04T18:53:35.178574+00:00,bc936294060c9d60cc9127a37c6fda1969abe1f7004c343bee8fc4c265a83362,1.0,1.0.0,False,ok,
mvp-run,official,mvp,breast_cancer,decision_tree,0,label+gaussian,2,4,0.6979170946140256,0.7485380116959064,0.018100261688232422,398,171,"{""label_flipped"": 119, ""gaussian_cells"": 11940, ""outlier_cells"": 0, ""missing_cells"": 0, ""n_train"": 398, ""n_cells"": 11940}",2026-10-04T18:53:35.200571+00:00,bc936294060c9d60cc9127a37c6fda1969abe1f7004c343bee8fc4c265a83362,1.0,1.0.0,False,ok,
mvp-run,official,mvp,breast_cancer,random_forest,0,label+gaussian,2,4,0.8421052631578947,0.8596491228070176,0.2508094310760498,398,171,"{""label_flipped"": 119, ""gaussian_cells"": 11940, ""outlier_cells"": 0, ""missing_cells"": 0, ""n_train"": 398, ""n_cells"": 11940}",2026-10-04T18:53:35.460003+00:00,bc936294060c9d60cc9127a37c6fda1969abe1f7004c343bee8fc4c265a83362,1.0,1.0.0,False,ok,
mvp-run,official,mvp,breast_cancer,logreg,0,label+gaussian,2,5,0.768918918918919,0.7894736842105263,0.008126258850097656,398,171,"{""label_flipped"": 159, ""gaussian_cells"": 11940, ""outlier_cells"": 0, ""missing_cells"": 0, ""n_train"": 398, ""n_cells"": 11940}",2026-10-04T18:53:35.476539+00:00,bc936294060c9d60cc9127a37c6fda1969abe1f7004c343bee8fc4c265a83362,1.0,1.0.0,False,ok,
mvp-run,official,mvp,breast_cancer,svm_rbf,0,label+gaussian,2,5,0.5594465648854962,0.6842105263157895,0.010311603546142578,398,171,"{""label_flipped"": 159, ""gaussian_cells"": 11940, ""outlier_cells"": 0, ""missing_cells"": 0, ""n_train"": 398, ""n_cells"": 11940}",2026-10-04T18:53:35.501882+00:00,bc936294060c9d60cc9127a37c6fda1969abe1f7004c343bee8fc4c265a83362,1.0,1.0.0,False,ok,
mvp-run,official,mvp,breast_cancer,decision_tree,0,label+gaussian,2,5,0.6371166484118291,0.6374269005847953,0.019224882125854492,398,171,"{""label_flipped"": 159, ""gaussian_cells"": 11940, ""outlier_cells"": 0, ""missing_cells"": 0, ""n_train"": 398, ""n_cells"": 11940}",2026-10-04T18:53:35.525916+00:00,bc936294060c9d60cc9127a37c6fda1969abe1f7004c343bee8fc4c265a83362,1.0,1.0.0,False,ok,
mvp-run,official,mvp,breast_cancer,random_forest,0,label+gaussian,2,5,0.6669207317073171,0.7309941520467836,0.2528719902038574,398,171,"{""label_flipped"": 159, ""gaussian_cells"": 11940, ""outlier_cells"": 0, ""missing_cells"": 0, ""n_train"": 398, ""n_cells"": 11940}",2026-10-04T18:53:35.791948+00:00,bc936294060c9d60cc9127a37c6fda1969abe1f7004c343bee8fc4c265a83362,1.0,1.0.0,False,ok,
mvp-run,official,mvp,breast_cancer,logreg,1,clean,0,0,0.9558709677419355,0.9590643274853801,0.013529539108276367,398,171,{},2026-10-04T18:53:35.807560+00:00,bc936294060c9d60cc9127a37c6fda1969abe1f7004c343bee8fc4c265a83362,1.0,1.0.0,False,ok,
mvp-run,official,mvp,breast_cancer,svm_rbf,1,clean,0,0,0.97469665581533,0.9766081871345029,0.005926370620727539,398,171,{},2026-10-04T18:53:35.813487+00:00,bc936294060c9d60cc9127a37c6fda1969abe1f7004c343bee8fc4c265a83362,1.0,1.0.0,False,ok,
mvp-run,official,mvp,breast_cancer,decision_tree,1,clean,0,0,0.9315427448411399,0.935672514619883,0.010755300521850586,398,171,{},2026-10-04T18:53:35.829568+00:00,bc936294060c9d60cc9127a37c6fda1969abe1f7004c343bee8fc4c265a83362,1.0,1.0.0,False,ok,
mvp-run,official,mvp,breast_cancer,random_forest,1,clean,0,0,0.9497354497354498,0.9532163742690059,0.22779035568237305,398,171,{},2026-10-04T18:53:36.063695+00:00,bc936294060c9d60cc9127a37c6fda1969abe1f7004c343bee8fc4c265a83362,1.0,1.0.0,False,ok,
mvp-run,official,mvp,breast_cancer,logreg,1,label,1,1,0.9291178354749972,0.935672514619883,0.019959688186645508,398,171,"{""label_flipped"": 20, ""gaussian_cells"": 0, ""outlier_cells"": 0, ""missing_cells"": 0, ""n_train"": 398, ""n_cells"": 11940}",2026-10-04T18:53:36.086394+00:00,bc936294060c9d60cc9127a37c6fda1969abe1f7004c343bee8fc4c265a83362,1.0,1.0.0,False,ok,
mvp-run,official,mvp,breast_cancer,svm_rbf,1,label,1,1,0.9558709677419355,0.9590643274853801,0.0037147998809814453,398,171,"{""label_flipped"": 20, ""gaussian_cells"": 0, ""outlier_cells"": 0, ""missing_cells"": 0, ""n_train"": 398, ""n_cells"": 11940}",2026-10-04T18:53:36.097057+00:00,bc936294060c9d60cc9127a37c6fda1969abe1f7004c343bee8fc4c265a83362,1.0,1.0.0,False,ok,
mvp-run,official,mvp,breast_cancer,decision_tree,1,label,1,1,0.8492063492063492,0.8596491228070176,0.006798505783081055,398,171,"{""label_flipped"": 20, ""gaussian_cells"": 0, ""outlier_cells"": 0, ""missing_cells"": 0, ""n_train"": 398, ""n_cells"": 11940}",2026-10-04T18:53:36.117527+00:00,bc936294060c9d60cc9127a37c6fda1969abe1f7004c343bee8fc4c265a83362,1.0,1.0.0,False,ok,
mvp-run,official,mvp,breast_cancer,random_forest,1,label,1,1,0.9558709677419355,0.9590643274853801,0.21123814582824707,398,171,"{""label_flipped"": 20, ""gaussian_cells"": 0, ""outlier_cells"": 0, ""missing_cells"": 0, ""n_train"": 398, ""n_cells"": 11940}",2026-10-04T18:53:36.339380+00:00,bc936294060c9d60cc9127a37c6fda1969abe1f7004c343bee8fc4c265a83362,1.0,1.0.0,False,ok,
mvp-run,official,mvp,breast_cancer,logreg,1,label,1,2,0.9424479264051457,0.9473684210526315,0.016543149948120117,398,171,"{""label_flipped"": 40, ""gaussian_cells"": 0, ""outlier_cells"": 0, ""missing_cells"": 0, ""n_train"": 398, ""n_cells"": 11940}",2026-10-04T18:53:36.357786+00:00,bc936294060c9d60cc9127a37c6fda1969abe1f7004c343bee8fc4c265a83362,1.0,1.0.0,False,ok,
mvp-run,official,mvp,breast_cancer,svm_rbf,1,label,1,2,0.9493933116306599,0.9532163742690059,0.005556821823120117,398,171,"{""label_flipped"": 40, ""gaussian_cells"": 0, ""outlier_cells"": 0, ""missing_cells"": 0, ""n_train"": 398, ""n_cells"": 11940}",2026-10-04T18:53:36.373605+00:00,bc936294060c9d60cc9127a37c6fda1969abe1f7004c343bee8fc4c265a83362,1.0,1.0.0,False,ok,
mvp-run,official,mvp,breast_cancer,decision_tree,1,label,1,2,0.833902939166097,0.8421052631578947,0.016608715057373047,398,171,"{""label_flipped"": 40, ""gaussian_cells"": 0, ""outlier_cells"": 0, ""missing_cells"": 0, ""n_train"": 398, ""n_cells"": 11940}",2026-10-04T18:53:36.390213+00:00,bc936294060c9d60cc9127a37c6fda1969abe1f7004c343bee8fc4c265a83362,1.0,1.0.0,False,ok,
mvp-run,official,mvp,breast_cancer,random_forest,1,label,1,2,0.9439895185063871,0.9473684210526315,0.2563052177429199,398,171,"{""label_flipped"": 40, ""gaussian_cells"": 0, ""outlier_cells"": 0, ""missing_cells"": 0, ""n_train"": 398, ""n_cells"": 11940}",2026-10-04T18:53:36.651879+00:00,bc936294060c9d60cc9127a37c6fda1969abe1f7004c343bee8fc4c265a83362,1.0,1.0.0,False,ok,
mvp-run,official,mvp,breast_cancer,logreg,1,label,1,3,0.9054377880184332,0.9122807017543859,0.01606154441833496,398,171,"{""label_flipped"": 80, ""gaussian_cells"": 0, ""outlier_cells"": 0, ""missing_cells"": 0, ""n_train"": 398, ""n_cells"": 11940}",2026-10-04T18:53:36.676003+00:00,bc936294060c9d60cc9127a37c6fda1969abe1f7004c343bee8fc4c265a83362,1.0,1.0.0,False,ok,
mvp-run,official,mvp,breast_cancer,svm_rbf,1,label,1,3,0.9371693121693121,0.9415204678362573,0.010541677474975586,398,171,"{""label_flipped"": 80, ""gaussian_cells"": 0, ""outlier_cells"": 0, ""missing_cells"": 0, ""n_train"": 398, ""n_cells"": 11940}",2026-10-04T18:53:36.691732+00:00,bc936294060c9d60cc9127a37c6fda1969abe1f7004c343bee8fc4c265a83362,1.0,1.0.0,False,ok,
mvp-run,official,mvp,breast_cancer,decision_tree,1,label,1,3,0.7001610305958132,0.7134502923976608,0.016613245010375977,398,171,"{""label_flipped"": 80, ""gaussian_cells"": 0, ""outlier_cells"": 0, ""missing_cells"": 0, ""n_train"": 398, ""n_cells"": 11940}",2026-10-04T18:53:36.708345+00:00,bc936294060c9d60cc9127a37c6fda1969abe1f7004c343bee8fc4c265a83362,1.0,1.0.0,False,ok,
mvp-run,official,mvp,breast_cancer,random_forest,1,label,1,3,0.907203067906371,0.9122807017543859,0.2556791305541992,398,171,"{""label_flipped"": 80, ""gaussian_cells"": 0, ""outlier_cells"": 0, ""missing_cells"": 0, ""n_train"": 398, ""n_cells"": 11940}",2026-10-04T18:53:36.972147+00:00,bc936294060c9d60cc9127a37c6fda1969abe1f7004c343bee8fc4c265a83362,1.0,1.0.0,False,ok,
mvp-run,official,mvp,breast_cancer,logreg,1,label,1,4,0.8980625931445603,0.9064327485380117,0.022710084915161133,398,171,"{""label_flipped"": 119, ""gaussian_cells"": 0, ""outlier_cells"": 0, ""missing_cells"": 0, ""n_train"": 398, ""n_cells"": 11940}",2026-10-04T18:53:36.996716+00:00,bc936294060c9d60cc9127a37c6fda1969abe1f7004c343bee8fc4c265a83362,1.0,1.0.0,False,ok,
mvp-run,official,mvp,breast_cancer,svm_rbf,1,label,1,4,0.9185863394982603,0.9239766081871345,0.010958671569824219,398,171,"{""label_flipped"": 119, ""gaussian_cells"": 0, ""outlier_cells"": 0, ""missing_cells"": 0, ""n_train"": 398, ""n_cells"": 11940}",2026-10-04T18:53:37.013255+00:00,bc936294060c9d60cc9127a37c6fda1969abe1f7004c343bee8fc4c265a83362,1.0,1.0.0,False,ok,
mvp-run,official,mvp,breast_cancer,decision_tree,1,label,1,4,0.6928709588284057,0.695906432748538,0.01642155647277832,398,171,"{""label_flipped"": 119, ""gaussian_cells"": 0, ""outlier_cells"": 0, ""missing_cells"": 0, ""n_train"": 398, ""n_cells"": 11940}",2026-10-04T18:53:37.029676+00:00,bc936294060c9d60cc9127a37c6fda1969abe1f7004c343bee8fc4c265a83362,1.0,1.0.0,False,ok,
mvp-run,official,mvp,breast_cancer,random_forest,1,label,1,4,0.8843154708919352,0.8888888888888888,0.25896191596984863,398,171,"{""label_flipped"": 119, ""gaussian_cells"": 0, ""outlier_cells"": 0, ""missing_cells"": 0, ""n_train"": 398, ""n_cells"": 11940}",2026-10-04T18:53:37.307636+00:00,bc936294060c9d60cc9127a37c6fda1969abe1f7004c343bee8fc4c265a83362,1.0,1.0.0,False,ok,
mvp-run,official,mvp,breast_cancer,logreg,1,label,1,5,0.7515327639366339,0.7602339181286549,0.032312870025634766,398,171,"{""label_flipped"": 159, ""gaussian_cells"": 0, ""outlier_cells"": 0, ""missing_cells"": 0, ""n_train"": 398, ""n_cells"": 11940}",2026-10-04T18:53:37.339949+00:00,bc936294060c9d60cc9127a37c6fda1969abe1f7004c343bee8fc4c265a83362,1.0,1.0.0,False,ok,
mvp-run,official,mvp,breast_cancer,svm_rbf,1,label,1,5,0.8370911400444585,0.8421052631578947,0.010697603225708008,398,171,"{""label_flipped"": 159, ""gaussian_cells"": 0, ""outlier_cells"": 0, ""missing_cells"": 0, ""n_train"": 398, ""n_cells"": 11940}",2026-10-04T18:53:37.368165+00:00,bc936294060c9d60cc9127a37c6fda1969abe1f7004c343bee8fc4c265a83362,1.0,1.0.0,False,ok,
mvp-run,official,mvp,breast_cancer,decision_tree,1,label,1,5,0.5973925571915522,0.6081871345029239,0.01623821258544922,398,171,"{""label_flipped"": 159, ""gaussian_cells"": 0, ""outlier_cells"": 0, ""missing_cells"": 0, ""n_train"": 398, ""n_cells"": 11940}",2026-10-04T18:53:37.389510+00:00,bc936294060c9d60cc9127a37c6fda1969abe1f7004c343bee8fc4c265a83362,1.0,1.0.0,False,ok,
mvp-run,official,mvp,breast_cancer,random_forest,1,label,1,5,0.6711538461538462,0.672514619883041,0.2721121311187744,398,171,"{""label_flipped"": 159, ""gaussian_cells"": 0, ""outlier_cells"": 0, ""missing_cells"": 0, ""n_train"": 398, ""n_cells"": 11940}",2026-10-04T18:53:37.670033+00:00,bc936294060c9d60cc9127a37c6fda1969abe1f7004c343bee8fc4c265a83362,1.0,1.0.0,False,ok,
mvp-run,official,mvp,breast_cancer,logreg,1,gaussian,1,1,0.9493933116306599,0.9532163742690059,0.009159326553344727,398,171,"{""label_flipped"": 0, ""gaussian_cells"": 11940, ""outlier_cells"": 0, ""missing_cells"": 0, ""n_train"": 398, ""n_cells"": 11940}",2026-10-04T18:53:37.683638+00:00,bc936294060c9d60cc9127a37c6fda1969abe1f7004c343bee8fc4c265a83362,1.0,1.0.0,False,ok,
mvp-run,official,mvp,breast_cancer,svm_rbf,1,gaussian,1,1,0.962044983722995,0.9649122807017544,0.00790262222290039,398,171,"{""label_flipped"": 0, ""gaussian_cells"": 11940, ""outlier_cells"": 0, ""missing_cells"": 0, ""n_train"": 398, ""n_cells"": 11940}",2026-10-04T18:53:37.697685+00:00,bc936294060c9d60cc9127a37c6fda1969abe1f7004c343bee8fc4c265a83362,1.0,1.0.0,False,ok,
mvp-run,official,mvp,breast_cancer,decision_tree,1,gaussian,1,1,0.9315427448411399,0.935672514619883,0.01407313346862793,398,171,"{""label_flipped"": 0, ""gaussian_cells"": 11940, ""outlier_cells"": 0, ""missing_cells"": 0, ""n_train"": 398, ""n_cells"": 11940}",2026-10-04T18:53:37.720168+00:00,bc936294060c9d60cc9127a37c6fda1969abe1f7004c343bee8fc4c265a83362,1.0,1.0.0,False,ok,
mvp-run,official,mvp,breast_cancer,random_forest,1,gaussian,1,1,0.9311115180369895,0.935672514619883,0.2056870460510254,398,171,"{""label_flipped"": 0, ""gaussian_cells"": 11940, ""outlier_cells"": 0, ""missing_cells"": 0, ""n_train"": 398, ""n_cells"": 11940}",2026-10-04T18:53:37.933291+00:00,bc936294060c9d60cc9127a37c6fda1969abe1f7004c343bee8fc4c265a83362,1.0,1.0.0,False,ok,
mvp-run,official,mvp,breast_cancer,logreg,1,gaussian,1,2,0.9558709677419355,0.9590643274853801,0.006746053695678711,398,171,"{""label_flipped"": 0, ""gaussian_cells"": 11940, ""outlier_cells"": 0, ""missing_cells"": 0, ""n_train"": 398, ""n_cells"": 11940}",2026-10-04T18:53:37.940037+00:00,bc936294060c9d60cc9127a37c6fda1969abe1f7004c343bee8fc4c265a83362,1.0,1.0.0,False,ok,
mvp-run,official,mvp,breast_cancer,svm_rbf,1,gaussian,1,2,0.9682592716338122,0.9707602339181286,0.003896474838256836,398,171,"{""label_flipped"": 0, ""gaussian_cells"": 11940, ""outlier_cells"": 0, ""missing_cells"": 0, ""n_train"": 398, ""n_cells"": 11940}",2026-10-04T18:53:37.956355+00:00,bc936294060c9d60cc9127a37c6fda1969abe1f7004c343bee8fc4c265a83362,1.0,1.0.0,False,ok,
mvp-run,official,mvp,breast_cancer,decision_tree,1,gaussian,1,2,0.9358108108108107,0.9415204678362573,0.005741119384765625,398,171,"{""label_flipped"": 0, ""gaussian_cells"": 11940, ""outlier_cells"": 0, ""missing_cells"": 0, ""n_train"": 398, ""n_cells"": 11940}",2026-10-04T18:53:37.962864+00:00,bc936294060c9d60cc9127a37c6fda1969abe1f7004c343bee8fc4c265a83362,1.0,1.0.0,False,ok,
mvp-run,official,mvp,breast_cancer,random_forest,1,gaussian,1,2,0.936741639538325,0.9415204678362573,0.21666216850280762,398,171,"{""label_flipped"": 0, ""gaussian_cells"": 11940, ""outlier_cells"": 0, ""missing_cells"": 0, ""n_train"": 398, ""n_cells"": 11940}",2026-10-04T18:53:38.189945+00:00,bc936294060c9d60cc9127a37c6fda1969abe1f7004c343bee8fc4c265a83362,1.0,1.0.0,False,ok,
mvp-run,official,mvp,breast_cancer,logreg,1,gaussian,1,3,0.962044983722995,0.9649122807017544,0.016088247299194336,398,171,"{""label_flipped"": 0, ""gaussian_cells"": 11940, ""outlier_cells"": 0, ""missing_cells"": 0, ""n_train"": 398, ""n_cells"": 11940}",2026-10-04T18:53:38.206734+00:00,bc936294060c9d60cc9127a37c6fda1969abe1f7004c343bee8fc4c265a83362,1.0,1.0.0,False,ok,
mvp-run,official,mvp,breast_cancer,svm_rbf,1,gaussian,1,3,0.9486486486486487,0.9532163742690059,0.00634765625,398,171,"{""label_flipped"": 0, ""gaussian_cells"": 11940, ""outlier_cells"": 0, ""missing_cells"": 0, ""n_train"": 398, ""n_cells"": 11940}",2026-10-04T18:53:38.221355+00:00,bc936294060c9d60cc9127a37c6fda1969abe1f7004c343bee8fc4c265a83362,1.0,1.0.0,False,ok,
mvp-run,official,mvp,breast_cancer,decision_tree,1,gaussian,1,3,0.9086817210863595,0.9181286549707602,0.006379127502441406,398,171,"{""label_flipped"": 0, ""gaussian_cells"": 11940, ""outlier_cells"": 0, ""missing_cells"": 0, ""n_train"": 398, ""n_cells"": 11940}",2026-10-04T18:53:38.239805+00:00,bc936294060c9d60cc9127a37c6fda1969abe1f7004c343bee8fc4c265a83362,1.0,1.0.0,False,ok,
mvp-run,official,mvp,breast_cancer,random_forest,1,gaussian,1,3,0.9223668280871671,0.9298245614035088,0.2188889980316162,398,171,"{""label_flipped"": 0, ""gaussian_cells"": 11940, ""outlier_cells"": 0, ""missing_cells"": 0, ""n_train"": 398, ""n_cells"": 11940}",2026-10-04T18:53:38.469964+00:00,bc936294060c9d60cc9127a37c6fda1969abe1f7004c343bee8fc4c265a83362,1.0,1.0.0,False,ok,
mvp-run,official,mvp,breast_cancer,logreg,1,gaussian,1,4,0.9353056900726393,0.9415204678362573,0.00548553466796875,398,171,"{""label_flipped"": 0, ""gaussian_cells"": 11940, ""outlier_cells"": 0, ""missing_cells"": 0, ""n_train"": 398, ""n_cells"": 11940}",2026-10-04T18:53:38.475450+00:00,bc936294060c9d60cc9127a37c6fda1969abe1f7004c343bee8fc4c265a83362,1.0,1.0.0,False,ok,
mvp-run,official,mvp,breast_cancer,svm_rbf,1,gaussian,1,4,0.914843899636085,0.9239766081871345,0.0026302337646484375,398,171,"{""label_flipped"": 0, ""gaussian_cells"": 11940, ""outlier_cells"": 0, ""missing_cells"": 0, ""n_train"": 398, ""n_cells"": 11940}",2026-10-04T18:53:38.492165+00:00,bc936294060c9d60cc9127a37c6fda1969abe1f7004c343bee8fc4c265a83362,1.0,1.0.0,False,ok,
mvp-run,official,mvp,breast_cancer,decision_tree,1,gaussian,1,4,0.8793887147335423,0.8947368421052632,0.01672840118408203,398,171,"{""label_flipped"": 0, ""gaussian_cells"": 11940, ""outlier_cells"": 0, ""missing_cells"": 0, ""n_train"": 398, ""n_cells"": 11940}",2026-10-04T18:53:38.508893+00:00,bc936294060c9d60cc9127a37c6fda1969abe1f7004c343bee8fc4c265a83362,1.0,1.0.0,False,ok,
mvp-run,official,mvp,breast_cancer,random_forest,1,gaussian,1,4,0.8646723646723646,0.8830409356725146,0.24822235107421875,398,171,"{""label_flipped"": 0, ""gaussian_cells"": 11940, ""outlier_cells"": 0, ""missing_cells"": 0, ""n_train"": 398, ""n_cells"": 11940}",2026-10-04T18:53:38.765460+00:00,bc936294060c9d60cc9127a37c6fda1969abe1f7004c343bee8fc4c265a83362,1.0,1.0.0,False,ok,
mvp-run,official,mvp,breast_cancer,logreg,1,gaussian,1,5,0.9296585767174002,0.935672514619883,0.008525609970092773,398,171,"{""label_flipped"": 0, ""gaussian_cells"": 11940, ""outlier_cells"": 0, ""missing_cells"": 0, ""n_train"": 398, ""n_cells"": 11940}",2026-10-04T18:53:38.775722+00:00,bc936294060c9d60cc9127a37c6fda1969abe1f7004c343bee8fc4c265a83362,1.0,1.0.0,False,ok,
mvp-run,official,mvp,breast_cancer,svm_rbf,1,gaussian,1,5,0.9358108108108107,0.9415204678362573,0.008887529373168945,398,171,"{""label_flipped"": 0, ""gaussian_cells"": 11940, ""outlier_cells"": 0, ""missing_cells"": 0, ""n_train"": 398, ""n_cells"": 11940}",2026-10-04T18:53:38.791148+00:00,bc936294060c9d60cc9127a37c6fda1969abe1f7004c343bee8fc4c265a83362,1.0,1.0.0,False,ok,
mvp-run,official,mvp,breast_cancer,decision_tree,1,gaussian,1,5,0.8552631578947368,0.8713450292397661,0.008236885070800781,398,171,"{""label_flipped"": 0, ""gaussian_cells"": 11940, ""outlier_cells"": 0, ""missing_cells"": 0, ""n_train"": 398, ""n_cells"": 11940}",2026-10-04T18:53:38.807264+00:00,bc936294060c9d60cc9127a37c6fda1969abe1f7004c343bee8fc4c265a83362,1.0,1.0.0,False,ok,
mvp-run,official,mvp,breast_cancer,random_forest,1,gaussian,1,5,0.8646723646723646,0.8830409356725146,0.24472355842590332,398,171,"{""label_flipped"": 0, ""gaussian_cells"": 11940, ""outlier_cells"": 0, ""missing_cells"": 0, ""n_train"": 398, ""n_cells"": 11940}",2026-10-04T18:53:39.060256+00:00,bc936294060c9d60cc9127a37c6fda1969abe1f7004c343bee8fc4c265a83362,1.0,1.0.0,False,ok,
mvp-run,official,mvp,breast_cancer,logreg,1,outliers,1,1,0.9555629802873371,0.9590643274853801,0.015495538711547852,398,171,"{""label_flipped"": 0, ""gaussian_cells"": 0, ""outlier_cells"": 239, ""missing_cells"": 0, ""n_train"": 398, ""n_cells"": 11940}",2026-10-04T18:53:39.076823+00:00,bc936294060c9d60cc9127a37c6fda1969abe1f7004c343bee8fc4c265a83362,1.0,1.0.0,False,ok,
mvp-run,official,mvp,breast_cancer,svm_rbf,1,outliers,1,1,0.9682592716338122,0.9707602339181286,0.008376121520996094,398,171,"{""label_flipped"": 0, ""gaussian_cells"": 0, ""outlier_cells"": 239, ""missing_cells"": 0, ""n_train"": 398, ""n_cells"": 11940}",2026-10-04T18:53:39.085867+00:00,bc936294060c9d60cc9127a37c6fda1969abe1f7004c343bee8fc4c265a83362,1.0,1.0.0,False,ok,
mvp-run,official,mvp,breast_cancer,decision_tree,1,outliers,1,1,0.9383116883116882,0.9415204678362573,0.010028839111328125,398,171,"{""label_flipped"": 0, ""gaussian_cells"": 0, ""outlier_cells"": 239, ""missing_cells"": 0, ""n_train"": 398, ""n_cells"": 11940}",2026-10-04T18:53:39.102993+00:00,bc936294060c9d60cc9127a37c6fda1969abe1f7004c343bee8fc4c265a83362,1.0,1.0.0,False,ok,
mvp-run,official,mvp,breast_cancer,random_forest,1,outliers,1,1,0.9436366965757188,0.9473684210526315,0.19101309776306152,398,171,"{""label_flipped"": 0, ""gaussian_cells"": 0, ""outlier_cells"": 239, ""missing_cells"": 0, ""n_train"": 398, ""n_cells"": 11940}",2026-10-04T18:53:39.302760+00:00,bc936294060c9d60cc9127a37c6fda1969abe1f7004c343bee8fc4c265a83362,1.0,1.0.0,False,ok,
mvp-run,official,mvp,breast_cancer,logreg,1,outliers,1,2,0.9682592716338122,0.9707602339181286,0.008136987686157227,398,171,"{""label_flipped"": 0, ""gaussian_cells"": 0, ""outlier_cells"": 597, ""missing_cells"": 0, ""n_train"": 398, ""n_cells"": 11940}",2026-10-04T18:53:39.314956+00:00,bc936294060c9d60cc9127a37c6fda1969abe1f7004c343bee8fc4c265a83362,1.0,1.0.0,False,ok,
mvp-run,official,mvp,breast_cancer,svm_rbf,1,outliers,1,2,0.9552372760928911,0.9590643274853801,0.008231878280639648,398,171,"{""label_flipped"": 0, ""gaussian_cells"": 0, ""outlier_cells"": 597, ""missing_cells"": 0, ""n_train"": 398, ""n_cells"": 11940}",2026-10-04T18:53:39.325324+00:00,bc936294060c9d60cc9127a37c6fda1969abe1f7004c343bee8fc4c265a83362,1.0,1.0.0,False,ok,
mvp-run,official,mvp,breast_cancer,decision_tree,1,outliers,1,2,0.9555629802873371,0.9590643274853801,0.014362812042236328,398,171,"{""label_flipped"": 0, ""gaussian_cells"": 0, ""outlier_cells"": 597, ""missing_cells"": 0, ""n_train"": 398, ""n_cells"": 11940}",2026-10-04T18:53:39.341582+00:00,bc936294060c9d60cc9127a37c6fda1969abe1f7004c343bee8fc4c265a83362,1.0,1.0.0,False,ok,
mvp-run,official,mvp,breast_cancer,random_forest,1,outliers,1,2,0.9500584112149533,0.9532163742690059,0.21057391166687012,398,171,"{""label_flipped"": 0, ""gaussian_cells"": 0, ""outlier_cells"": 597, ""missing_cells"": 0, ""n_train"": 398, ""n_cells"": 11940}",2026-10-04T18:53:39.556439+00:00,bc936294060c9d60cc9127a37c6fda1969abe1f7004c343bee8fc4c265a83362,1.0,1.0.0,False,ok,
mvp-run,official,mvp,breast_cancer,logreg,1,outliers,1,3,0.9353056900726393,0.9415204678362573,0.008944272994995117,398,171,"{""label_flipped"": 0, ""gaussian_cells"": 0, ""outlier_cells"": 1194, ""missing_cells"": 0, ""n_train"": 398, ""n_cells"": 11940}",2026-10-04T18:53:39.568952+00:00,bc936294060c9d60cc9127a37c6fda1969abe1f7004c343bee8fc4c265a83362,1.0,1.0.0,False,ok,
mvp-run,official,mvp,breast_cancer,svm_rbf,1,outliers,1,3,0.9420055017522704,0.9473684210526315,0.005853891372680664,398,171,"{""label_flipped"": 0, ""gaussian_cells"": 0, ""outlier_cells"": 1194, ""missing_cells"": 0, ""n_train"": 398, ""n_cells"": 11940}",2026-10-04T18:53:39.587630+00:00,bc936294060c9d60cc9127a37c6fda1969abe1f7004c343bee8fc4c265a83362,1.0,1.0.0,False,ok,
mvp-run,official,mvp,breast_cancer,decision_tree,1,outliers,1,3,0.9131349782293179,0.9181286549707602,0.007739067077636719,398,171,"{""label_flipped"": 0, ""gaussian_cells"": 0, ""outlier_cells"": 1194, ""missing_cells"": 0, ""n_train"": 398, ""n_cells"": 11940}",2026-10-04T18:53:39.597379+00:00,bc936294060c9d60cc9127a37c6fda1969abe1f7004c343bee8fc4c265a83362,1.0,1.0.0,False,ok,
mvp-run,official,mvp,breast_cancer,random_forest,1,outliers,1,3,0.9500584112149533,0.9532163742690059,0.1734001636505127,398,171,"{""label_flipped"": 0, ""gaussian_cells"": 0, ""outlier_cells"": 1194, ""missing_cells"": 0, ""n_train"": 398, ""n_cells"": 11940}",2026-10-04T18:53:39.779557+00:00,bc936294060c9d60cc9127a37c6fda1969abe1f7004c343bee8fc4c265a83362,1.0,1.0.0,False,ok,
mvp-run,official,mvp,breast_cancer,logreg,1,outliers,1,4,0.9285470085470086,0.935672514619883,0.011635303497314453,398,171,"{""label_flipped"": 0, ""gaussian_cells"": 0, ""outlier_cells"": 1791, ""missing_cells"": 0, ""n_train"": 398, ""n_cells"": 11940}",2026-10-04T18:53:39.791192+00:00,bc936294060c9d60cc9127a37c6fda1969abe1f7004c343bee8fc4c265a83362,1.0,1.0.0,False,ok,
mvp-run,official,mvp,breast_cancer,svm_rbf,1,outliers,1,4,0.9353056900726393,0.9415204678362573,0.005689859390258789,398,171,"{""label_flipped"": 0, ""gaussian_cells"": 0, ""outlier_cells"": 1791, ""missing_cells"": 0, ""n_train"": 398, ""n_cells"": 11940}",2026-10-04T18:53:39.806185+00:00,bc936294060c9d60cc9127a37c6fda1969abe1f7004c343bee8fc4c265a83362,1.0,1.0.0,False,ok,
mvp-run,official,mvp,breast_cancer,decision_tree,1,outliers,1,4,0.9506493506493507,0.9532163742690059,0.0032448768615722656,398,171,"{""label_flipped"": 0, ""gaussian_cells"": 0, ""outlier_cells"": 1791, ""missing_cells"": 0, ""n_train"": 398, ""n_cells"": 11940}",2026-10-04T18:53:39.818481+00:00,bc936294060c9d60cc9127a37c6fda1969abe1f7004c343bee8fc4c265a83362,1.0,1.0.0,False,ok,
mvp-run,official,mvp,breast_cancer,random_forest,1,outliers,1,4,0.9503628447024673,0.9532163742690059,0.17105674743652344,398,171,"{""label_flipped"": 0, ""gaussian_cells"": 0, ""outlier_cells"": 1791, ""missing_cells"": 0, ""n_train"": 398, ""n_cells"": 11940}",2026-10-04T18:53:39.995178+00:00,bc936294060c9d60cc9127a37c6fda1969abe1f7004c343bee8fc4c265a83362,1.0,1.0.0,False,ok,
mvp-run,official,mvp,breast_cancer,logreg,1,outliers,1,5,0.9078947368421053,0.9181286549707602,0.007004737854003906,398,171,"{""label_flipped"": 0, ""gaussian_cells"": 0, ""outlier_cells"": 2388, ""missing_cells"": 0, ""n_train"": 398, ""n_cells"": 11940}",2026-10-04T18:53:40.005536+00:00,bc936294060c9d60cc9127a37c6fda1969abe1f7004c343bee8fc4c265a83362,1.0,1.0.0,False,ok,
mvp-run,official,mvp,breast_cancer,svm_rbf,1,outliers,1,5,0.9291178354749972,0.935672514619883,0.0065250396728515625,398,171,"{""label_flipped"": 0, ""gaussian_cells"": 0, ""outlier_cells"": 2388, ""missing_cells"": 0, ""n_train"": 398, ""n_cells"": 11940}",2026-10-04T18:53:40.023448+00:00,bc936294060c9d60cc9127a37c6fda1969abe1f7004c343bee8fc4c265a83362,1.0,1.0.0,False,ok,
mvp-run,official,mvp,breast_cancer,decision_tree,1,outliers,1,5,0.9311115180369895,0.935672514619883,0.005726814270019531,398,171,"{""label_flipped"": 0, ""gaussian_cells"": 0, ""outlier_cells"": 2388, ""missing_cells"": 0, ""n_train"": 398, ""n_cells"": 11940}",2026-10-04T18:53:40.029175+00:00,bc936294060c9d60cc9127a37c6fda1969abe1f7004c343bee8fc4c265a83362,1.0,1.0.0,False,ok,
mvp-run,official,mvp,breast_cancer,random_forest,1,outliers,1,5,0.9375730140186915,0.9415204678362573,0.18320679664611816,398,171,"{""label_flipped"": 0, ""gaussian_cells"": 0, ""outlier_cells"": 2388, ""missing_cells"": 0, ""n_train"": 398, ""n_cells"": 11940}",2026-10-04T18:53:40.221244+00:00,bc936294060c9d60cc9127a37c6fda1969abe1f7004c343bee8fc4c265a83362,1.0,1.0.0,False,ok,
mvp-run,official,mvp,breast_cancer,logreg,1,missing,1,1,0.9558709677419355,0.9590643274853801,0.009847879409790039,398,171,"{""label_flipped"": 0, ""gaussian_cells"": 0, ""outlier_cells"": 0, ""missing_cells"": 1247, ""n_train"": 398, ""n_cells"": 11940}",2026-10-04T18:53:40.237196+00:00,bc936294060c9d60cc9127a37c6fda1969abe1f7004c343bee8fc4c265a83362,1.0,1.0.0,False,ok,
mvp-run,official,mvp,breast_cancer,svm_rbf,1,missing,1,1,0.962044983722995,0.9649122807017544,0.0064525604248046875,398,171,"{""label_flipped"": 0, ""gaussian_cells"": 0, ""outlier_cells"": 0, ""missing_cells"": 1247, ""n_train"": 398, ""n_cells"": 11940}",2026-10-04T18:53:40.243649+00:00,bc936294060c9d60cc9127a37c6fda1969abe1f7004c343bee8fc4c265a83362,1.0,1.0.0,False,ok,
mvp-run,official,mvp,breast_cancer,decision_tree,1,missing,1,1,0.9066491975106452,0.9122807017543859,0.007281064987182617,398,171,"{""label_flipped"": 0, ""gaussian_cells"": 0, ""outlier_cells"": 0, ""missing_cells"": 1247, ""n_train"": 398, ""n_cells"": 11940}",2026-10-04T18:53:40.259913+00:00,bc936294060c9d60cc9127a37c6fda1969abe1f7004c343bee8fc4c265a83362,1.0,1.0.0,False,ok,
mvp-run,official,mvp,breast_cancer,random_forest,1,missing,1,1,0.9379535558780843,0.9415204678362573,0.19072937965393066,398,171,"{""label_flipped"": 0, ""gaussian_cells"": 0, ""outlier_cells"": 0, ""missing_cells"": 1247, ""n_train"": 398, ""n_cells"": 11940}",2026-10-04T18:53:40.454826+00:00,bc936294060c9d60cc9127a37c6fda1969abe1f7004c343bee8fc4c265a83362,1.0,1.0.0,False,ok,
mvp-run,official,mvp,breast_cancer,logreg,1,missing,1,2,0.9623015873015872,0.9649122807017544,0.013857364654541016,398,171,"{""label_flipped"": 0, ""gaussian_cells"": 0, ""outlier_cells"": 0, ""missing_cells"": 2407, ""n_train"": 398, ""n_cells"": 11940}",2026-10-04T18:53:40.469672+00:00,bc936294060c9d60cc9127a37c6fda1969abe1f7004c343bee8fc4c265a83362,1.0,1.0.0,False,ok,
mvp-run,official,mvp,breast_cancer,svm_rbf,1,missing,1,2,0.9497354497354498,0.9532163742690059,0.005866289138793945,398,171,"{""label_flipped"": 0, ""gaussian_cells"": 0, ""outlier_cells"": 0, ""missing_cells"": 2407, ""n_train"": 398, ""n_cells"": 11940}",2026-10-04T18:53:40.475538+00:00,bc936294060c9d60cc9127a37c6fda1969abe1f7004c343bee8fc4c265a83362,1.0,1.0.0,False,ok,
mvp-run,official,mvp,breast_cancer,decision_tree,1,missing,1,2,0.9439895185063871,0.9473684210526315,0.016602516174316406,398,171,"{""label_flipped"": 0, ""gaussian_cells"": 0, ""outlier_cells"": 0, ""missing_cells"": 2407, ""n_train"": 398, ""n_cells"": 11940}",2026-10-04T18:53:40.492141+00:00,bc936294060c9d60cc9127a37c6fda1969abe1f7004c343bee8fc4c265a83362,1.0,1.0.0,False,ok,
mvp-run,official,mvp,breast_cancer,random_forest,1,missing,1,2,0.9439895185063871,0.9473684210526315,0.2052597999572754,398,171,"{""label_flipped"": 0, ""gaussian_cells"": 0, ""outlier_cells"": 0, ""missing_cells"": 2407, ""n_train"": 398, ""n_cells"": 11940}",2026-10-04T18:53:40.708297+00:00,bc936294060c9d60cc9127a37c6fda1969abe1f7004c343bee8fc4c265a83362,1.0,1.0.0,False,ok,
mvp-run,official,mvp,breast_cancer,logreg,1,missing,1,3,0.9561618751144478,0.9590643274853801,0.013755559921264648,398,171,"{""label_flipped"": 0, ""gaussian_cells"": 0, ""outlier_cells"": 0, ""missing_cells"": 3631, ""n_train"": 398, ""n_cells"": 11940}",2026-10-04T18:53:40.723621+00:00,bc936294060c9d60cc9127a37c6fda1969abe1f7004c343bee8fc4c265a83362,1.0,1.0.0,False,ok,
mvp-run,official,mvp,breast_cancer,svm_rbf,1,missing,1,3,0.9315427448411399,0.935672514619883,0.0066602230072021484,398,171,"{""label_flipped"": 0, ""gaussian_cells"": 0, ""outlier_cells"": 0, ""missing_cells"": 3631, ""n_train"": 398, ""n_cells"": 11940}",2026-10-04T18:53:40.730281+00:00,bc936294060c9d60cc9127a37c6fda1969abe1f7004c343bee8fc4c265a83362,1.0,1.0.0,False,ok,
mvp-run,official,mvp,breast_cancer,decision_tree,1,missing,1,3,0.9060611609595313,0.9122807017543859,0.016202449798583984,398,171,"{""label_flipped"": 0, ""gaussian_cells"": 0, ""outlier_cells"": 0, ""missing_cells"": 3631, ""n_train"": 398, ""n_cells"": 11940}",2026-10-04T18:53:40.746483+00:00,bc936294060c9d60cc9127a37c6fda1969abe1f7004c343bee8fc4c265a83362,1.0,1.0.0,False,ok,
mvp-run,official,mvp,breast_cancer,random_forest,1,missing,1,3,0.931948916464672,0.935672514619883,0.19027066230773926,398,171,"{""label_flipped"": 0, ""gaussian_cells"": 0, ""outlier_cells"": 0, ""missing_cells"": 3631, ""n_train"": 398, ""n_cells"": 11940}",2026-10-04T18:53:40.944892+00:00,bc936294060c9d60cc9127a37c6fda1969abe1f7004c343bee8fc4c265a83362,1.0,1.0.0,False,ok,
mvp-run,official,mvp,breast_cancer,logreg,1,missing,1,4,0.9686870536531771,0.9707602339181286,0.01048898696899414,398,171,"{""label_flipped"": 0, ""gaussian_cells"": 0, ""outlier_cells"": 0, ""missing_cells"": 4712, ""n_train"": 398, ""n_cells"": 11940}",2026-10-04T18:53:40.955381+00:00,bc936294060c9d60cc9127a37c6fda1969abe1f7004c343bee8fc4c265a83362,1.0,1.0.0,False,ok,
mvp-run,official,mvp,breast_cancer,svm_rbf,1,missing,1,4,0.9141073478760047,0.9181286549707602,0.0,398,171,"{""label_flipped"": 0, ""gaussian_cells"": 0, ""outlier_cells"": 0, ""missing_cells"": 4712, ""n_train"": 398, ""n_cells"": 11940}",2026-10-04T18:53:40.971633+00:00,bc936294060c9d60cc9127a37c6fda1969abe1f7004c343bee8fc4c265a83362,1.0,1.0.0,False,ok,
mvp-run,official,mvp,breast_cancer,decision_tree,1,missing,1,4,0.9023415191319246,0.9064327485380117,0.010627508163452148,398,171,"{""label_flipped"": 0, ""gaussian_cells"": 0, ""outlier_cells"": 0, ""missing_cells"": 4712, ""n_train"": 398, ""n_cells"": 11940}",2026-10-04T18:53:40.982261+00:00,bc936294060c9d60cc9127a37c6fda1969abe1f7004c343bee8fc4c265a83362,1.0,1.0.0,False,ok,
mvp-run,official,mvp,breast_cancer,random_forest,1,missing,1,4,0.9379535558780843,0.9415204678362573,0.18995165824890137,398,171,"{""label_flipped"": 0, ""gaussian_cells"": 0, ""outlier_cells"": 0, ""missing_cells"": 4712, ""n_train"": 398, ""n_cells"": 11940}",2026-10-04T18:53:41.172212+00:00,bc936294060c9d60cc9127a37c6fda1969abe1f7004c343bee8fc4c265a83362,1.0,1.0.0,False,ok,
mvp-run,official,mvp,breast_cancer,logreg,1,missing,1,5,0.9561618751144478,0.9590643274853801,0.008137702941894531,398,171,"{""label_flipped"": 0, ""gaussian_cells"": 0, ""outlier_cells"": 0, ""missing_cells"": 6080, ""n_train"": 398, ""n_cells"": 11940}",2026-10-04T18:53:41.189626+00:00,bc936294060c9d60cc9127a37c6fda1969abe1f7004c343bee8fc4c265a83362,1.0,1.0.0,False,ok,
mvp-run,official,mvp,breast_cancer,svm_rbf,1,missing,1,5,0.8959742351046699,0.9005847953216374,0.0056476593017578125,398,171,"{""label_flipped"": 0, ""gaussian_cells"": 0, ""outlier_cells"": 0, ""missing_cells"": 6080, ""n_train"": 398, ""n_cells"": 11940}",2026-10-04T18:53:41.195274+00:00,bc936294060c9d60cc9127a37c6fda1969abe1f7004c343bee8fc4c265a83362,1.0,1.0.0,False,ok,
mvp-run,official,mvp,breast_cancer,decision_tree,1,missing,1,5,0.8743386243386244,0.8830409356725146,0.01650524139404297,398,171,"{""label_flipped"": 0, ""gaussian_cells"": 0, ""outlier_cells"": 0, ""missing_cells"": 6080, ""n_train"": 398, ""n_cells"": 11940}",2026-10-04T18:53:41.211779+00:00,bc936294060c9d60cc9127a37c6fda1969abe1f7004c343bee8fc4c265a83362,1.0,1.0.0,False,ok,
mvp-run,official,mvp,breast_cancer,random_forest,1,missing,1,5,0.9379535558780843,0.9415204678362573,0.2014474868774414,398,171,"{""label_flipped"": 0, ""gaussian_cells"": 0, ""outlier_cells"": 0, ""missing_cells"": 6080, ""n_train"": 398, ""n_cells"": 11940}",2026-10-04T18:53:41.422858+00:00,bc936294060c9d60cc9127a37c6fda1969abe1f7004c343bee8fc4c265a83362,1.0,1.0.0,False,ok,
mvp-run,official,mvp,breast_cancer,logreg,1,label+gaussian,2,1,0.9420055017522704,0.9473684210526315,0.01005697250366211,398,171,"{""label_flipped"": 20, ""gaussian_cells"": 11940, ""outlier_cells"": 0, ""missing_cells"": 0, ""n_train"": 398, ""n_cells"": 11940}",2026-10-04T18:53:41.436948+00:00,bc936294060c9d60cc9127a37c6fda1969abe1f7004c343bee8fc4c265a83362,1.0,1.0.0,False,ok,
mvp-run,official,mvp,breast_cancer,svm_rbf,1,label+gaussian,2,1,0.9555629802873371,0.9590643274853801,0.0,398,171,"{""label_flipped"": 20, ""gaussian_cells"": 11940, ""outlier_cells"": 0, ""missing_cells"": 0, ""n_train"": 398, ""n_cells"": 11940}",2026-10-04T18:53:41.453082+00:00,bc936294060c9d60cc9127a37c6fda1969abe1f7004c343bee8fc4c265a83362,1.0,1.0.0,False,ok,
mvp-run,official,mvp,breast_cancer,decision_tree,1,label+gaussian,2,1,0.9007256894049347,0.9064327485380117,0.0058324337005615234,398,171,"{""label_flipped"": 20, ""gaussian_cells"": 11940, ""outlier_cells"": 0, ""missing_cells"": 0, ""n_train"": 398, ""n_cells"": 11940}",2026-10-04T18:53:41.467875+00:00,bc936294060c9d60cc9127a37c6fda1969abe1f7004c343bee8fc4c265a83362,1.0,1.0.0,False,ok,
mvp-run,official,mvp,breast_cancer,random_forest,1,label+gaussian,2,1,0.9432626728110599,0.9473684210526315,0.20567774772644043,398,171,"{""label_flipped"": 20, ""gaussian_cells"": 11940, ""outlier_cells"": 0, ""missing_cells"": 0, ""n_train"": 398, ""n_cells"": 11940}",2026-10-04T18:53:41.682188+00:00,bc936294060c9d60cc9127a37c6fda1969abe1f7004c343bee8fc4c265a83362,1.0,1.0.0,False,ok,
mvp-run,official,mvp,breast_cancer,logreg,1,label+gaussian,2,2,0.9358108108108107,0.9415204678362573,0.0063402652740478516,398,171,"{""label_flipped"": 40, ""gaussian_cells"": 11940, ""outlier_cells"": 0, ""missing_cells"": 0, ""n_train"": 398, ""n_cells"": 11940}",2026-10-04T18:53:41.690200+00:00,bc936294060c9d60cc9127a37c6fda1969abe1f7004c343bee8fc4c265a83362,1.0,1.0.0,False,ok,
mvp-run,official,mvp,breast_cancer,svm_rbf,1,label+gaussian,2,2,0.9490312965722802,0.9532163742690059,0.008807897567749023,398,171,"{""label_flipped"": 40, ""gaussian_cells"": 11940, ""outlier_cells"": 0, ""missing_cells"": 0, ""n_train"": 398, ""n_cells"": 11940}",2026-10-04T18:53:41.708763+00:00,bc936294060c9d60cc9127a37c6fda1969abe1f7004c343bee8fc4c265a83362,1.0,1.0.0,False,ok,
mvp-run,official,mvp,breast_cancer,decision_tree,1,label+gaussian,2,2,0.9033425029204507,0.9122807017543859,0.01592540740966797,398,171,"{""label_flipped"": 40, ""gaussian_cells"": 11940, ""outlier_cells"": 0, ""missing_cells"": 0, ""n_train"": 398, ""n_cells"": 11940}",2026-10-04T18:53:41.725511+00:00,bc936294060c9d60cc9127a37c6fda1969abe1f7004c343bee8fc4c265a83362,1.0,1.0.0,False,ok,
mvp-run,official,mvp,breast_cancer,random_forest,1,label+gaussian,2,2,0.942866688940862,0.9473684210526315,0.24934077262878418,398,171,"{""label_flipped"": 40, ""gaussian_cells"": 11940, ""outlier_cells"": 0, ""missing_cells"": 0, ""n_train"": 398, ""n_cells"": 11940}",2026-10-04T18:53:41.982077+00:00,bc936294060c9d60cc9127a37c6fda1969abe1f7004c343bee8fc4c265a83362,1.0,1.0.0,False,ok,
mvp-run,official,mvp,breast_cancer,logreg,1,label+gaussian,2,3,0.912037037037037,0.9181286549707602,0.00951838493347168,398,171,"{""label_flipped"": 80, ""gaussian_cells"": 11940, ""outlier_cells"": 0, ""missing_cells"": 0, ""n_train"": 398, ""n_cells"": 11940}",2026-10-04T18:53:41.991596+00:00,bc936294060c9d60cc9127a37c6fda1969abe1f7004c343bee8fc4c265a83362,1.0,1.0.0,False,ok,
mvp-run,official,mvp,breast_cancer,svm_rbf,1,label+gaussian,2,3,0.8972972972972972,0.9064327485380117,0.008488893508911133,398,171,"{""label_flipped"": 80, ""gaussian_cells"": 11940, ""outlier_cells"": 0, ""missing_cells"": 0, ""n_train"": 398, ""n_cells"": 11940}",2026-10-04T18:53:42.007514+00:00,bc936294060c9d60cc9127a37c6fda1969abe1f7004c343bee8fc4c265a83362,1.0,1.0.0,False,ok,
mvp-run,official,mvp,breast_cancer,decision_tree,1,label+gaussian,2,3,0.8684856253433437,0.8771929824561403,0.010053634643554688,398,171,"{""label_flipped"": 80, ""gaussian_cells"": 11940, ""outlier_cells"": 0, ""missing_cells"": 0, ""n_train"": 398, ""n_cells"": 11940}",2026-10-04T18:53:42.024198+00:00,bc936294060c9d60cc9127a37c6fda1969abe1f7004c343bee8fc4c265a83362,1.0,1.0.0,False,ok,
mvp-run,official,mvp,breast_cancer,random_forest,1,label+gaussian,2,3,0.89878662326132,0.9064327485380117,0.24129724502563477,398,171,"{""label_flipped"": 80, ""gaussian_cells"": 11940, ""outlier_cells"": 0, ""missing_cells"": 0, ""n_train"": 398, ""n_cells"": 11940}",2026-10-04T18:53:42.279347+00:00,bc936294060c9d60cc9127a37c6fda1969abe1f7004c343bee8fc4c265a83362,1.0,1.0.0,False,ok,
mvp-run,official,mvp,breast_cancer,logreg,1,label+gaussian,2,4,0.9180460829493088,0.9239766081871345,0.008190393447875977,398,171,"{""label_flipped"": 119, ""gaussian_cells"": 11940, ""outlier_cells"": 0, ""missing_cells"": 0, ""n_train"": 398, ""n_cells"": 11940}",2026-10-04T18:53:42.287537+00:00,bc936294060c9d60cc9127a37c6fda1969abe1f7004c343bee8fc4c265a83362,1.0,1.0.0,False,ok,
mvp-run,official,mvp,breast_cancer,svm_rbf,1,label+gaussian,2,4,0.8805124223602485,0.8947368421052632,0.006369352340698242,398,171,"{""label_flipped"": 119, ""gaussian_cells"": 11940, ""outlier_cells"": 0, ""missing_cells"": 0, ""n_train"": 398, ""n_cells"": 11940}",2026-10-04T18:53:42.305906+00:00,bc936294060c9d60cc9127a37c6fda1969abe1f7004c343bee8fc4c265a83362,1.0,1.0.0,False,ok,
mvp-run,official,mvp,breast_cancer,decision_tree,1,label+gaussian,2,4,0.6579999999999999,0.7309941520467836,0.016675710678100586,398,171,"{""label_flipped"": 119, ""gaussian_cells"": 11940, ""outlier_cells"": 0, ""missing_cells"": 0, ""n_train"": 398, ""n_cells"": 11940}",2026-10-04T18:53:42.323397+00:00,bc936294060c9d60cc9127a37c6fda1969abe1f7004c343bee8fc4c265a83362,1.0,1.0.0,False,ok,
mvp-run,official,mvp,breast_cancer,random_forest,1,label+gaussian,2,4,0.8646723646723646,0.8830409356725146,0.2363119125366211,398,171,"{""label_flipped"": 119, ""gaussian_cells"": 11940, ""outlier_cells"": 0, ""missing_cells"": 0, ""n_train"": 398, ""n_cells"": 11940}",2026-10-04T18:53:42.566754+00:00,bc936294060c9d60cc9127a37c6fda1969abe1f7004c343bee8fc4c265a83362,1.0,1.0.0,False,ok,
mvp-run,official,mvp,breast_cancer,logreg,1,label+gaussian,2,5,0.7188270759112085,0.7192982456140351,0.006699800491333008,398,171,"{""label_flipped"": 159, ""gaussian_cells"": 11940, ""outlier_cells"": 0, ""missing_cells"": 0, ""n_train"": 398, ""n_cells"": 11940}",2026-10-04T18:53:42.573454+00:00,bc936294060c9d60cc9127a37c6fda1969abe1f7004c343bee8fc4c265a83362,1.0,1.0.0,False,ok,
mvp-run,official,mvp,breast_cancer,svm_rbf,1,label+gaussian,2,5,0.7192118226600985,0.7192982456140351,0.008169174194335938,398,171,"{""label_flipped"": 159, ""gaussian_cells"": 11940, ""outlier_cells"": 0, ""missing_cells"": 0, ""n_train"": 398, ""n_cells"": 11940}",2026-10-04T18:53:42.595749+00:00,bc936294060c9d60cc9127a37c6fda1969abe1f7004c343bee8fc4c265a83362,1.0,1.0.0,False,ok,
mvp-run,official,mvp,breast_cancer,decision_tree,1,label+gaussian,2,5,0.8252044392523364,0.8362573099415205,0.010826826095581055,398,171,"{""label_flipped"": 159, ""gaussian_cells"": 11940, ""outlier_cells"": 0, ""missing_cells"": 0, ""n_train"": 398, ""n_cells"": 11940}",2026-10-04T18:53:42.613183+00:00,bc936294060c9d60cc9127a37c6fda1969abe1f7004c343bee8fc4c265a83362,1.0,1.0.0,False,ok,
mvp-run,official,mvp,breast_cancer,random_forest,1,label+gaussian,2,5,0.6173179548975727,0.6198830409356725,0.2507162094116211,398,171,"{""label_flipped"": 159, ""gaussian_cells"": 11940, ""outlier_cells"": 0, ""missing_cells"": 0, ""n_train"": 398, ""n_cells"": 11940}",2026-10-04T18:53:42.879447+00:00,bc936294060c9d60cc9127a37c6fda1969abe1f7004c343bee8fc4c265a83362,1.0,1.0.0,False,ok,
mvp-run,official,mvp,breast_cancer,logreg,2,clean,0,0,0.962044983722995,0.9649122807017544,0.009992361068725586,398,171,{},2026-10-04T18:53:42.889439+00:00,bc936294060c9d60cc9127a37c6fda1969abe1f7004c343bee8fc4c265a83362,1.0,1.0.0,False,ok,
mvp-run,official,mvp,breast_cancer,svm_rbf,2,clean,0,0,0.962044983722995,0.9649122807017544,0.006680965423583984,398,171,{},2026-10-04T18:53:42.896120+00:00,bc936294060c9d60cc9127a37c6fda1969abe1f7004c343bee8fc4c265a83362,1.0,1.0.0,False,ok,
mvp-run,official,mvp,breast_cancer,decision_tree,2,clean,0,0,0.9301703975943869,0.935672514619883,0.010705709457397461,398,171,{},2026-10-04T18:53:42.912465+00:00,bc936294060c9d60cc9127a37c6fda1969abe1f7004c343bee8fc4c265a83362,1.0,1.0.0,False,ok,
mvp-run,official,mvp,breast_cancer,random_forest,2,clean,0,0,0.9617734724292102,0.9649122807017544,0.18209338188171387,398,171,{},2026-10-04T18:53:43.102642+00:00,bc936294060c9d60cc9127a37c6fda1969abe1f7004c343bee8fc4c265a83362,1.0,1.0.0,False,ok,
mvp-run,official,mvp,breast_cancer,logreg,2,label,1,1,0.9424479264051457,0.9473684210526315,0.01833796501159668,398,171,"{""label_flipped"": 20, ""gaussian_cells"": 0, ""outlier_cells"": 0, ""missing_cells"": 0, ""n_train"": 398, ""n_cells"": 11940}",2026-10-04T18:53:43.120980+00:00,bc936294060c9d60cc9127a37c6fda1969abe1f7004c343bee8fc4c265a83362,1.0,1.0.0,False,ok,
mvp-run,official,mvp,breast_cancer,svm_rbf,2,label,1,1,0.9617734724292102,0.9649122807017544,0.006642341613769531,398,171,"{""label_flipped"": 20, ""gaussian_cells"": 0, ""outlier_cells"": 0, ""missing_cells"": 0, ""n_train"": 398, ""n_cells"": 11940}",2026-10-04T18:53:43.134161+00:00,bc936294060c9d60cc9127a37c6fda1969abe1f7004c343bee8fc4c265a83362,1.0,1.0.0,False,ok,
mvp-run,official,mvp,breast_cancer,decision_tree,2,label,1,1,0.8396103896103896,0.847953216374269,0.015465259552001953,398,171,"{""label_flipped"": 20, ""gaussian_cells"": 0, ""outlier_cells"": 0, ""missing_cells"": 0, ""n_train"": 398, ""n_cells"": 11940}",2026-10-04T18:53:43.153538+00:00,bc936294060c9d60cc9127a37c6fda1969abe1f7004c343bee8fc4c265a83362,1.0,1.0.0,False,ok,
mvp-run,official,mvp,breast_cancer,random_forest,2,label,1,1,0.9420055017522704,0.9473684210526315,0.21622562408447266,398,171,"{""label_flipped"": 20, ""gaussian_cells"": 0, ""outlier_cells"": 0, ""missing_cells"": 0, ""n_train"": 398, ""n_cells"": 11940}",2026-10-04T18:53:43.378172+00:00,bc936294060c9d60cc9127a37c6fda1969abe1f7004c343bee8fc4c265a83362,1.0,1.0.0,False,ok,
mvp-run,official,mvp,breast_cancer,logreg,2,label,1,2,0.9371693121693121,0.9415204678362573,0.016370534896850586,398,171,"{""label_flipped"": 40, ""gaussian_cells"": 0, ""outlier_cells"": 0, ""missing_cells"": 0, ""n_train"": 398, ""n_cells"": 11940}",2026-10-04T18:53:43.394542+00:00,bc936294060c9d60cc9127a37c6fda1969abe1f7004c343bee8fc4c265a83362,1.0,1.0.0,False,ok,
mvp-run,official,mvp,breast_cancer,svm_rbf,2,label,1,2,0.9682592716338122,0.9707602339181286,0.009927749633789062,398,171,"{""label_flipped"": 40, ""gaussian_cells"": 0, ""outlier_cells"": 0, ""missing_cells"": 0, ""n_train"": 398, ""n_cells"": 11940}",2026-10-04T18:53:43.411107+00:00,bc936294060c9d60cc9127a37c6fda1969abe1f7004c343bee8fc4c265a83362,1.0,1.0.0,False,ok,
mvp-run,official,mvp,breast_cancer,decision_tree,2,label,1,2,0.8092959671907041,0.8187134502923976,0.016703367233276367,398,171,"{""label_flipped"": 40, ""gaussian_cells"": 0, ""outlier_cells"": 0, ""missing_cells"": 0, ""n_train"": 398, ""n_cells"": 11940}",2026-10-04T18:53:43.427810+00:00,bc936294060c9d60cc9127a37c6fda1969abe1f7004c343bee8fc4c265a83362,1.0,1.0.0,False,ok,
mvp-run,official,mvp,breast_cancer,random_forest,2,label,1,2,0.9486486486486487,0.9532163742690059,0.23454022407531738,398,171,"{""label_flipped"": 40, ""gaussian_cells"": 0, ""outlier_cells"": 0, ""missing_cells"": 0, ""n_train"": 398, ""n_cells"": 11940}",2026-10-04T18:53:43.673035+00:00,bc936294060c9d60cc9127a37c6fda1969abe1f7004c343bee8fc4c265a83362,1.0,1.0.0,False,ok,
mvp-run,official,mvp,breast_cancer,logreg,2,label,1,3,0.9623015873015872,0.9649122807017544,0.016175270080566406,398,171,"{""label_flipped"": 80, ""gaussian_cells"": 0, ""outlier_cells"": 0, ""missing_cells"": 0, ""n_train"": 398, ""n_cells"": 11940}",2026-10-04T18:53:43.692870+00:00,bc936294060c9d60cc9127a37c6fda1969abe1f7004c343bee8fc4c265a83362,1.0,1.0.0,False,ok,
mvp-run,official,mvp,breast_cancer,svm_rbf,2,label,1,3,0.9617734724292102,0.9649122807017544,0.007488727569580078,398,171,"{""label_flipped"": 80, ""gaussian_cells"": 0, ""outlier_cells"": 0, ""missing_cells"": 0, ""n_train"": 398, ""n_cells"": 11940}",2026-10-04T18:53:43.709144+00:00,bc936294060c9d60cc9127a37c6fda1969abe1f7004c343bee8fc4c265a83362,1.0,1.0.0,False,ok,
mvp-run,official,mvp,breast_cancer,decision_tree,2,label,1,3,0.7327365728900256,0.7426900584795322,0.01665806770324707,398,171,"{""label_flipped"": 80, ""gaussian_cells"": 0, ""outlier_cells"": 0, ""missing_cells"": 0, ""n_train"": 398, ""n_cells"": 11940}",2026-10-04T18:53:43.734671+00:00,bc936294060c9d60cc9127a37c6fda1969abe1f7004c343bee8fc4c265a83362,1.0,1.0.0,False,ok,
mvp-run,official,mvp,breast_cancer,random_forest,2,label,1,3,0.968479262672811,0.9707602339181286,0.26813220977783203,398,171,"{""label_flipped"": 80, ""gaussian_cells"": 0, ""outlier_cells"": 0, ""missing_cells"": 0, ""n_train"": 398, ""n_cells"": 11940}",2026-10-04T18:53:44.010784+00:00,bc936294060c9d60cc9127a37c6fda1969abe1f7004c343bee8fc4c265a83362,1.0,1.0.0,False,ok,
mvp-run,official,mvp,breast_cancer,logreg,2,label,1,4,0.8775671703659043,0.8888888888888888,0.024588584899902344,398,171,"{""label_flipped"": 119, ""gaussian_cells"": 0, ""outlier_cells"": 0, ""missing_cells"": 0, ""n_train"": 398, ""n_cells"": 11940}",2026-10-04T18:53:44.041342+00:00,bc936294060c9d60cc9127a37c6fda1969abe1f7004c343bee8fc4c265a83362,1.0,1.0.0,False,ok,
mvp-run,official,mvp,breast_cancer,svm_rbf,2,label,1,4,0.9086817210863595,0.9181286549707602,0.012070417404174805,398,171,"{""label_flipped"": 119, ""gaussian_cells"": 0, ""outlier_cells"": 0, ""missing_cells"": 0, ""n_train"": 398, ""n_cells"": 11940}",2026-10-04T18:53:44.055158+00:00,bc936294060c9d60cc9127a37c6fda1969abe1f7004c343bee8fc4c265a83362,1.0,1.0.0,False,ok,
mvp-run,official,mvp,breast_cancer,decision_tree,2,label,1,4,0.6921052631578948,0.695906432748538,0.01044917106628418,398,171,"{""label_flipped"": 119, ""gaussian_cells"": 0, ""outlier_cells"": 0, ""missing_cells"": 0, ""n_train"": 398, ""n_cells"": 11940}",2026-10-04T18:53:44.081772+00:00,bc936294060c9d60cc9127a37c6fda1969abe1f7004c343bee8fc4c265a83362,1.0,1.0.0,False,ok,
mvp-run,official,mvp,breast_cancer,random_forest,2,label,1,4,0.8559604468046145,0.8654970760233918,0.2732563018798828,398,171,"{""label_flipped"": 119, ""gaussian_cells"": 0, ""outlier_cells"": 0, ""missing_cells"": 0, ""n_train"": 398, ""n_cells"": 11940}",2026-10-04T18:53:44.362064+00:00,bc936294060c9d60cc9127a37c6fda1969abe1f7004c343bee8fc4c265a83362,1.0,1.0.0,False,ok,
mvp-run,official,mvp,breast_cancer,logreg,2,label,1,5,0.7075008188666885,0.7251461988304093,0.02505016326904297,398,171,"{""label_flipped"": 159, ""gaussian_cells"": 0, ""outlier_cells"": 0, ""missing_cells"": 0, ""n_train"": 398, ""n_cells"": 11940}",2026-10-04T18:53:44.390644+00:00,bc936294060c9d60cc9127a37c6fda1969abe1f7004c343bee8fc4c265a83362,1.0,1.0.0,False,ok,
mvp-run,official,mvp,breast_cancer,svm_rbf,2,label,1,5,0.8341952165481578,0.8596491228070176,0.013150453567504883,398,171,"{""label_flipped"": 159, ""gaussian_cells"": 0, ""outlier_cells"": 0, ""missing_cells"": 0, ""n_train"": 398, ""n_cells"": 11940}",2026-10-04T18:53:44.415664+00:00,bc936294060c9d60cc9127a37c6fda1969abe1f7004c343bee8fc4c265a83362,1.0,1.0.0,False,ok,
mvp-run,official,mvp,breast_cancer,decision_tree,2,label,1,5,0.5629966742517066,0.5730994152046783,0.012436628341674805,398,171,"{""label_flipped"": 159, ""gaussian_cells"": 0, ""outlier_cells"": 0, ""missing_cells"": 0, ""n_train"": 398, ""n_cells"": 11940}",2026-10-04T18:53:44.433908+00:00,bc936294060c9d60cc9127a37c6fda1969abe1f7004c343bee8fc4c265a83362,1.0,1.0.0,False,ok,
mvp-run,official,mvp,breast_cancer,random_forest,2,label,1,5,0.7339821279982635,0.7485380116959064,0.2668006420135498,398,171,"{""label_flipped"": 159, ""gaussian_cells"": 0, ""outlier_cells"": 0, ""missing_cells"": 0, ""n_train"": 398, ""n_cells"": 11940}",2026-10-04T18:53:44.715225+00:00,bc936294060c9d60cc9127a37c6fda1969abe1f7004c343bee8fc4c265a83362,1.0,1.0.0,False,ok,
mvp-run,official,mvp,breast_cancer,logreg,2,gaussian,1,1,0.9617734724292102,0.9649122807017544,0.011226654052734375,398,171,"{""label_flipped"": 0, ""gaussian_cells"": 11940, ""outlier_cells"": 0, ""missing_cells"": 0, ""n_train"": 398, ""n_cells"": 11940}",2026-10-04T18:53:44.730208+00:00,bc936294060c9d60cc9127a37c6fda1969abe1f7004c343bee8fc4c265a83362,1.0,1.0.0,False,ok,
mvp-run,official,mvp,breast_cancer,svm_rbf,2,gaussian,1,1,0.962044983722995,0.9649122807017544,0.007269144058227539,398,171,"{""label_flipped"": 0, ""gaussian_cells"": 11940, ""outlier_cells"": 0, ""missing_cells"": 0, ""n_train"": 398, ""n_cells"": 11940}",2026-10-04T18:53:44.745711+00:00,bc936294060c9d60cc9127a37c6fda1969abe1f7004c343bee8fc4c265a83362,1.0,1.0.0,False,ok,
mvp-run,official,mvp,breast_cancer,decision_tree,2,gaussian,1,1,0.9500584112149533,0.9532163742690059,0.011414527893066406,398,171,"{""label_flipped"": 0, ""gaussian_cells"": 11940, ""outlier_cells"": 0, ""missing_cells"": 0, ""n_train"": 398, ""n_cells"": 11940}",2026-10-04T18:53:44.764098+00:00,bc936294060c9d60cc9127a37c6fda1969abe1f7004c343bee8fc4c265a83362,1.0,1.0.0,False,ok,
mvp-run,official,mvp,breast_cancer,random_forest,2,gaussian,1,1,0.9420055017522704,0.9473684210526315,0.19754385948181152,398,171,"{""label_flipped"": 0, ""gaussian_cells"": 11940, ""outlier_cells"": 0, ""missing_cells"": 0, ""n_train"": 398, ""n_cells"": 11940}",2026-10-04T18:53:44.965274+00:00,bc936294060c9d60cc9127a37c6fda1969abe1f7004c343bee8fc4c265a83362,1.0,1.0.0,False,ok,
mvp-run,official,mvp,breast_cancer,logreg,2,gaussian,1,2,0.962044983722995,0.9649122807017544,0.008486032485961914,398,171,"{""label_flipped"": 0, ""gaussian_cells"": 11940, ""outlier_cells"": 0, ""missing_cells"": 0, ""n_train"": 398, ""n_cells"": 11940}",2026-10-04T18:53:44.982341+00:00,bc936294060c9d60cc9127a37c6fda1969abe1f7004c343bee8fc4c265a83362,1.0,1.0.0,False,ok,
mvp-run,official,mvp,breast_cancer,svm_rbf,2,gaussian,1,2,0.9617734724292102,0.9649122807017544,0.008034467697143555,398,171,"{""label_flipped"": 0, ""gaussian_cells"": 11940, ""outlier_cells"": 0, ""missing_cells"": 0, ""n_train"": 398, ""n_cells"": 11940}",2026-10-04T18:53:44.990375+00:00,bc936294060c9d60cc9127a37c6fda1969abe1f7004c343bee8fc4c265a83362,1.0,1.0.0,False,ok,
mvp-run,official,mvp,breast_cancer,decision_tree,2,gaussian,1,2,0.9246031746031746,0.9298245614035088,0.016123533248901367,398,171,"{""label_flipped"": 0, ""gaussian_cells"": 11940, ""outlier_cells"": 0, ""missing_cells"": 0, ""n_train"": 398, ""n_cells"": 11940}",2026-10-04T18:53:45.006499+00:00,bc936294060c9d60cc9127a37c6fda1969abe1f7004c343bee8fc4c265a83362,1.0,1.0.0,False,ok,
mvp-run,official,mvp,breast_cancer,random_forest,2,gaussian,1,2,0.9353056900726393,0.9415204678362573,0.21860241889953613,398,171,"{""label_flipped"": 0, ""gaussian_cells"": 11940, ""outlier_cells"": 0, ""missing_cells"": 0, ""n_train"": 398, ""n_cells"": 11940}",2026-10-04T18:53:45.231123+00:00,bc936294060c9d60cc9127a37c6fda1969abe1f7004c343bee8fc4c265a83362,1.0,1.0.0,False,ok,
mvp-run,official,mvp,breast_cancer,logreg,2,gaussian,1,3,0.9552372760928911,0.9590643274853801,0.009014129638671875,398,171,"{""label_flipped"": 0, ""gaussian_cells"": 11940, ""outlier_cells"": 0, ""missing_cells"": 0, ""n_train"": 398, ""n_cells"": 11940}",2026-10-04T18:53:45.244152+00:00,bc936294060c9d60cc9127a37c6fda1969abe1f7004c343bee8fc4c265a83362,1.0,1.0.0,False,ok,
mvp-run,official,mvp,breast_cancer,svm_rbf,2,gaussian,1,3,0.9420055017522704,0.9473684210526315,0.005412578582763672,398,171,"{""label_flipped"": 0, ""gaussian_cells"": 11940, ""outlier_cells"": 0, ""missing_cells"": 0, ""n_train"": 398, ""n_cells"": 11940}",2026-10-04T18:53:45.249564+00:00,bc936294060c9d60cc9127a37c6fda1969abe1f7004c343bee8fc4c265a83362,1.0,1.0.0,False,ok,
mvp-run,official,mvp,breast_cancer,decision_tree,2,gaussian,1,3,0.8419529837251356,0.8654970760233918,0.010444879531860352,398,171,"{""label_flipped"": 0, ""gaussian_cells"": 11940, ""outlier_cells"": 0, ""missing_cells"": 0, ""n_train"": 398, ""n_cells"": 11940}",2026-10-04T18:53:45.274591+00:00,bc936294060c9d60cc9127a37c6fda1969abe1f7004c343bee8fc4c265a83362,1.0,1.0.0,False,ok,
mvp-run,official,mvp,breast_cancer,random_forest,2,gaussian,1,3,0.8937888198757764,0.9064327485380117,0.22023630142211914,398,171,"{""label_flipped"": 0, ""gaussian_cells"": 11940, ""outlier_cells"": 0, ""missing_cells"": 0, ""n_train"": 398, ""n_cells"": 11940}",2026-10-04T18:53:45.504041+00:00,bc936294060c9d60cc9127a37c6fda1969abe1f7004c343bee8fc4c265a83362,1.0,1.0.0,False,ok,
mvp-run,official,mvp,breast_cancer,logreg,2,gaussian,1,4,0.9420055017522704,0.9473684210526315,0.005958080291748047,398,171,"{""label_flipped"": 0, ""gaussian_cells"": 11940, ""outlier_cells"": 0, ""missing_cells"": 0, ""n_train"": 398, ""n_cells"": 11940}",2026-10-04T18:53:45.512346+00:00,bc936294060c9d60cc9127a37c6fda1969abe1f7004c343bee8fc4c265a83362,1.0,1.0.0,False,ok,
mvp-run,official,mvp,breast_cancer,svm_rbf,2,gaussian,1,4,0.9420055017522704,0.9473684210526315,0.01035928726196289,398,171,"{""label_flipped"": 0, ""gaussian_cells"": 11940, ""outlier_cells"": 0, ""missing_cells"": 0, ""n_train"": 398, ""n_cells"": 11940}",2026-10-04T18:53:45.528338+00:00,bc936294060c9d60cc9127a37c6fda1969abe1f7004c343bee8fc4c265a83362,1.0,1.0.0,False,ok,
mvp-run,official,mvp,breast_cancer,decision_tree,2,gaussian,1,4,0.7682926829268293,0.8128654970760234,0.011572837829589844,398,171,"{""label_flipped"": 0, ""gaussian_cells"": 11940, ""outlier_cells"": 0, ""missing_cells"": 0, ""n_train"": 398, ""n_cells"": 11940}",2026-10-04T18:53:45.544712+00:00,bc936294060c9d60cc9127a37c6fda1969abe1f7004c343bee8fc4c265a83362,1.0,1.0.0,False,ok,
mvp-run,official,mvp,breast_cancer,random_forest,2,gaussian,1,4,0.8496162456028142,0.8713450292397661,0.23716330528259277,398,171,"{""label_flipped"": 0, ""gaussian_cells"": 11940, ""outlier_cells"": 0, ""missing_cells"": 0, ""n_train"": 398, ""n_cells"": 11940}",2026-10-04T18:53:45.790063+00:00,bc936294060c9d60cc9127a37c6fda1969abe1f7004c343bee8fc4c265a83362,1.0,1.0.0,False,ok,
mvp-run,official,mvp,breast_cancer,logreg,2,gaussian,1,5,0.9285470085470086,0.935672514619883,0.009052753448486328,398,171,"{""label_flipped"": 0, ""gaussian_cells"": 11940, ""outlier_cells"": 0, ""missing_cells"": 0, ""n_train"": 398, ""n_cells"": 11940}",2026-10-04T18:53:45.806513+00:00,bc936294060c9d60cc9127a37c6fda1969abe1f7004c343bee8fc4c265a83362,1.0,1.0.0,False,ok,
mvp-run,official,mvp,breast_cancer,svm_rbf,2,gaussian,1,5,0.914843899636085,0.9239766081871345,0.005692481994628906,398,171,"{""label_flipped"": 0, ""gaussian_cells"": 11940, ""outlier_cells"": 0, ""missing_cells"": 0, ""n_train"": 398, ""n_cells"": 11940}",2026-10-04T18:53:45.822524+00:00,bc936294060c9d60cc9127a37c6fda1969abe1f7004c343bee8fc4c265a83362,1.0,1.0.0,False,ok,
mvp-run,official,mvp,breast_cancer,decision_tree,2,gaussian,1,5,0.7769408794445614,0.8187134502923976,0.016269207000732422,398,171,"{""label_flipped"": 0, ""gaussian_cells"": 11940, ""outlier_cells"": 0, ""missing_cells"": 0, ""n_train"": 398, ""n_cells"": 11940}",2026-10-04T18:53:45.841106+00:00,bc936294060c9d60cc9127a37c6fda1969abe1f7004c343bee8fc4c265a83362,1.0,1.0.0,False,ok,
mvp-run,official,mvp,breast_cancer,random_forest,2,gaussian,1,5,0.8103200361529929,0.8421052631578947,0.2301788330078125,398,171,"{""label_flipped"": 0, ""gaussian_cells"": 11940, ""outlier_cells"": 0, ""missing_cells"": 0, ""n_train"": 398, ""n_cells"": 11940}",2026-10-04T18:53:46.076270+00:00,bc936294060c9d60cc9127a37c6fda1969abe1f7004c343bee8fc4c265a83362,1.0,1.0.0,False,ok,
mvp-run,official,mvp,breast_cancer,logreg,2,outliers,1,1,0.968479262672811,0.9707602339181286,0.01520228385925293,398,171,"{""label_flipped"": 0, ""gaussian_cells"": 0, ""outlier_cells"": 239, ""missing_cells"": 0, ""n_train"": 398, ""n_cells"": 11940}",2026-10-04T18:53:46.091472+00:00,bc936294060c9d60cc9127a37c6fda1969abe1f7004c343bee8fc4c265a83362,1.0,1.0.0,False,ok,
mvp-run,official,mvp,breast_cancer,svm_rbf,2,outliers,1,1,0.962044983722995,0.9649122807017544,0.010297536849975586,398,171,"{""label_flipped"": 0, ""gaussian_cells"": 0, ""outlier_cells"": 239, ""missing_cells"": 0, ""n_train"": 398, ""n_cells"": 11940}",2026-10-04T18:53:46.107790+00:00,bc936294060c9d60cc9127a37c6fda1969abe1f7004c343bee8fc4c265a83362,1.0,1.0.0,False,ok,
mvp-run,official,mvp,breast_cancer,decision_tree,2,outliers,1,1,0.931948916464672,0.935672514619883,0.010043859481811523,398,171,"{""label_flipped"": 0, ""gaussian_cells"": 0, ""outlier_cells"": 239, ""missing_cells"": 0, ""n_train"": 398, ""n_cells"": 11940}",2026-10-04T18:53:46.124558+00:00,bc936294060c9d60cc9127a37c6fda1969abe1f7004c343bee8fc4c265a83362,1.0,1.0.0,False,ok,
mvp-run,official,mvp,breast_cancer,random_forest,2,outliers,1,1,0.9486486486486487,0.9532163742690059,0.24834537506103516,398,171,"{""label_flipped"": 0, ""gaussian_cells"": 0, ""outlier_cells"": 239, ""missing_cells"": 0, ""n_train"": 398, ""n_cells"": 11940}",2026-10-04T18:53:46.385146+00:00,bc936294060c9d60cc9127a37c6fda1969abe1f7004c343bee8fc4c265a83362,1.0,1.0.0,False,ok,
mvp-run,official,mvp,breast_cancer,logreg,2,outliers,1,2,0.9555629802873371,0.9590643274853801,0.011574268341064453,398,171,"{""label_flipped"": 0, ""gaussian_cells"": 0, ""outlier_cells"": 597, ""missing_cells"": 0, ""n_train"": 398, ""n_cells"": 11940}",2026-10-04T18:53:46.399501+00:00,bc936294060c9d60cc9127a37c6fda1969abe1f7004c343bee8fc4c265a83362,1.0,1.0.0,False,ok,
mvp-run,official,mvp,breast_cancer,svm_rbf,2,outliers,1,2,0.9420055017522704,0.9473684210526315,0.008111953735351562,398,171,"{""label_flipped"": 0, ""gaussian_cells"": 0, ""outlier_cells"": 597, ""missing_cells"": 0, ""n_train"": 398, ""n_cells"": 11940}",2026-10-04T18:53:46.424102+00:00,bc936294060c9d60cc9127a37c6fda1969abe1f7004c343bee8fc4c265a83362,1.0,1.0.0,False,ok,
mvp-run,official,mvp,breast_cancer,decision_tree,2,outliers,1,2,0.9296585767174002,0.935672514619883,0.008021831512451172,398,171,"{""label_flipped"": 0, ""gaussian_cells"": 0, ""outlier_cells"": 597, ""missing_cells"": 0, ""n_train"": 398, ""n_cells"": 11940}",2026-10-04T18:53:46.432124+00:00,bc936294060c9d60cc9127a37c6fda1969abe1f7004c343bee8fc4c265a83362,1.0,1.0.0,False,ok,
mvp-run,official,mvp,breast_cancer,random_forest,2,outliers,1,2,0.9420055017522704,0.9473684210526315,0.18941092491149902,398,171,"{""label_flipped"": 0, ""gaussian_cells"": 0, ""outlier_cells"": 597, ""missing_cells"": 0, ""n_train"": 398, ""n_cells"": 11940}",2026-10-04T18:53:46.633748+00:00,bc936294060c9d60cc9127a37c6fda1969abe1f7004c343bee8fc4c265a83362,1.0,1.0.0,False,ok,
mvp-run,official,mvp,breast_cancer,logreg,2,outliers,1,3,0.9353056900726393,0.9415204678362573,0.0,398,171,"{""label_flipped"": 0, ""gaussian_cells"": 0, ""outlier_cells"": 1194, ""missing_cells"": 0, ""n_train"": 398, ""n_cells"": 11940}",2026-10-04T18:53:46.644250+00:00,bc936294060c9d60cc9127a37c6fda1969abe1f7004c343bee8fc4c265a83362,1.0,1.0.0,False,ok,
mvp-run,official,mvp,breast_cancer,svm_rbf,2,outliers,1,3,0.9420055017522704,0.9473684210526315,0.006223201751708984,398,171,"{""label_flipped"": 0, ""gaussian_cells"": 0, ""outlier_cells"": 1194, ""missing_cells"": 0, ""n_train"": 398, ""n_cells"": 11940}",2026-10-04T18:53:46.658346+00:00,bc936294060c9d60cc9127a37c6fda1969abe1f7004c343bee8fc4c265a83362,1.0,1.0.0,False,ok,
mvp-run,official,mvp,breast_cancer,decision_tree,2,outliers,1,3,0.968479262672811,0.9707602339181286,0.007532358169555664,398,171,"{""label_flipped"": 0, ""gaussian_cells"": 0, ""outlier_cells"": 1194, ""missing_cells"": 0, ""n_train"": 398, ""n_cells"": 11940}",2026-10-04T18:53:46.669892+00:00,bc936294060c9d60cc9127a37c6fda1969abe1f7004c343bee8fc4c265a83362,1.0,1.0.0,False,ok,
mvp-run,official,mvp,breast_cancer,random_forest,2,outliers,1,3,0.9486486486486487,0.9532163742690059,0.17505598068237305,398,171,"{""label_flipped"": 0, ""gaussian_cells"": 0, ""outlier_cells"": 1194, ""missing_cells"": 0, ""n_train"": 398, ""n_cells"": 11940}",2026-10-04T18:53:46.855391+00:00,bc936294060c9d60cc9127a37c6fda1969abe1f7004c343bee8fc4c265a83362,1.0,1.0.0,False,ok,
mvp-run,official,mvp,breast_cancer,logreg,2,outliers,1,4,0.9420055017522704,0.9473684210526315,0.006516695022583008,398,171,"{""label_flipped"": 0, ""gaussian_cells"": 0, ""outlier_cells"": 1791, ""missing_cells"": 0, ""n_train"": 398, ""n_cells"": 11940}",2026-10-04T18:53:46.865851+00:00,bc936294060c9d60cc9127a37c6fda1969abe1f7004c343bee8fc4c265a83362,1.0,1.0.0,False,ok,
mvp-run,official,mvp,breast_cancer,svm_rbf,2,outliers,1,4,0.9420055017522704,0.9473684210526315,0.010035991668701172,398,171,"{""label_flipped"": 0, ""gaussian_cells"": 0, ""outlier_cells"": 1791, ""missing_cells"": 0, ""n_train"": 398, ""n_cells"": 11940}",2026-10-04T18:53:46.881624+00:00,bc936294060c9d60cc9127a37c6fda1969abe1f7004c343bee8fc4c265a83362,1.0,1.0.0,False,ok,
mvp-run,official,mvp,breast_cancer,decision_tree,2,outliers,1,4,0.9223668280871671,0.9298245614035088,0.008014202117919922,398,171,"{""label_flipped"": 0, ""gaussian_cells"": 0, ""outlier_cells"": 1791, ""missing_cells"": 0, ""n_train"": 398, ""n_cells"": 11940}",2026-10-04T18:53:46.895681+00:00,bc936294060c9d60cc9127a37c6fda1969abe1f7004c343bee8fc4c265a83362,1.0,1.0.0,False,ok,
mvp-run,official,mvp,breast_cancer,random_forest,2,outliers,1,4,0.9420055017522704,0.9473684210526315,0.2301652431488037,398,171,"{""label_flipped"": 0, ""gaussian_cells"": 0, ""outlier_cells"": 1791, ""missing_cells"": 0, ""n_train"": 398, ""n_cells"": 11940}",2026-10-04T18:53:47.136229+00:00,bc936294060c9d60cc9127a37c6fda1969abe1f7004c343bee8fc4c265a83362,1.0,1.0.0,False,ok,
mvp-run,official,mvp,breast_cancer,logreg,2,outliers,1,5,0.9217271895025938,0.9298245614035088,0.006402015686035156,398,171,"{""label_flipped"": 0, ""gaussian_cells"": 0, ""outlier_cells"": 2388, ""missing_cells"": 0, ""n_train"": 398, ""n_cells"": 11940}",2026-10-04T18:53:47.148348+00:00,bc936294060c9d60cc9127a37c6fda1969abe1f7004c343bee8fc4c265a83362,1.0,1.0.0,False,ok,
mvp-run,official,mvp,breast_cancer,svm_rbf,2,outliers,1,5,0.9285470085470086,0.935672514619883,0.00803065299987793,398,171,"{""label_flipped"": 0, ""gaussian_cells"": 0, ""outlier_cells"": 2388, ""missing_cells"": 0, ""n_train"": 398, ""n_cells"": 11940}",2026-10-04T18:53:47.165949+00:00,bc936294060c9d60cc9127a37c6fda1969abe1f7004c343bee8fc4c265a83362,1.0,1.0.0,False,ok,
mvp-run,official,mvp,breast_cancer,decision_tree,2,outliers,1,5,0.942866688940862,0.9473684210526315,0.008028507232666016,398,171,"{""label_flipped"": 0, ""gaussian_cells"": 0, ""outlier_cells"": 2388, ""missing_cells"": 0, ""n_train"": 398, ""n_cells"": 11940}",2026-10-04T18:53:47.176991+00:00,bc936294060c9d60cc9127a37c6fda1969abe1f7004c343bee8fc4c265a83362,1.0,1.0.0,False,ok,
mvp-run,official,mvp,breast_cancer,random_forest,2,outliers,1,5,0.9486486486486487,0.9532163742690059,0.19466590881347656,398,171,"{""label_flipped"": 0, ""gaussian_cells"": 0, ""outlier_cells"": 2388, ""missing_cells"": 0, ""n_train"": 398, ""n_cells"": 11940}",2026-10-04T18:53:47.379878+00:00,bc936294060c9d60cc9127a37c6fda1969abe1f7004c343bee8fc4c265a83362,1.0,1.0.0,False,ok,
mvp-run,official,mvp,breast_cancer,logreg,2,missing,1,1,0.968479262672811,0.9707602339181286,0.008818626403808594,398,171,"{""label_flipped"": 0, ""gaussian_cells"": 0, ""outlier_cells"": 0, ""missing_cells"": 1072, ""n_train"": 398, ""n_cells"": 11940}",2026-10-04T18:53:47.388697+00:00,bc936294060c9d60cc9127a37c6fda1969abe1f7004c343bee8fc4c265a83362,1.0,1.0.0,False,ok,
mvp-run,official,mvp,breast_cancer,svm_rbf,2,missing,1,1,0.9623015873015872,0.9649122807017544,0.0,398,171,"{""label_flipped"": 0, ""gaussian_cells"": 0, ""outlier_cells"": 0, ""missing_cells"": 1072, ""n_train"": 398, ""n_cells"": 11940}",2026-10-04T18:53:47.404904+00:00,bc936294060c9d60cc9127a37c6fda1969abe1f7004c343bee8fc4c265a83362,1.0,1.0.0,False,ok,
mvp-run,official,mvp,breast_cancer,decision_tree,2,missing,1,1,0.9371693121693121,0.9415204678362573,0.008278131484985352,398,171,"{""label_flipped"": 0, ""gaussian_cells"": 0, ""outlier_cells"": 0, ""missing_cells"": 1072, ""n_train"": 398, ""n_cells"": 11940}",2026-10-04T18:53:47.413182+00:00,bc936294060c9d60cc9127a37c6fda1969abe1f7004c343bee8fc4c265a83362,1.0,1.0.0,False,ok,
mvp-run,official,mvp,breast_cancer,random_forest,2,missing,1,1,0.97469665581533,0.9766081871345029,0.24499821662902832,398,171,"{""label_flipped"": 0, ""gaussian_cells"": 0, ""outlier_cells"": 0, ""missing_cells"": 1072, ""n_train"": 398, ""n_cells"": 11940}",2026-10-04T18:53:47.666201+00:00,bc936294060c9d60cc9127a37c6fda1969abe1f7004c343bee8fc4c265a83362,1.0,1.0.0,False,ok,
mvp-run,official,mvp,breast_cancer,logreg,2,missing,1,2,0.9555629802873371,0.9590643274853801,0.008365392684936523,398,171,"{""label_flipped"": 0, ""gaussian_cells"": 0, ""outlier_cells"": 0, ""missing_cells"": 2440, ""n_train"": 398, ""n_cells"": 11940}",2026-10-04T18:53:47.682617+00:00,bc936294060c9d60cc9127a37c6fda1969abe1f7004c343bee8fc4c265a83362,1.0,1.0.0,False,ok,
mvp-run,official,mvp,breast_cancer,svm_rbf,2,missing,1,2,0.9682592716338122,0.9707602339181286,0.0040166378021240234,398,171,"{""label_flipped"": 0, ""gaussian_cells"": 0, ""outlier_cells"": 0, ""missing_cells"": 2440, ""n_train"": 398, ""n_cells"": 11940}",2026-10-04T18:53:47.692657+00:00,bc936294060c9d60cc9127a37c6fda1969abe1f7004c343bee8fc4c265a83362,1.0,1.0.0,False,ok,
mvp-run,official,mvp,breast_cancer,decision_tree,2,missing,1,2,0.9250876168224299,0.9298245614035088,0.0040149688720703125,398,171,"{""label_flipped"": 0, ""gaussian_cells"": 0, ""outlier_cells"": 0, ""missing_cells"": 2440, ""n_train"": 398, ""n_cells"": 11940}",2026-10-04T18:53:47.707076+00:00,bc936294060c9d60cc9127a37c6fda1969abe1f7004c343bee8fc4c265a83362,1.0,1.0.0,False,ok,
mvp-run,official,mvp,breast_cancer,random_forest,2,missing,1,2,0.9682592716338122,0.9707602339181286,0.1959090232849121,398,171,"{""label_flipped"": 0, ""gaussian_cells"": 0, ""outlier_cells"": 0, ""missing_cells"": 2440, ""n_train"": 398, ""n_cells"": 11940}",2026-10-04T18:53:47.905346+00:00,bc936294060c9d60cc9127a37c6fda1969abe1f7004c343bee8fc4c265a83362,1.0,1.0.0,False,ok,
mvp-run,official,mvp,breast_cancer,logreg,2,missing,1,3,0.962044983722995,0.9649122807017544,0.0,398,171,"{""label_flipped"": 0, ""gaussian_cells"": 0, ""outlier_cells"": 0, ""missing_cells"": 3729, ""n_train"": 398, ""n_cells"": 11940}",2026-10-04T18:53:47.920270+00:00,bc936294060c9d60cc9127a37c6fda1969abe1f7004c343bee8fc4c265a83362,1.0,1.0.0,False,ok,
mvp-run,official,mvp,breast_cancer,svm_rbf,2,missing,1,3,0.9558709677419355,0.9590643274853801,0.005764007568359375,398,171,"{""label_flipped"": 0, ""gaussian_cells"": 0, ""outlier_cells"": 0, ""missing_cells"": 3729, ""n_train"": 398, ""n_cells"": 11940}",2026-10-04T18:53:47.928402+00:00,bc936294060c9d60cc9127a37c6fda1969abe1f7004c343bee8fc4c265a83362,1.0,1.0.0,False,ok,
mvp-run,official,mvp,breast_cancer,decision_tree,2,missing,1,3,0.912037037037037,0.9181286549707602,0.01016855239868164,398,171,"{""label_flipped"": 0, ""gaussian_cells"": 0, ""outlier_cells"": 0, ""missing_cells"": 3729, ""n_train"": 398, ""n_cells"": 11940}",2026-10-04T18:53:47.938571+00:00,bc936294060c9d60cc9127a37c6fda1969abe1f7004c343bee8fc4c265a83362,1.0,1.0.0,False,ok,
mvp-run,official,mvp,breast_cancer,random_forest,2,missing,1,3,0.9617734724292102,0.9649122807017544,0.1898791790008545,398,171,"{""label_flipped"": 0, ""gaussian_cells"": 0, ""outlier_cells"": 0, ""missing_cells"": 3729, ""n_train"": 398, ""n_cells"": 11940}",2026-10-04T18:53:48.140160+00:00,bc936294060c9d60cc9127a37c6fda1969abe1f7004c343bee8fc4c265a83362,1.0,1.0.0,False,ok,
mvp-run,official,mvp,breast_cancer,logreg,2,missing,1,4,0.97469665581533,0.9766081871345029,0.005449533462524414,398,171,"{""label_flipped"": 0, ""gaussian_cells"": 0, ""outlier_cells"": 0, ""missing_cells"": 4804, ""n_train"": 398, ""n_cells"": 11940}",2026-10-04T18:53:48.147617+00:00,bc936294060c9d60cc9127a37c6fda1969abe1f7004c343bee8fc4c265a83362,1.0,1.0.0,False,ok,
mvp-run,official,mvp,breast_cancer,svm_rbf,2,missing,1,4,0.9617734724292102,0.9649122807017544,0.010336160659790039,398,171,"{""label_flipped"": 0, ""gaussian_cells"": 0, ""outlier_cells"": 0, ""missing_cells"": 4804, ""n_train"": 398, ""n_cells"": 11940}",2026-10-04T18:53:48.164488+00:00,bc936294060c9d60cc9127a37c6fda1969abe1f7004c343bee8fc4c265a83362,1.0,1.0.0,False,ok,
mvp-run,official,mvp,breast_cancer,decision_tree,2,missing,1,4,0.9246031746031746,0.9298245614035088,0.00989532470703125,398,171,"{""label_flipped"": 0, ""gaussian_cells"": 0, ""outlier_cells"": 0, ""missing_cells"": 4804, ""n_train"": 398, ""n_cells"": 11940}",2026-10-04T18:53:48.174384+00:00,bc936294060c9d60cc9127a37c6fda1969abe1f7004c343bee8fc4c265a83362,1.0,1.0.0,False,ok,
mvp-run,official,mvp,breast_cancer,random_forest,2,missing,1,4,0.9552372760928911,0.9590643274853801,0.1889817714691162,398,171,"{""label_flipped"": 0, ""gaussian_cells"": 0, ""outlier_cells"": 0, ""missing_cells"": 4804, ""n_train"": 398, ""n_cells"": 11940}",2026-10-04T18:53:48.372105+00:00,bc936294060c9d60cc9127a37c6fda1969abe1f7004c343bee8fc4c265a83362,1.0,1.0.0,False,ok,
mvp-run,official,mvp,breast_cancer,logreg,2,missing,1,5,0.968479262672811,0.9707602339181286,0.0059282779693603516,398,171,"{""label_flipped"": 0, ""gaussian_cells"": 0, ""outlier_cells"": 0, ""missing_cells"": 5918, ""n_train"": 398, ""n_cells"": 11940}",2026-10-04T18:53:48.379914+00:00,bc936294060c9d60cc9127a37c6fda1969abe1f7004c343bee8fc4c265a83362,1.0,1.0.0,False,ok,
mvp-run,official,mvp,breast_cancer,svm_rbf,2,missing,1,5,0.9561618751144478,0.9590643274853801,0.004224300384521484,398,171,"{""label_flipped"": 0, ""gaussian_cells"": 0, ""outlier_cells"": 0, ""missing_cells"": 5918, ""n_train"": 398, ""n_cells"": 11940}",2026-10-04T18:53:48.396101+00:00,bc936294060c9d60cc9127a37c6fda1969abe1f7004c343bee8fc4c265a83362,1.0,1.0.0,False,ok,
mvp-run,official,mvp,breast_cancer,decision_tree,2,missing,1,5,0.9066491975106452,0.9122807017543859,0.010529756546020508,398,171,"{""label_flipped"": 0, ""gaussian_cells"": 0, ""outlier_cells"": 0, ""missing_cells"": 5918, ""n_train"": 398, ""n_cells"": 11940}",2026-10-04T18:53:48.406631+00:00,bc936294060c9d60cc9127a37c6fda1969abe1f7004c343bee8fc4c265a83362,1.0,1.0.0,False,ok,
mvp-run,official,mvp,breast_cancer,random_forest,2,missing,1,5,0.9682592716338122,0.9707602339181286,0.19861268997192383,398,171,"{""label_flipped"": 0, ""gaussian_cells"": 0, ""outlier_cells"": 0, ""missing_cells"": 5918, ""n_train"": 398, ""n_cells"": 11940}",2026-10-04T18:53:48.612127+00:00,bc936294060c9d60cc9127a37c6fda1969abe1f7004c343bee8fc4c265a83362,1.0,1.0.0,False,ok,
mvp-run,official,mvp,breast_cancer,logreg,2,label+gaussian,2,1,0.9353056900726393,0.9415204678362573,0.012869119644165039,398,171,"{""label_flipped"": 20, ""gaussian_cells"": 11940, ""outlier_cells"": 0, ""missing_cells"": 0, ""n_train"": 398, ""n_cells"": 11940}",2026-10-04T18:53:48.633479+00:00,bc936294060c9d60cc9127a37c6fda1969abe1f7004c343bee8fc4c265a83362,1.0,1.0.0,False,ok,
mvp-run,official,mvp,breast_cancer,svm_rbf,2,label+gaussian,2,1,0.9617734724292102,0.9649122807017544,0.0008718967437744141,398,171,"{""label_flipped"": 20, ""gaussian_cells"": 11940, ""outlier_cells"": 0, ""missing_cells"": 0, ""n_train"": 398, ""n_cells"": 11940}",2026-10-04T18:53:48.643678+00:00,bc936294060c9d60cc9127a37c6fda1969abe1f7004c343bee8fc4c265a83362,1.0,1.0.0,False,ok,
mvp-run,official,mvp,breast_cancer,decision_tree,2,label+gaussian,2,1,0.9047778149014367,0.9122807017543859,0.016704320907592773,398,171,"{""label_flipped"": 20, ""gaussian_cells"": 11940, ""outlier_cells"": 0, ""missing_cells"": 0, ""n_train"": 398, ""n_cells"": 11940}",2026-10-04T18:53:48.660383+00:00,bc936294060c9d60cc9127a37c6fda1969abe1f7004c343bee8fc4c265a83362,1.0,1.0.0,False,ok,
mvp-run,official,mvp,breast_cancer,random_forest,2,label+gaussian,2,1,0.9353056900726393,0.9415204678362573,0.22657322883605957,398,171,"{""label_flipped"": 20, ""gaussian_cells"": 11940, ""outlier_cells"": 0, ""missing_cells"": 0, ""n_train"": 398, ""n_cells"": 11940}",2026-10-04T18:53:48.891325+00:00,bc936294060c9d60cc9127a37c6fda1969abe1f7004c343bee8fc4c265a83362,1.0,1.0.0,False,ok,
mvp-run,official,mvp,breast_cancer,logreg,2,label+gaussian,2,2,0.9497354497354498,0.9532163742690059,0.00928354263305664,398,171,"{""label_flipped"": 40, ""gaussian_cells"": 11940, ""outlier_cells"": 0, ""missing_cells"": 0, ""n_train"": 398, ""n_cells"": 11940}",2026-10-04T18:53:48.905226+00:00,bc936294060c9d60cc9127a37c6fda1969abe1f7004c343bee8fc4c265a83362,1.0,1.0.0,False,ok,
mvp-run,official,mvp,breast_cancer,svm_rbf,2,label+gaussian,2,2,0.9490312965722802,0.9532163742690059,0.0059816837310791016,398,171,"{""label_flipped"": 40, ""gaussian_cells"": 11940, ""outlier_cells"": 0, ""missing_cells"": 0, ""n_train"": 398, ""n_cells"": 11940}",2026-10-04T18:53:48.919262+00:00,bc936294060c9d60cc9127a37c6fda1969abe1f7004c343bee8fc4c265a83362,1.0,1.0.0,False,ok,
mvp-run,official,mvp,breast_cancer,decision_tree,2,label+gaussian,2,2,0.8751460280373832,0.8830409356725146,0.014544248580932617,398,171,"{""label_flipped"": 40, ""gaussian_cells"": 11940, ""outlier_cells"": 0, ""missing_cells"": 0, ""n_train"": 398, ""n_cells"": 11940}",2026-10-04T18:53:48.937611+00:00,bc936294060c9d60cc9127a37c6fda1969abe1f7004c343bee8fc4c265a83362,1.0,1.0.0,False,ok,
mvp-run,official,mvp,breast_cancer,random_forest,2,label+gaussian,2,2,0.9285470085470086,0.935672514619883,0.24904870986938477,398,171,"{""label_flipped"": 40, ""gaussian_cells"": 11940, ""outlier_cells"": 0, ""missing_cells"": 0, ""n_train"": 398, ""n_cells"": 11940}",2026-10-04T18:53:49.203140+00:00,bc936294060c9d60cc9127a37c6fda1969abe1f7004c343bee8fc4c265a83362,1.0,1.0.0,False,ok,
mvp-run,official,mvp,breast_cancer,logreg,2,label+gaussian,2,3,0.9617734724292102,0.9649122807017544,0.005289793014526367,398,171,"{""label_flipped"": 80, ""gaussian_cells"": 11940, ""outlier_cells"": 0, ""missing_cells"": 0, ""n_train"": 398, ""n_cells"": 11940}",2026-10-04T18:53:49.214200+00:00,bc936294060c9d60cc9127a37c6fda1969abe1f7004c343bee8fc4c265a83362,1.0,1.0.0,False,ok,
mvp-run,official,mvp,breast_cancer,svm_rbf,2,label+gaussian,2,3,0.9420055017522704,0.9473684210526315,0.007529735565185547,398,171,"{""label_flipped"": 80, ""gaussian_cells"": 11940, ""outlier_cells"": 0, ""missing_cells"": 0, ""n_train"": 398, ""n_cells"": 11940}",2026-10-04T18:53:49.231763+00:00,bc936294060c9d60cc9127a37c6fda1969abe1f7004c343bee8fc4c265a83362,1.0,1.0.0,False,ok,
mvp-run,official,mvp,breast_cancer,decision_tree,2,label+gaussian,2,3,0.7855799373040753,0.8128654970760234,0.01502847671508789,398,171,"{""label_flipped"": 80, ""gaussian_cells"": 11940, ""outlier_cells"": 0, ""missing_cells"": 0, ""n_train"": 398, ""n_cells"": 11940}",2026-10-04T18:53:49.252814+00:00,bc936294060c9d60cc9127a37c6fda1969abe1f7004c343bee8fc4c265a83362,1.0,1.0.0,False,ok,
mvp-run,official,mvp,breast_cancer,random_forest,2,label+gaussian,2,3,0.900877226881014,0.9122807017543859,0.3106262683868408,398,171,"{""label_flipped"": 80, ""gaussian_cells"": 11940, ""outlier_cells"": 0, ""missing_cells"": 0, ""n_train"": 398, ""n_cells"": 11940}",2026-10-04T18:53:49.572213+00:00,bc936294060c9d60cc9127a37c6fda1969abe1f7004c343bee8fc4c265a83362,1.0,1.0.0,False,ok,
mvp-run,official,mvp,breast_cancer,logreg,2,label+gaussian,2,4,0.8937888198757764,0.9064327485380117,0.006024599075317383,398,171,"{""label_flipped"": 119, ""gaussian_cells"": 11940, ""outlier_cells"": 0, ""missing_cells"": 0, ""n_train"": 398, ""n_cells"": 11940}",2026-10-04T18:53:49.586595+00:00,bc936294060c9d60cc9127a37c6fda1969abe1f7004c343bee8fc4c265a83362,1.0,1.0.0,False,ok,
mvp-run,official,mvp,breast_cancer,svm_rbf,2,label+gaussian,2,4,0.922972972972973,0.9298245614035088,0.009122133255004883,398,171,"{""label_flipped"": 119, ""gaussian_cells"": 11940, ""outlier_cells"": 0, ""missing_cells"": 0, ""n_train"": 398, ""n_cells"": 11940}",2026-10-04T18:53:49.604745+00:00,bc936294060c9d60cc9127a37c6fda1969abe1f7004c343bee8fc4c265a83362,1.0,1.0.0,False,ok,
mvp-run,official,mvp,breast_cancer,decision_tree,2,label+gaussian,2,4,0.8131288389795379,0.8304093567251462,0.016568660736083984,398,171,"{""label_flipped"": 119, ""gaussian_cells"": 11940, ""outlier_cells"": 0, ""missing_cells"": 0, ""n_train"": 398, ""n_cells"": 11940}",2026-10-04T18:53:49.627862+00:00,bc936294060c9d60cc9127a37c6fda1969abe1f7004c343bee8fc4c265a83362,1.0,1.0.0,False,ok,
mvp-run,official,mvp,breast_cancer,random_forest,2,label+gaussian,2,4,0.9424479264051457,0.9473684210526315,0.32186460494995117,398,171,"{""label_flipped"": 119, ""gaussian_cells"": 11940, ""outlier_cells"": 0, ""missing_cells"": 0, ""n_train"": 398, ""n_cells"": 11940}",2026-10-04T18:53:49.957223+00:00,bc936294060c9d60cc9127a37c6fda1969abe1f7004c343bee8fc4c265a83362,1.0,1.0.0,False,ok,
mvp-run,official,mvp,breast_cancer,logreg,2,label+gaussian,2,5,0.8586053470882388,0.8771929824561403,0.006054401397705078,398,171,"{""label_flipped"": 159, ""gaussian_cells"": 11940, ""outlier_cells"": 0, ""missing_cells"": 0, ""n_train"": 398, ""n_cells"": 11940}",2026-10-04T18:53:49.970628+00:00,bc936294060c9d60cc9127a37c6fda1969abe1f7004c343bee8fc4c265a83362,1.0,1.0.0,False,ok,
mvp-run,official,mvp,breast_cancer,svm_rbf,2,label+gaussian,2,5,0.7323478260869565,0.7894736842105263,0.008119583129882812,398,171,"{""label_flipped"": 159, ""gaussian_cells"": 11940, ""outlier_cells"": 0, ""missing_cells"": 0, ""n_train"": 398, ""n_cells"": 11940}",2026-10-04T18:53:49.987773+00:00,bc936294060c9d60cc9127a37c6fda1969abe1f7004c343bee8fc4c265a83362,1.0,1.0.0,False,ok,
mvp-run,official,mvp,breast_cancer,decision_tree,2,label+gaussian,2,5,0.8480117478842215,0.8654970760233918,0.01859903335571289,398,171,"{""label_flipped"": 159, ""gaussian_cells"": 11940, ""outlier_cells"": 0, ""missing_cells"": 0, ""n_train"": 398, ""n_cells"": 11940}",2026-10-04T18:53:50.008596+00:00,bc936294060c9d60cc9127a37c6fda1969abe1f7004c343bee8fc4c265a83362,1.0,1.0.0,False,ok,
mvp-run,official,mvp,breast_cancer,random_forest,2,label+gaussian,2,5,0.6685598377281947,0.7485380116959064,0.2752375602722168,398,171,"{""label_flipped"": 159, ""gaussian_cells"": 11940, ""outlier_cells"": 0, ""missing_cells"": 0, ""n_train"": 398, ""n_cells"": 11940}",2026-10-04T18:53:50.299757+00:00,bc936294060c9d60cc9127a37c6fda1969abe1f7004c343bee8fc4c265a83362,1.0,1.0.0,False,ok,
