run_id,run_type,stage,dataset,model,seed,combo,n_noises,level,macro_f1,accuracy,fit_time_s,n_train,n_test,noise_stats,timestamp_utc,config_hash,methodology_version,levels_version,levels_frozen,status,error_msg
stage2-run,official,stage2,breast_cancer,logreg,0,clean,0,0,0.9564362921716345,0.9590643274853801,0.013696908950805664,398,171,{},2026-10-05T13:35:49.331795+00:00,bc936294060c9d60cc9127a37c6fda1969abe1f7004c343bee8fc4c265a83362,1.0,1.0.0,True,ok,
stage2-run,official,stage2,breast_cancer,svm_rbf,0,clean,0,0,0.9500584112149533,0.9532163742690059,0.0,398,171,{},2026-10-05T13:35:49.344121+00:00,bc936294060c9d60cc9127a37c6fda1969abe1f7004c343bee8fc4c265a83362,1.0,1.0.0,True,ok,
stage2-run,official,stage2,breast_cancer,decision_tree,0,clean,0,0,0.9012987012987013,0.9064327485380117,0.009028911590576172,398,171,{},2026-10-05T13:35:49.353150+00:00,bc936294060c9d60cc9127a37c6fda1969abe1f7004c343bee8fc4c265a83362,1.0,1.0.0,True,ok,
stage2-run,official,stage2,breast_cancer,random_forest,0,clean,0,0,0.9497354497354498,0.9532163742690059,0.09552192687988281,398,171,{},2026-10-05T13:35:49.448672+00:00,bc936294060c9d60cc9127a37c6fda1969abe1f7004c343bee8fc4c265a83362,1.0,1.0.0,True,ok,
stage2-run,official,stage2,breast_cancer,logreg,0,label,1,1,0.9311115180369895,0.935672514619883,0.0016903877258300781,398,171,"{""label_flipped"": 20, ""gaussian_cells"": 0, ""outlier_cells"": 0, ""missing_cells"": 0, ""n_train"": 398, ""n_cells"": 11940}",2026-10-05T13:35:49.464999+00:00,bc936294060c9d60cc9127a37c6fda1969abe1f7004c343bee8fc4c265a83362,1.0,1.0.0,True,ok,
stage2-run,official,stage2,breast_cancer,svm_rbf,0,label,1,1,0.9436366965757188,0.9473684210526315,0.0,398,171,"{""label_flipped"": 20, ""gaussian_cells"": 0, ""outlier_cells"": 0, ""missing_cells"": 0, ""n_train"": 398, ""n_cells"": 11940}",2026-10-05T13:35:49.478943+00:00,bc936294060c9d60cc9127a37c6fda1969abe1f7004c343bee8fc4c265a83362,1.0,1.0.0,True,ok,
stage2-run,official,stage2,breast_cancer,decision_tree,0,label,1,1,0.8577113707897688,0.8654970760233918,0.007659435272216797,398,171,"{""label_flipped"": 20, ""gaussian_cells"": 0, ""outlier_cells"": 0, ""missing_cells"": 0, ""n_train"": 398, ""n_cells"": 11940}",2026-10-05T13:35:49.487711+00:00,bc936294060c9d60cc9127a37c6fda1969abe1f7004c343bee8fc4c265a83362,1.0,1.0.0,True,ok,
stage2-run,official,stage2,breast_cancer,random_forest,0,label,1,1,0.9500584112149533,0.9532163742690059,0.1237802505493164,398,171,"{""label_flipped"": 20, ""gaussian_cells"": 0, ""outlier_cells"": 0, ""missing_cells"": 0, ""n_train"": 398, ""n_cells"": 11940}",2026-10-05T13:35:49.617453+00:00,bc936294060c9d60cc9127a37c6fda1969abe1f7004c343bee8fc4c265a83362,1.0,1.0.0,True,ok,
stage2-run,official,stage2,breast_cancer,logreg,0,label,1,2,0.8869047619047619,0.8947368421052632,0.00200653076171875,398,171,"{""label_flipped"": 40, ""gaussian_cells"": 0, ""outlier_cells"": 0, ""missing_cells"": 0, ""n_train"": 398, ""n_cells"": 11940}",2026-10-05T13:35:49.630071+00:00,bc936294060c9d60cc9127a37c6fda1969abe1f7004c343bee8fc4c265a83362,1.0,1.0.0,True,ok,
stage2-run,official,stage2,breast_cancer,svm_rbf,0,label,1,2,0.9439895185063871,0.9473684210526315,0.003565549850463867,398,171,"{""label_flipped"": 40, ""gaussian_cells"": 0, ""outlier_cells"": 0, ""missing_cells"": 0, ""n_train"": 398, ""n_cells"": 11940}",2026-10-05T13:35:49.638648+00:00,bc936294060c9d60cc9127a37c6fda1969abe1f7004c343bee8fc4c265a83362,1.0,1.0.0,True,ok,
stage2-run,official,stage2,breast_cancer,decision_tree,0,label,1,2,0.8036739380022961,0.8128654970760234,0.012534379959106445,398,171,"{""label_flipped"": 40, ""gaussian_cells"": 0, ""outlier_cells"": 0, ""missing_cells"": 0, ""n_train"": 398, ""n_cells"": 11940}",2026-10-05T13:35:49.653188+00:00,bc936294060c9d60cc9127a37c6fda1969abe1f7004c343bee8fc4c265a83362,1.0,1.0.0,True,ok,
stage2-run,official,stage2,breast_cancer,random_forest,0,label,1,2,0.931948916464672,0.935672514619883,0.13633298873901367,398,171,"{""label_flipped"": 40, ""gaussian_cells"": 0, ""outlier_cells"": 0, ""missing_cells"": 0, ""n_train"": 398, ""n_cells"": 11940}",2026-10-05T13:35:49.793049+00:00,bc936294060c9d60cc9127a37c6fda1969abe1f7004c343bee8fc4c265a83362,1.0,1.0.0,True,ok,
stage2-run,official,stage2,breast_cancer,logreg,0,label,1,3,0.8980625931445603,0.9064327485380117,0.0138397216796875,398,171,"{""label_flipped"": 80, ""gaussian_cells"": 0, ""outlier_cells"": 0, ""missing_cells"": 0, ""n_train"": 398, ""n_cells"": 11940}",2026-10-05T13:35:49.812458+00:00,bc936294060c9d60cc9127a37c6fda1969abe1f7004c343bee8fc4c265a83362,1.0,1.0.0,True,ok,
stage2-run,official,stage2,breast_cancer,svm_rbf,0,label,1,3,0.9306543778801843,0.935672514619883,0.0048449039459228516,398,171,"{""label_flipped"": 80, ""gaussian_cells"": 0, ""outlier_cells"": 0, ""missing_cells"": 0, ""n_train"": 398, ""n_cells"": 11940}",2026-10-05T13:35:49.822845+00:00,bc936294060c9d60cc9127a37c6fda1969abe1f7004c343bee8fc4c265a83362,1.0,1.0.0,True,ok,
stage2-run,official,stage2,breast_cancer,decision_tree,0,label,1,3,0.7268749999999999,0.7309941520467836,0.011716365814208984,398,171,"{""label_flipped"": 80, ""gaussian_cells"": 0, ""outlier_cells"": 0, ""missing_cells"": 0, ""n_train"": 398, ""n_cells"": 11940}",2026-10-05T13:35:49.837568+00:00,bc936294060c9d60cc9127a37c6fda1969abe1f7004c343bee8fc4c265a83362,1.0,1.0.0,True,ok,
stage2-run,official,stage2,breast_cancer,random_forest,0,label,1,3,0.907203067906371,0.9122807017543859,0.15175342559814453,398,171,"{""label_flipped"": 80, ""gaussian_cells"": 0, ""outlier_cells"": 0, ""missing_cells"": 0, ""n_train"": 398, ""n_cells"": 11940}",2026-10-05T13:35:49.998222+00:00,bc936294060c9d60cc9127a37c6fda1969abe1f7004c343bee8fc4c265a83362,1.0,1.0.0,True,ok,
stage2-run,official,stage2,breast_cancer,logreg,0,label,1,4,0.8535122786978869,0.8596491228070176,0.009675741195678711,398,171,"{""label_flipped"": 119, ""gaussian_cells"": 0, ""outlier_cells"": 0, ""missing_cells"": 0, ""n_train"": 398, ""n_cells"": 11940}",2026-10-05T13:35:50.007898+00:00,bc936294060c9d60cc9127a37c6fda1969abe1f7004c343bee8fc4c265a83362,1.0,1.0.0,True,ok,
stage2-run,official,stage2,breast_cancer,svm_rbf,0,label,1,4,0.9240899674459899,0.9298245614035088,0.002645730972290039,398,171,"{""label_flipped"": 119, ""gaussian_cells"": 0, ""outlier_cells"": 0, ""missing_cells"": 0, ""n_train"": 398, ""n_cells"": 11940}",2026-10-05T13:35:50.014541+00:00,bc936294060c9d60cc9127a37c6fda1969abe1f7004c343bee8fc4c265a83362,1.0,1.0.0,True,ok,
stage2-run,official,stage2,breast_cancer,decision_tree,0,label,1,4,0.6387323943661971,0.6491228070175439,0.0095977783203125,398,171,"{""label_flipped"": 119, ""gaussian_cells"": 0, ""outlier_cells"": 0, ""missing_cells"": 0, ""n_train"": 398, ""n_cells"": 11940}",2026-10-05T13:35:50.035549+00:00,bc936294060c9d60cc9127a37c6fda1969abe1f7004c343bee8fc4c265a83362,1.0,1.0.0,True,ok,
stage2-run,official,stage2,breast_cancer,random_forest,0,label,1,4,0.8548797736916549,0.8596491228070176,0.15600228309631348,398,171,"{""label_flipped"": 119, ""gaussian_cells"": 0, ""outlier_cells"": 0, ""missing_cells"": 0, ""n_train"": 398, ""n_cells"": 11940}",2026-10-05T13:35:50.194564+00:00,bc936294060c9d60cc9127a37c6fda1969abe1f7004c343bee8fc4c265a83362,1.0,1.0.0,True,ok,
stage2-run,official,stage2,breast_cancer,logreg,0,label,1,5,0.7502920560747663,0.7660818713450293,0.010303735733032227,398,171,"{""label_flipped"": 159, ""gaussian_cells"": 0, ""outlier_cells"": 0, ""missing_cells"": 0, ""n_train"": 398, ""n_cells"": 11940}",2026-10-05T13:35:50.208198+00:00,bc936294060c9d60cc9127a37c6fda1969abe1f7004c343bee8fc4c265a83362,1.0,1.0.0,True,ok,
stage2-run,official,stage2,breast_cancer,svm_rbf,0,label,1,5,0.8743386243386244,0.8830409356725146,0.008377552032470703,398,171,"{""label_flipped"": 159, ""gaussian_cells"": 0, ""outlier_cells"": 0, ""missing_cells"": 0, ""n_train"": 398, ""n_cells"": 11940}",2026-10-05T13:35:50.222591+00:00,bc936294060c9d60cc9127a37c6fda1969abe1f7004c343bee8fc4c265a83362,1.0,1.0.0,True,ok,
stage2-run,official,stage2,breast_cancer,decision_tree,0,label,1,5,0.5818478222348229,0.5964912280701754,0.007098674774169922,398,171,"{""label_flipped"": 159, ""gaussian_cells"": 0, ""outlier_cells"": 0, ""missing_cells"": 0, ""n_train"": 398, ""n_cells"": 11940}",2026-10-05T13:35:50.231197+00:00,bc936294060c9d60cc9127a37c6fda1969abe1f7004c343bee8fc4c265a83362,1.0,1.0.0,True,ok,
stage2-run,official,stage2,breast_cancer,random_forest,0,label,1,5,0.7498606854276957,0.7543859649122807,0.15227890014648438,398,171,"{""label_flipped"": 159, ""gaussian_cells"": 0, ""outlier_cells"": 0, ""missing_cells"": 0, ""n_train"": 398, ""n_cells"": 11940}",2026-10-05T13:35:50.392813+00:00,bc936294060c9d60cc9127a37c6fda1969abe1f7004c343bee8fc4c265a83362,1.0,1.0.0,True,ok,
stage2-run,official,stage2,breast_cancer,logreg,0,gaussian,1,1,0.9561618751144478,0.9590643274853801,0.002805471420288086,398,171,"{""label_flipped"": 0, ""gaussian_cells"": 11940, ""outlier_cells"": 0, ""missing_cells"": 0, ""n_train"": 398, ""n_cells"": 11940}",2026-10-05T13:35:50.397157+00:00,bc936294060c9d60cc9127a37c6fda1969abe1f7004c343bee8fc4c265a83362,1.0,1.0.0,True,ok,
stage2-run,official,stage2,breast_cancer,svm_rbf,0,gaussian,1,1,0.9436366965757188,0.9473684210526315,0.0,398,171,"{""label_flipped"": 0, ""gaussian_cells"": 11940, ""outlier_cells"": 0, ""missing_cells"": 0, ""n_train"": 398, ""n_cells"": 11940}",2026-10-05T13:35:50.397157+00:00,bc936294060c9d60cc9127a37c6fda1969abe1f7004c343bee8fc4c265a83362,1.0,1.0.0,True,ok,
stage2-run,official,stage2,breast_cancer,decision_tree,0,gaussian,1,1,0.912037037037037,0.9181286549707602,0.004742145538330078,398,171,"{""label_flipped"": 0, ""gaussian_cells"": 11940, ""outlier_cells"": 0, ""missing_cells"": 0, ""n_train"": 398, ""n_cells"": 11940}",2026-10-05T13:35:50.416782+00:00,bc936294060c9d60cc9127a37c6fda1969abe1f7004c343bee8fc4c265a83362,1.0,1.0.0,True,ok,
stage2-run,official,stage2,breast_cancer,random_forest,0,gaussian,1,1,0.9301703975943869,0.935672514619883,0.10858774185180664,398,171,"{""label_flipped"": 0, ""gaussian_cells"": 11940, ""outlier_cells"": 0, ""missing_cells"": 0, ""n_train"": 398, ""n_cells"": 11940}",2026-10-05T13:35:50.533289+00:00,bc936294060c9d60cc9127a37c6fda1969abe1f7004c343bee8fc4c265a83362,1.0,1.0.0,True,ok,
stage2-run,official,stage2,breast_cancer,logreg,0,gaussian,1,2,0.9497354497354498,0.9532163742690059,0.002007007598876953,398,171,"{""label_flipped"": 0, ""gaussian_cells"": 11940, ""outlier_cells"": 0, ""missing_cells"": 0, ""n_train"": 398, ""n_cells"": 11940}",2026-10-05T13:35:50.535296+00:00,bc936294060c9d60cc9127a37c6fda1969abe1f7004c343bee8fc4c265a83362,1.0,1.0.0,True,ok,
stage2-run,official,stage2,breast_cancer,svm_rbf,0,gaussian,1,2,0.9301703975943869,0.935672514619883,0.008042335510253906,398,171,"{""label_flipped"": 0, ""gaussian_cells"": 11940, ""outlier_cells"": 0, ""missing_cells"": 0, ""n_train"": 398, ""n_cells"": 11940}",2026-10-05T13:35:50.547357+00:00,bc936294060c9d60cc9127a37c6fda1969abe1f7004c343bee8fc4c265a83362,1.0,1.0.0,True,ok,
stage2-run,official,stage2,breast_cancer,decision_tree,0,gaussian,1,2,0.9131349782293179,0.9181286549707602,0.006017208099365234,398,171,"{""label_flipped"": 0, ""gaussian_cells"": 11940, ""outlier_cells"": 0, ""missing_cells"": 0, ""n_train"": 398, ""n_cells"": 11940}",2026-10-05T13:35:50.555381+00:00,bc936294060c9d60cc9127a37c6fda1969abe1f7004c343bee8fc4c265a83362,1.0,1.0.0,True,ok,
stage2-run,official,stage2,breast_cancer,random_forest,0,gaussian,1,2,0.9301703975943869,0.935672514619883,0.11578154563903809,398,171,"{""label_flipped"": 0, ""gaussian_cells"": 11940, ""outlier_cells"": 0, ""missing_cells"": 0, ""n_train"": 398, ""n_cells"": 11940}",2026-10-05T13:35:50.675175+00:00,bc936294060c9d60cc9127a37c6fda1969abe1f7004c343bee8fc4c265a83362,1.0,1.0.0,True,ok,
stage2-run,official,stage2,breast_cancer,logreg,0,gaussian,1,3,0.942866688940862,0.9473684210526315,0.0,398,171,"{""label_flipped"": 0, ""gaussian_cells"": 11940, ""outlier_cells"": 0, ""missing_cells"": 0, ""n_train"": 398, ""n_cells"": 11940}",2026-10-05T13:35:50.677181+00:00,bc936294060c9d60cc9127a37c6fda1969abe1f7004c343bee8fc4c265a83362,1.0,1.0.0,True,ok,
stage2-run,official,stage2,breast_cancer,svm_rbf,0,gaussian,1,3,0.9362891207153503,0.9415204678362573,0.0035970211029052734,398,171,"{""label_flipped"": 0, ""gaussian_cells"": 11940, ""outlier_cells"": 0, ""missing_cells"": 0, ""n_train"": 398, ""n_cells"": 11940}",2026-10-05T13:35:50.690920+00:00,bc936294060c9d60cc9127a37c6fda1969abe1f7004c343bee8fc4c265a83362,1.0,1.0.0,True,ok,
stage2-run,official,stage2,breast_cancer,decision_tree,0,gaussian,1,3,0.8672360248447204,0.8830409356725146,0.008411645889282227,398,171,"{""label_flipped"": 0, ""gaussian_cells"": 11940, ""outlier_cells"": 0, ""missing_cells"": 0, ""n_train"": 398, ""n_cells"": 11940}",2026-10-05T13:35:50.699331+00:00,bc936294060c9d60cc9127a37c6fda1969abe1f7004c343bee8fc4c265a83362,1.0,1.0.0,True,ok,
stage2-run,official,stage2,breast_cancer,random_forest,0,gaussian,1,3,0.9155555555555555,0.9239766081871345,0.12184906005859375,398,171,"{""label_flipped"": 0, ""gaussian_cells"": 11940, ""outlier_cells"": 0, ""missing_cells"": 0, ""n_train"": 398, ""n_cells"": 11940}",2026-10-05T13:35:50.826198+00:00,bc936294060c9d60cc9127a37c6fda1969abe1f7004c343bee8fc4c265a83362,1.0,1.0.0,True,ok,
stage2-run,official,stage2,breast_cancer,logreg,0,gaussian,1,4,0.9235469448584203,0.9298245614035088,0.002005338668823242,398,171,"{""label_flipped"": 0, ""gaussian_cells"": 11940, ""outlier_cells"": 0, ""missing_cells"": 0, ""n_train"": 398, ""n_cells"": 11940}",2026-10-05T13:35:50.828204+00:00,bc936294060c9d60cc9127a37c6fda1969abe1f7004c343bee8fc4c265a83362,1.0,1.0.0,True,ok,
stage2-run,official,stage2,breast_cancer,svm_rbf,0,gaussian,1,4,0.9240899674459899,0.9298245614035088,0.0,398,171,"{""label_flipped"": 0, ""gaussian_cells"": 11940, ""outlier_cells"": 0, ""missing_cells"": 0, ""n_train"": 398, ""n_cells"": 11940}",2026-10-05T13:35:50.840166+00:00,bc936294060c9d60cc9127a37c6fda1969abe1f7004c343bee8fc4c265a83362,1.0,1.0.0,True,ok,
stage2-run,official,stage2,breast_cancer,decision_tree,0,gaussian,1,4,0.8765811965811966,0.8888888888888888,0.00771331787109375,398,171,"{""label_flipped"": 0, ""gaussian_cells"": 11940, ""outlier_cells"": 0, ""missing_cells"": 0, ""n_train"": 398, ""n_cells"": 11940}",2026-10-05T13:35:50.847880+00:00,bc936294060c9d60cc9127a37c6fda1969abe1f7004c343bee8fc4c265a83362,1.0,1.0.0,True,ok,
stage2-run,official,stage2,breast_cancer,random_forest,0,gaussian,1,4,0.8586053470882388,0.8771929824561403,0.12876152992248535,398,171,"{""label_flipped"": 0, ""gaussian_cells"": 11940, ""outlier_cells"": 0, ""missing_cells"": 0, ""n_train"": 398, ""n_cells"": 11940}",2026-10-05T13:35:50.983982+00:00,bc936294060c9d60cc9127a37c6fda1969abe1f7004c343bee8fc4c265a83362,1.0,1.0.0,True,ok,
stage2-run,official,stage2,breast_cancer,logreg,0,gaussian,1,5,0.9301703975943869,0.935672514619883,0.0,398,171,"{""label_flipped"": 0, ""gaussian_cells"": 11940, ""outlier_cells"": 0, ""missing_cells"": 0, ""n_train"": 398, ""n_cells"": 11940}",2026-10-05T13:35:50.983982+00:00,bc936294060c9d60cc9127a37c6fda1969abe1f7004c343bee8fc4c265a83362,1.0,1.0.0,True,ok,
stage2-run,official,stage2,breast_cancer,svm_rbf,0,gaussian,1,5,0.9217271895025938,0.9298245614035088,0.0032470226287841797,398,171,"{""label_flipped"": 0, ""gaussian_cells"": 11940, ""outlier_cells"": 0, ""missing_cells"": 0, ""n_train"": 398, ""n_cells"": 11940}",2026-10-05T13:35:50.998026+00:00,bc936294060c9d60cc9127a37c6fda1969abe1f7004c343bee8fc4c265a83362,1.0,1.0.0,True,ok,
stage2-run,official,stage2,breast_cancer,decision_tree,0,gaussian,1,5,0.6874111386440265,0.7368421052631579,0.010457992553710938,398,171,"{""label_flipped"": 0, ""gaussian_cells"": 11940, ""outlier_cells"": 0, ""missing_cells"": 0, ""n_train"": 398, ""n_cells"": 11940}",2026-10-05T13:35:51.008484+00:00,bc936294060c9d60cc9127a37c6fda1969abe1f7004c343bee8fc4c265a83362,1.0,1.0.0,True,ok,
stage2-run,official,stage2,breast_cancer,random_forest,0,gaussian,1,5,0.8359449952030701,0.8596491228070176,0.13641047477722168,398,171,"{""label_flipped"": 0, ""gaussian_cells"": 11940, ""outlier_cells"": 0, ""missing_cells"": 0, ""n_train"": 398, ""n_cells"": 11940}",2026-10-05T13:35:51.148914+00:00,bc936294060c9d60cc9127a37c6fda1969abe1f7004c343bee8fc4c265a83362,1.0,1.0.0,True,ok,
stage2-run,official,stage2,breast_cancer,logreg,0,outliers,1,1,0.9686870536531771,0.9707602339181286,0.0020067691802978516,398,171,"{""label_flipped"": 0, ""gaussian_cells"": 0, ""outlier_cells"": 239, ""missing_cells"": 0, ""n_train"": 398, ""n_cells"": 11940}",2026-10-05T13:35:51.150921+00:00,bc936294060c9d60cc9127a37c6fda1969abe1f7004c343bee8fc4c265a83362,1.0,1.0.0,True,ok,
stage2-run,official,stage2,breast_cancer,svm_rbf,0,outliers,1,1,0.942866688940862,0.9473684210526315,0.0,398,171,"{""label_flipped"": 0, ""gaussian_cells"": 0, ""outlier_cells"": 239, ""missing_cells"": 0, ""n_train"": 398, ""n_cells"": 11940}",2026-10-05T13:35:51.162293+00:00,bc936294060c9d60cc9127a37c6fda1969abe1f7004c343bee8fc4c265a83362,1.0,1.0.0,True,ok,
stage2-run,official,stage2,breast_cancer,decision_tree,0,outliers,1,1,0.9195759921855216,0.9239766081871345,0.0,398,171,"{""label_flipped"": 0, ""gaussian_cells"": 0, ""outlier_cells"": 239, ""missing_cells"": 0, ""n_train"": 398, ""n_cells"": 11940}",2026-10-05T13:35:51.164752+00:00,bc936294060c9d60cc9127a37c6fda1969abe1f7004c343bee8fc4c265a83362,1.0,1.0.0,True,ok,
stage2-run,official,stage2,breast_cancer,random_forest,0,outliers,1,1,0.9375730140186915,0.9415204678362573,0.10004925727844238,398,171,"{""label_flipped"": 0, ""gaussian_cells"": 0, ""outlier_cells"": 239, ""missing_cells"": 0, ""n_train"": 398, ""n_cells"": 11940}",2026-10-05T13:35:51.278241+00:00,bc936294060c9d60cc9127a37c6fda1969abe1f7004c343bee8fc4c265a83362,1.0,1.0.0,True,ok,
stage2-run,official,stage2,breast_cancer,logreg,0,outliers,1,2,0.9617734724292102,0.9649122807017544,0.0041811466217041016,398,171,"{""label_flipped"": 0, ""gaussian_cells"": 0, ""outlier_cells"": 597, ""missing_cells"": 0, ""n_train"": 398, ""n_cells"": 11940}",2026-10-05T13:35:51.282422+00:00,bc936294060c9d60cc9127a37c6fda1969abe1f7004c343bee8fc4c265a83362,1.0,1.0.0,True,ok,
stage2-run,official,stage2,breast_cancer,svm_rbf,0,outliers,1,2,0.9362891207153503,0.9415204678362573,0.0,398,171,"{""label_flipped"": 0, ""gaussian_cells"": 0, ""outlier_cells"": 597, ""missing_cells"": 0, ""n_train"": 398, ""n_cells"": 11940}",2026-10-05T13:35:51.282422+00:00,bc936294060c9d60cc9127a37c6fda1969abe1f7004c343bee8fc4c265a83362,1.0,1.0.0,True,ok,
stage2-run,official,stage2,breast_cancer,decision_tree,0,outliers,1,2,0.9255442670537011,0.9298245614035088,0.0036013126373291016,398,171,"{""label_flipped"": 0, ""gaussian_cells"": 0, ""outlier_cells"": 597, ""missing_cells"": 0, ""n_train"": 398, ""n_cells"": 11940}",2026-10-05T13:35:51.297886+00:00,bc936294060c9d60cc9127a37c6fda1969abe1f7004c343bee8fc4c265a83362,1.0,1.0.0,True,ok,
stage2-run,official,stage2,breast_cancer,random_forest,0,outliers,1,2,0.9436366965757188,0.9473684210526315,0.10880899429321289,398,171,"{""label_flipped"": 0, ""gaussian_cells"": 0, ""outlier_cells"": 597, ""missing_cells"": 0, ""n_train"": 398, ""n_cells"": 11940}",2026-10-05T13:35:51.408706+00:00,bc936294060c9d60cc9127a37c6fda1969abe1f7004c343bee8fc4c265a83362,1.0,1.0.0,True,ok,
stage2-run,official,stage2,breast_cancer,logreg,0,outliers,1,3,0.922972972972973,0.9298245614035088,0.0,398,171,"{""label_flipped"": 0, ""gaussian_cells"": 0, ""outlier_cells"": 1194, ""missing_cells"": 0, ""n_train"": 398, ""n_cells"": 11940}",2026-10-05T13:35:51.410712+00:00,bc936294060c9d60cc9127a37c6fda1969abe1f7004c343bee8fc4c265a83362,1.0,1.0.0,True,ok,
stage2-run,official,stage2,breast_cancer,svm_rbf,0,outliers,1,3,0.9362891207153503,0.9415204678362573,0.0,398,171,"{""label_flipped"": 0, ""gaussian_cells"": 0, ""outlier_cells"": 1194, ""missing_cells"": 0, ""n_train"": 398, ""n_cells"": 11940}",2026-10-05T13:35:51.422747+00:00,bc936294060c9d60cc9127a37c6fda1969abe1f7004c343bee8fc4c265a83362,1.0,1.0.0,True,ok,
stage2-run,official,stage2,breast_cancer,decision_tree,0,outliers,1,3,0.9235469448584203,0.9298245614035088,0.0,398,171,"{""label_flipped"": 0, ""gaussian_cells"": 0, ""outlier_cells"": 1194, ""missing_cells"": 0, ""n_train"": 398, ""n_cells"": 11940}",2026-10-05T13:35:51.422747+00:00,bc936294060c9d60cc9127a37c6fda1969abe1f7004c343bee8fc4c265a83362,1.0,1.0.0,True,ok,
stage2-run,official,stage2,breast_cancer,random_forest,0,outliers,1,3,0.9432626728110599,0.9473684210526315,0.10772395133972168,398,171,"{""label_flipped"": 0, ""gaussian_cells"": 0, ""outlier_cells"": 1194, ""missing_cells"": 0, ""n_train"": 398, ""n_cells"": 11940}",2026-10-05T13:35:51.530471+00:00,bc936294060c9d60cc9127a37c6fda1969abe1f7004c343bee8fc4c265a83362,1.0,1.0.0,True,ok,
stage2-run,official,stage2,breast_cancer,logreg,0,outliers,1,4,0.9291178354749972,0.935672514619883,0.0,398,171,"{""label_flipped"": 0, ""gaussian_cells"": 0, ""outlier_cells"": 1791, ""missing_cells"": 0, ""n_train"": 398, ""n_cells"": 11940}",2026-10-05T13:35:51.530471+00:00,bc936294060c9d60cc9127a37c6fda1969abe1f7004c343bee8fc4c265a83362,1.0,1.0.0,True,ok,
stage2-run,official,stage2,breast_cancer,svm_rbf,0,outliers,1,4,0.914843899636085,0.9239766081871345,0.0,398,171,"{""label_flipped"": 0, ""gaussian_cells"": 0, ""outlier_cells"": 1791, ""missing_cells"": 0, ""n_train"": 398, ""n_cells"": 11940}",2026-10-05T13:35:51.549079+00:00,bc936294060c9d60cc9127a37c6fda1969abe1f7004c343bee8fc4c265a83362,1.0,1.0.0,True,ok,
stage2-run,official,stage2,breast_cancer,decision_tree,0,outliers,1,4,0.9255442670537011,0.9298245614035088,0.0040128231048583984,398,171,"{""label_flipped"": 0, ""gaussian_cells"": 0, ""outlier_cells"": 1791, ""missing_cells"": 0, ""n_train"": 398, ""n_cells"": 11940}",2026-10-05T13:35:51.557104+00:00,bc936294060c9d60cc9127a37c6fda1969abe1f7004c343bee8fc4c265a83362,1.0,1.0.0,True,ok,
stage2-run,official,stage2,breast_cancer,random_forest,0,outliers,1,4,0.9250876168224299,0.9298245614035088,0.10091114044189453,398,171,"{""label_flipped"": 0, ""gaussian_cells"": 0, ""outlier_cells"": 1791, ""missing_cells"": 0, ""n_train"": 398, ""n_cells"": 11940}",2026-10-05T13:35:51.662025+00:00,bc936294060c9d60cc9127a37c6fda1969abe1f7004c343bee8fc4c265a83362,1.0,1.0.0,True,ok,
stage2-run,official,stage2,breast_cancer,logreg,0,outliers,1,5,0.9296585767174002,0.935672514619883,0.005616903305053711,398,171,"{""label_flipped"": 0, ""gaussian_cells"": 0, ""outlier_cells"": 2388, ""missing_cells"": 0, ""n_train"": 398, ""n_cells"": 11940}",2026-10-05T13:35:51.667642+00:00,bc936294060c9d60cc9127a37c6fda1969abe1f7004c343bee8fc4c265a83362,1.0,1.0.0,True,ok,
stage2-run,official,stage2,breast_cancer,svm_rbf,0,outliers,1,5,0.9296585767174002,0.935672514619883,0.004012107849121094,398,171,"{""label_flipped"": 0, ""gaussian_cells"": 0, ""outlier_cells"": 2388, ""missing_cells"": 0, ""n_train"": 398, ""n_cells"": 11940}",2026-10-05T13:35:51.677836+00:00,bc936294060c9d60cc9127a37c6fda1969abe1f7004c343bee8fc4c265a83362,1.0,1.0.0,True,ok,
stage2-run,official,stage2,breast_cancer,decision_tree,0,outliers,1,5,0.9255442670537011,0.9298245614035088,0.0038077831268310547,398,171,"{""label_flipped"": 0, ""gaussian_cells"": 0, ""outlier_cells"": 2388, ""missing_cells"": 0, ""n_train"": 398, ""n_cells"": 11940}",2026-10-05T13:35:51.683649+00:00,bc936294060c9d60cc9127a37c6fda1969abe1f7004c343bee8fc4c265a83362,1.0,1.0.0,True,ok,
stage2-run,official,stage2,breast_cancer,random_forest,0,outliers,1,5,0.9301703975943869,0.935672514619883,0.09712648391723633,398,171,"{""label_flipped"": 0, ""gaussian_cells"": 0, ""outlier_cells"": 2388, ""missing_cells"": 0, ""n_train"": 398, ""n_cells"": 11940}",2026-10-05T13:35:51.780776+00:00,bc936294060c9d60cc9127a37c6fda1969abe1f7004c343bee8fc4c265a83362,1.0,1.0.0,True,ok,
stage2-run,official,stage2,breast_cancer,logreg,0,missing,1,1,0.9686870536531771,0.9707602339181286,0.002921581268310547,398,171,"{""label_flipped"": 0, ""gaussian_cells"": 0, ""outlier_cells"": 0, ""missing_cells"": 1194, ""n_train"": 398, ""n_cells"": 11940}",2026-10-05T13:35:51.795956+00:00,bc936294060c9d60cc9127a37c6fda1969abe1f7004c343bee8fc4c265a83362,1.0,1.0.0,True,ok,
stage2-run,official,stage2,breast_cancer,svm_rbf,0,missing,1,1,0.9500584112149533,0.9532163742690059,0.0,398,171,"{""label_flipped"": 0, ""gaussian_cells"": 0, ""outlier_cells"": 0, ""missing_cells"": 1194, ""n_train"": 398, ""n_cells"": 11940}",2026-10-05T13:35:51.795956+00:00,bc936294060c9d60cc9127a37c6fda1969abe1f7004c343bee8fc4c265a83362,1.0,1.0.0,True,ok,
stage2-run,official,stage2,breast_cancer,decision_tree,0,missing,1,1,0.8883164005805515,0.8947368421052632,0.018511295318603516,398,171,"{""label_flipped"": 0, ""gaussian_cells"": 0, ""outlier_cells"": 0, ""missing_cells"": 1194, ""n_train"": 398, ""n_cells"": 11940}",2026-10-05T13:35:51.816475+00:00,bc936294060c9d60cc9127a37c6fda1969abe1f7004c343bee8fc4c265a83362,1.0,1.0.0,True,ok,
stage2-run,official,stage2,breast_cancer,random_forest,0,missing,1,1,0.9246031746031746,0.9298245614035088,0.10538649559020996,398,171,"{""label_flipped"": 0, ""gaussian_cells"": 0, ""outlier_cells"": 0, ""missing_cells"": 1194, ""n_train"": 398, ""n_cells"": 11940}",2026-10-05T13:35:51.921861+00:00,bc936294060c9d60cc9127a37c6fda1969abe1f7004c343bee8fc4c265a83362,1.0,1.0.0,True,ok,
stage2-run,official,stage2,breast_cancer,logreg,0,missing,1,2,0.9623015873015872,0.9649122807017544,0.009358882904052734,398,171,"{""label_flipped"": 0, ""gaussian_cells"": 0, ""outlier_cells"": 0, ""missing_cells"": 2429, ""n_train"": 398, ""n_cells"": 11940}",2026-10-05T13:35:51.931220+00:00,bc936294060c9d60cc9127a37c6fda1969abe1f7004c343bee8fc4c265a83362,1.0,1.0.0,True,ok,
stage2-run,official,stage2,breast_cancer,svm_rbf,0,missing,1,2,0.9311115180369895,0.935672514619883,0.005526304244995117,398,171,"{""label_flipped"": 0, ""gaussian_cells"": 0, ""outlier_cells"": 0, ""missing_cells"": 2429, ""n_train"": 398, ""n_cells"": 11940}",2026-10-05T13:35:51.936746+00:00,bc936294060c9d60cc9127a37c6fda1969abe1f7004c343bee8fc4c265a83362,1.0,1.0.0,True,ok,
stage2-run,official,stage2,breast_cancer,decision_tree,0,missing,1,2,0.9136363636363636,0.9181286549707602,0.01142740249633789,398,171,"{""label_flipped"": 0, ""gaussian_cells"": 0, ""outlier_cells"": 0, ""missing_cells"": 2429, ""n_train"": 398, ""n_cells"": 11940}",2026-10-05T13:35:51.948174+00:00,bc936294060c9d60cc9127a37c6fda1969abe1f7004c343bee8fc4c265a83362,1.0,1.0.0,True,ok,
stage2-run,official,stage2,breast_cancer,random_forest,0,missing,1,2,0.9190959711758926,0.9239766081871345,0.10782313346862793,398,171,"{""label_flipped"": 0, ""gaussian_cells"": 0, ""outlier_cells"": 0, ""missing_cells"": 2429, ""n_train"": 398, ""n_cells"": 11940}",2026-10-05T13:35:52.065059+00:00,bc936294060c9d60cc9127a37c6fda1969abe1f7004c343bee8fc4c265a83362,1.0,1.0.0,True,ok,
stage2-run,official,stage2,breast_cancer,logreg,0,missing,1,3,0.9259740259740259,0.9298245614035088,0.00527501106262207,398,171,"{""label_flipped"": 0, ""gaussian_cells"": 0, ""outlier_cells"": 0, ""missing_cells"": 3607, ""n_train"": 398, ""n_cells"": 11940}",2026-10-05T13:35:52.072197+00:00,bc936294060c9d60cc9127a37c6fda1969abe1f7004c343bee8fc4c265a83362,1.0,1.0.0,True,ok,
stage2-run,official,stage2,breast_cancer,svm_rbf,0,missing,1,3,0.926377726750861,0.9298245614035088,0.0035550594329833984,398,171,"{""label_flipped"": 0, ""gaussian_cells"": 0, ""outlier_cells"": 0, ""missing_cells"": 3607, ""n_train"": 398, ""n_cells"": 11940}",2026-10-05T13:35:52.075752+00:00,bc936294060c9d60cc9127a37c6fda1969abe1f7004c343bee8fc4c265a83362,1.0,1.0.0,True,ok,
stage2-run,official,stage2,breast_cancer,decision_tree,0,missing,1,3,0.8948301436272204,0.9005847953216374,0.0,398,171,"{""label_flipped"": 0, ""gaussian_cells"": 0, ""outlier_cells"": 0, ""missing_cells"": 3607, ""n_train"": 398, ""n_cells"": 11940}",2026-10-05T13:35:52.081314+00:00,bc936294060c9d60cc9127a37c6fda1969abe1f7004c343bee8fc4c265a83362,1.0,1.0.0,True,ok,
stage2-run,official,stage2,breast_cancer,random_forest,0,missing,1,3,0.9131349782293179,0.9181286549707602,0.11870074272155762,398,171,"{""label_flipped"": 0, ""gaussian_cells"": 0, ""outlier_cells"": 0, ""missing_cells"": 3607, ""n_train"": 398, ""n_cells"": 11940}",2026-10-05T13:35:52.204026+00:00,bc936294060c9d60cc9127a37c6fda1969abe1f7004c343bee8fc4c265a83362,1.0,1.0.0,True,ok,
stage2-run,official,stage2,breast_cancer,logreg,0,missing,1,4,0.9500584112149533,0.9532163742690059,0.004011869430541992,398,171,"{""label_flipped"": 0, ""gaussian_cells"": 0, ""outlier_cells"": 0, ""missing_cells"": 4780, ""n_train"": 398, ""n_cells"": 11940}",2026-10-05T13:35:52.210045+00:00,bc936294060c9d60cc9127a37c6fda1969abe1f7004c343bee8fc4c265a83362,1.0,1.0.0,True,ok,
stage2-run,official,stage2,breast_cancer,svm_rbf,0,missing,1,4,0.9195759921855216,0.9239766081871345,0.0,398,171,"{""label_flipped"": 0, ""gaussian_cells"": 0, ""outlier_cells"": 0, ""missing_cells"": 4780, ""n_train"": 398, ""n_cells"": 11940}",2026-10-05T13:35:52.214526+00:00,bc936294060c9d60cc9127a37c6fda1969abe1f7004c343bee8fc4c265a83362,1.0,1.0.0,True,ok,
stage2-run,official,stage2,breast_cancer,decision_tree,0,missing,1,4,0.9077238550922762,0.9122807017543859,0.011542558670043945,398,171,"{""label_flipped"": 0, ""gaussian_cells"": 0, ""outlier_cells"": 0, ""missing_cells"": 4780, ""n_train"": 398, ""n_cells"": 11940}",2026-10-05T13:35:52.226069+00:00,bc936294060c9d60cc9127a37c6fda1969abe1f7004c343bee8fc4c265a83362,1.0,1.0.0,True,ok,
stage2-run,official,stage2,breast_cancer,random_forest,0,missing,1,4,0.926377726750861,0.9298245614035088,0.11128997802734375,398,171,"{""label_flipped"": 0, ""gaussian_cells"": 0, ""outlier_cells"": 0, ""missing_cells"": 4780, ""n_train"": 398, ""n_cells"": 11940}",2026-10-05T13:35:52.341370+00:00,bc936294060c9d60cc9127a37c6fda1969abe1f7004c343bee8fc4c265a83362,1.0,1.0.0,True,ok,
stage2-run,official,stage2,breast_cancer,logreg,0,missing,1,5,0.9379535558780843,0.9415204678362573,0.004229068756103516,398,171,"{""label_flipped"": 0, ""gaussian_cells"": 0, ""outlier_cells"": 0, ""missing_cells"": 5951, ""n_train"": 398, ""n_cells"": 11940}",2026-10-05T13:35:52.345599+00:00,bc936294060c9d60cc9127a37c6fda1969abe1f7004c343bee8fc4c265a83362,1.0,1.0.0,True,ok,
stage2-run,official,stage2,breast_cancer,svm_rbf,0,missing,1,5,0.9136363636363636,0.9181286549707602,0.0020067691802978516,398,171,"{""label_flipped"": 0, ""gaussian_cells"": 0, ""outlier_cells"": 0, ""missing_cells"": 5951, ""n_train"": 398, ""n_cells"": 11940}",2026-10-05T13:35:52.356961+00:00,bc936294060c9d60cc9127a37c6fda1969abe1f7004c343bee8fc4c265a83362,1.0,1.0.0,True,ok,
stage2-run,official,stage2,breast_cancer,decision_tree,0,missing,1,5,0.8848566467023425,0.8888888888888888,0.0077860355377197266,398,171,"{""label_flipped"": 0, ""gaussian_cells"": 0, ""outlier_cells"": 0, ""missing_cells"": 5951, ""n_train"": 398, ""n_cells"": 11940}",2026-10-05T13:35:52.364747+00:00,bc936294060c9d60cc9127a37c6fda1969abe1f7004c343bee8fc4c265a83362,1.0,1.0.0,True,ok,
stage2-run,official,stage2,breast_cancer,random_forest,0,missing,1,5,0.9023415191319246,0.9064327485380117,0.10496091842651367,398,171,"{""label_flipped"": 0, ""gaussian_cells"": 0, ""outlier_cells"": 0, ""missing_cells"": 5951, ""n_train"": 398, ""n_cells"": 11940}",2026-10-05T13:35:52.475726+00:00,bc936294060c9d60cc9127a37c6fda1969abe1f7004c343bee8fc4c265a83362,1.0,1.0.0,True,ok,
stage2-run,official,stage2,breast_cancer,logreg,0,label+gaussian,2,1,0.9185863394982603,0.9239766081871345,0.00296783447265625,398,171,"{""label_flipped"": 20, ""gaussian_cells"": 11940, ""outlier_cells"": 0, ""missing_cells"": 0, ""n_train"": 398, ""n_cells"": 11940}",2026-10-05T13:35:52.480436+00:00,bc936294060c9d60cc9127a37c6fda1969abe1f7004c343bee8fc4c265a83362,1.0,1.0.0,True,ok,
stage2-run,official,stage2,breast_cancer,svm_rbf,0,label+gaussian,2,1,0.9371693121693121,0.9415204678362573,0.0,398,171,"{""label_flipped"": 20, ""gaussian_cells"": 11940, ""outlier_cells"": 0, ""missing_cells"": 0, ""n_train"": 398, ""n_cells"": 11940}",2026-10-05T13:35:52.493290+00:00,bc936294060c9d60cc9127a37c6fda1969abe1f7004c343bee8fc4c265a83362,1.0,1.0.0,True,ok,
stage2-run,official,stage2,breast_cancer,decision_tree,0,label+gaussian,2,1,0.8693088765149034,0.8771929824561403,0.0032188892364501953,398,171,"{""label_flipped"": 20, ""gaussian_cells"": 11940, ""outlier_cells"": 0, ""missing_cells"": 0, ""n_train"": 398, ""n_cells"": 11940}",2026-10-05T13:35:52.496509+00:00,bc936294060c9d60cc9127a37c6fda1969abe1f7004c343bee8fc4c265a83362,1.0,1.0.0,True,ok,
stage2-run,official,stage2,breast_cancer,random_forest,0,label+gaussian,2,1,0.9240899674459899,0.9298245614035088,0.13982534408569336,398,171,"{""label_flipped"": 20, ""gaussian_cells"": 11940, ""outlier_cells"": 0, ""missing_cells"": 0, ""n_train"": 398, ""n_cells"": 11940}",2026-10-05T13:35:52.640849+00:00,bc936294060c9d60cc9127a37c6fda1969abe1f7004c343bee8fc4c265a83362,1.0,1.0.0,True,ok,
stage2-run,official,stage2,breast_cancer,logreg,0,label+gaussian,2,2,0.9054377880184332,0.9122807017543859,0.005233287811279297,398,171,"{""label_flipped"": 40, ""gaussian_cells"": 11940, ""outlier_cells"": 0, ""missing_cells"": 0, ""n_train"": 398, ""n_cells"": 11940}",2026-10-05T13:35:52.648088+00:00,bc936294060c9d60cc9127a37c6fda1969abe1f7004c343bee8fc4c265a83362,1.0,1.0.0,True,ok,
stage2-run,official,stage2,breast_cancer,svm_rbf,0,label+gaussian,2,2,0.9246031746031746,0.9298245614035088,0.0040128231048583984,398,171,"{""label_flipped"": 40, ""gaussian_cells"": 11940, ""outlier_cells"": 0, ""missing_cells"": 0, ""n_train"": 398, ""n_cells"": 11940}",2026-10-05T13:35:52.660910+00:00,bc936294060c9d60cc9127a37c6fda1969abe1f7004c343bee8fc4c265a83362,1.0,1.0.0,True,ok,
stage2-run,official,stage2,breast_cancer,decision_tree,0,label+gaussian,2,2,0.8634978229317852,0.8713450292397661,0.0120697021484375,398,171,"{""label_flipped"": 40, ""gaussian_cells"": 11940, ""outlier_cells"": 0, ""missing_cells"": 0, ""n_train"": 398, ""n_cells"": 11940}",2026-10-05T13:35:52.676729+00:00,bc936294060c9d60cc9127a37c6fda1969abe1f7004c343bee8fc4c265a83362,1.0,1.0.0,True,ok,
stage2-run,official,stage2,breast_cancer,random_forest,0,label+gaussian,2,2,0.9185863394982603,0.9239766081871345,0.13762688636779785,398,171,"{""label_flipped"": 40, ""gaussian_cells"": 11940, ""outlier_cells"": 0, ""missing_cells"": 0, ""n_train"": 398, ""n_cells"": 11940}",2026-10-05T13:35:52.814356+00:00,bc936294060c9d60cc9127a37c6fda1969abe1f7004c343bee8fc4c265a83362,1.0,1.0.0,True,ok,
stage2-run,official,stage2,breast_cancer,logreg,0,label+gaussian,2,3,0.9424479264051457,0.9473684210526315,0.0,398,171,"{""label_flipped"": 80, ""gaussian_cells"": 11940, ""outlier_cells"": 0, ""missing_cells"": 0, ""n_train"": 398, ""n_cells"": 11940}",2026-10-05T13:35:52.827150+00:00,bc936294060c9d60cc9127a37c6fda1969abe1f7004c343bee8fc4c265a83362,1.0,1.0.0,True,ok,
stage2-run,official,stage2,breast_cancer,svm_rbf,0,label+gaussian,2,3,0.8956362526701251,0.9064327485380117,0.004136085510253906,398,171,"{""label_flipped"": 80, ""gaussian_cells"": 11940, ""outlier_cells"": 0, ""missing_cells"": 0, ""n_train"": 398, ""n_cells"": 11940}",2026-10-05T13:35:52.831286+00:00,bc936294060c9d60cc9127a37c6fda1969abe1f7004c343bee8fc4c265a83362,1.0,1.0.0,True,ok,
stage2-run,official,stage2,breast_cancer,decision_tree,0,label+gaussian,2,3,0.8145544295276916,0.8304093567251462,0.014353275299072266,398,171,"{""label_flipped"": 80, ""gaussian_cells"": 11940, ""outlier_cells"": 0, ""missing_cells"": 0, ""n_train"": 398, ""n_cells"": 11940}",2026-10-05T13:35:52.845639+00:00,bc936294060c9d60cc9127a37c6fda1969abe1f7004c343bee8fc4c265a83362,1.0,1.0.0,True,ok,
stage2-run,official,stage2,breast_cancer,random_forest,0,label+gaussian,2,3,0.8793887147335423,0.8947368421052632,0.1534433364868164,398,171,"{""label_flipped"": 80, ""gaussian_cells"": 11940, ""outlier_cells"": 0, ""missing_cells"": 0, ""n_train"": 398, ""n_cells"": 11940}",2026-10-05T13:35:53.003094+00:00,bc936294060c9d60cc9127a37c6fda1969abe1f7004c343bee8fc4c265a83362,1.0,1.0.0,True,ok,
stage2-run,official,stage2,breast_cancer,logreg,0,label+gaussian,2,4,0.8347826086956522,0.8421052631578947,0.0,398,171,"{""label_flipped"": 119, ""gaussian_cells"": 11940, ""outlier_cells"": 0, ""missing_cells"": 0, ""n_train"": 398, ""n_cells"": 11940}",2026-10-05T13:35:53.003094+00:00,bc936294060c9d60cc9127a37c6fda1969abe1f7004c343bee8fc4c265a83362,1.0,1.0.0,True,ok,
stage2-run,official,stage2,breast_cancer,svm_rbf,0,label+gaussian,2,4,0.868421052631579,0.8830409356725146,0.005424976348876953,398,171,"{""label_flipped"": 119, ""gaussian_cells"": 11940, ""outlier_cells"": 0, ""missing_cells"": 0, ""n_train"": 398, ""n_cells"": 11940}",2026-10-05T13:35:53.022647+00:00,bc936294060c9d60cc9127a37c6fda1969abe1f7004c343bee8fc4c265a83362,1.0,1.0.0,True,ok,
stage2-run,official,stage2,breast_cancer,decision_tree,0,label+gaussian,2,4,0.6979170946140256,0.7485380116959064,0.008718729019165039,398,171,"{""label_flipped"": 119, ""gaussian_cells"": 11940, ""outlier_cells"": 0, ""missing_cells"": 0, ""n_train"": 398, ""n_cells"": 11940}",2026-10-05T13:35:53.031366+00:00,bc936294060c9d60cc9127a37c6fda1969abe1f7004c343bee8fc4c265a83362,1.0,1.0.0,True,ok,
stage2-run,official,stage2,breast_cancer,random_forest,0,label+gaussian,2,4,0.8421052631578947,0.8596491228070176,0.15423941612243652,398,171,"{""label_flipped"": 119, ""gaussian_cells"": 11940, ""outlier_cells"": 0, ""missing_cells"": 0, ""n_train"": 398, ""n_cells"": 11940}",2026-10-05T13:35:53.189618+00:00,bc936294060c9d60cc9127a37c6fda1969abe1f7004c343bee8fc4c265a83362,1.0,1.0.0,True,ok,
stage2-run,official,stage2,breast_cancer,logreg,0,label+gaussian,2,5,0.768918918918919,0.7894736842105263,0.005532264709472656,398,171,"{""label_flipped"": 159, ""gaussian_cells"": 11940, ""outlier_cells"": 0, ""missing_cells"": 0, ""n_train"": 398, ""n_cells"": 11940}",2026-10-05T13:35:53.196893+00:00,bc936294060c9d60cc9127a37c6fda1969abe1f7004c343bee8fc4c265a83362,1.0,1.0.0,True,ok,
stage2-run,official,stage2,breast_cancer,svm_rbf,0,label+gaussian,2,5,0.5594465648854962,0.6842105263157895,0.005051612854003906,398,171,"{""label_flipped"": 159, ""gaussian_cells"": 11940, ""outlier_cells"": 0, ""missing_cells"": 0, ""n_train"": 398, ""n_cells"": 11940}",2026-10-05T13:35:53.207018+00:00,bc936294060c9d60cc9127a37c6fda1969abe1f7004c343bee8fc4c265a83362,1.0,1.0.0,True,ok,
stage2-run,official,stage2,breast_cancer,decision_tree,0,label+gaussian,2,5,0.6371166484118291,0.6374269005847953,0.014443397521972656,398,171,"{""label_flipped"": 159, ""gaussian_cells"": 11940, ""outlier_cells"": 0, ""missing_cells"": 0, ""n_train"": 398, ""n_cells"": 11940}",2026-10-05T13:35:53.222978+00:00,bc936294060c9d60cc9127a37c6fda1969abe1f7004c343bee8fc4c265a83362,1.0,1.0.0,True,ok,
stage2-run,official,stage2,breast_cancer,random_forest,0,label+gaussian,2,5,0.6669207317073171,0.7309941520467836,0.14116883277893066,398,171,"{""label_flipped"": 159, ""gaussian_cells"": 11940, ""outlier_cells"": 0, ""missing_cells"": 0, ""n_train"": 398, ""n_cells"": 11940}",2026-10-05T13:35:53.380870+00:00,bc936294060c9d60cc9127a37c6fda1969abe1f7004c343bee8fc4c265a83362,1.0,1.0.0,True,ok,
stage2-run,official,stage2,breast_cancer,logreg,0,label+outliers,2,1,0.9190959711758926,0.9239766081871345,0.0,398,171,"{""label_flipped"": 20, ""gaussian_cells"": 0, ""outlier_cells"": 239, ""missing_cells"": 0, ""n_train"": 398, ""n_cells"": 11940}",2026-10-05T13:35:53.380870+00:00,bc936294060c9d60cc9127a37c6fda1969abe1f7004c343bee8fc4c265a83362,1.0,1.0.0,True,ok,
stage2-run,official,stage2,breast_cancer,svm_rbf,0,label+outliers,2,1,0.9301703975943869,0.935672514619883,0.0,398,171,"{""label_flipped"": 20, ""gaussian_cells"": 0, ""outlier_cells"": 239, ""missing_cells"": 0, ""n_train"": 398, ""n_cells"": 11940}",2026-10-05T13:35:53.396960+00:00,bc936294060c9d60cc9127a37c6fda1969abe1f7004c343bee8fc4c265a83362,1.0,1.0.0,True,ok,
stage2-run,official,stage2,breast_cancer,decision_tree,0,label+outliers,2,1,0.8954203691045797,0.9005847953216374,0.0,398,171,"{""label_flipped"": 20, ""gaussian_cells"": 0, ""outlier_cells"": 239, ""missing_cells"": 0, ""n_train"": 398, ""n_cells"": 11940}",2026-10-05T13:35:53.396960+00:00,bc936294060c9d60cc9127a37c6fda1969abe1f7004c343bee8fc4c265a83362,1.0,1.0.0,True,ok,
stage2-run,official,stage2,breast_cancer,random_forest,0,label+outliers,2,1,0.9250876168224299,0.9298245614035088,0.1425306797027588,398,171,"{""label_flipped"": 20, ""gaussian_cells"": 0, ""outlier_cells"": 239, ""missing_cells"": 0, ""n_train"": 398, ""n_cells"": 11940}",2026-10-05T13:35:53.541496+00:00,bc936294060c9d60cc9127a37c6fda1969abe1f7004c343bee8fc4c265a83362,1.0,1.0.0,True,ok,
stage2-run,official,stage2,breast_cancer,logreg,0,label+outliers,2,2,0.9235469448584203,0.9298245614035088,0.004267454147338867,398,171,"{""label_flipped"": 40, ""gaussian_cells"": 0, ""outlier_cells"": 597, ""missing_cells"": 0, ""n_train"": 398, ""n_cells"": 11940}",2026-10-05T13:35:53.547769+00:00,bc936294060c9d60cc9127a37c6fda1969abe1f7004c343bee8fc4c265a83362,1.0,1.0.0,True,ok,
stage2-run,official,stage2,breast_cancer,svm_rbf,0,label+outliers,2,2,0.9424479264051457,0.9473684210526315,0.0,398,171,"{""label_flipped"": 40, ""gaussian_cells"": 0, ""outlier_cells"": 597, ""missing_cells"": 0, ""n_train"": 398, ""n_cells"": 11940}",2026-10-05T13:35:53.560976+00:00,bc936294060c9d60cc9127a37c6fda1969abe1f7004c343bee8fc4c265a83362,1.0,1.0.0,True,ok,
stage2-run,official,stage2,breast_cancer,decision_tree,0,label+outliers,2,2,0.8412963581690611,0.8538011695906432,0.010066509246826172,398,171,"{""label_flipped"": 40, ""gaussian_cells"": 0, ""outlier_cells"": 597, ""missing_cells"": 0, ""n_train"": 398, ""n_cells"": 11940}",2026-10-05T13:35:53.571043+00:00,bc936294060c9d60cc9127a37c6fda1969abe1f7004c343bee8fc4c265a83362,1.0,1.0.0,True,ok,
stage2-run,official,stage2,breast_cancer,random_forest,0,label+outliers,2,2,0.9375730140186915,0.9415204678362573,0.13192224502563477,398,171,"{""label_flipped"": 40, ""gaussian_cells"": 0, ""outlier_cells"": 597, ""missing_cells"": 0, ""n_train"": 398, ""n_cells"": 11940}",2026-10-05T13:35:53.708718+00:00,bc936294060c9d60cc9127a37c6fda1969abe1f7004c343bee8fc4c265a83362,1.0,1.0.0,True,ok,
stage2-run,official,stage2,breast_cancer,logreg,0,label+outliers,2,3,0.9155555555555555,0.9239766081871345,0.0,398,171,"{""label_flipped"": 80, ""gaussian_cells"": 0, ""outlier_cells"": 1194, ""missing_cells"": 0, ""n_train"": 398, ""n_cells"": 11940}",2026-10-05T13:35:53.710724+00:00,bc936294060c9d60cc9127a37c6fda1969abe1f7004c343bee8fc4c265a83362,1.0,1.0.0,True,ok,
stage2-run,official,stage2,breast_cancer,svm_rbf,0,label+outliers,2,3,0.9291178354749972,0.935672514619883,0.0040128231048583984,398,171,"{""label_flipped"": 80, ""gaussian_cells"": 0, ""outlier_cells"": 1194, ""missing_cells"": 0, ""n_train"": 398, ""n_cells"": 11940}",2026-10-05T13:35:53.726630+00:00,bc936294060c9d60cc9127a37c6fda1969abe1f7004c343bee8fc4c265a83362,1.0,1.0.0,True,ok,
stage2-run,official,stage2,breast_cancer,decision_tree,0,label+outliers,2,3,0.7448411398624304,0.7602339181286549,0.008022785186767578,398,171,"{""label_flipped"": 80, ""gaussian_cells"": 0, ""outlier_cells"": 1194, ""missing_cells"": 0, ""n_train"": 398, ""n_cells"": 11940}",2026-10-05T13:35:53.736658+00:00,bc936294060c9d60cc9127a37c6fda1969abe1f7004c343bee8fc4c265a83362,1.0,1.0.0,True,ok,
stage2-run,official,stage2,breast_cancer,random_forest,0,label+outliers,2,3,0.9375730140186915,0.9415204678362573,0.12370419502258301,398,171,"{""label_flipped"": 80, ""gaussian_cells"": 0, ""outlier_cells"": 1194, ""missing_cells"": 0, ""n_train"": 398, ""n_cells"": 11940}",2026-10-05T13:35:53.862367+00:00,bc936294060c9d60cc9127a37c6fda1969abe1f7004c343bee8fc4c265a83362,1.0,1.0.0,True,ok,
stage2-run,official,stage2,breast_cancer,logreg,0,label+outliers,2,4,0.8817556501801507,0.8888888888888888,0.013363122940063477,398,171,"{""label_flipped"": 119, ""gaussian_cells"": 0, ""outlier_cells"": 1791, ""missing_cells"": 0, ""n_train"": 398, ""n_cells"": 11940}",2026-10-05T13:35:53.878718+00:00,bc936294060c9d60cc9127a37c6fda1969abe1f7004c343bee8fc4c265a83362,1.0,1.0.0,True,ok,
stage2-run,official,stage2,breast_cancer,svm_rbf,0,label+outliers,2,4,0.8347953781350234,0.8538011695906432,0.0020096302032470703,398,171,"{""label_flipped"": 119, ""gaussian_cells"": 0, ""outlier_cells"": 1791, ""missing_cells"": 0, ""n_train"": 398, ""n_cells"": 11940}",2026-10-05T13:35:53.883342+00:00,bc936294060c9d60cc9127a37c6fda1969abe1f7004c343bee8fc4c265a83362,1.0,1.0.0,True,ok,
stage2-run,official,stage2,breast_cancer,decision_tree,0,label+outliers,2,4,0.747112676056338,0.7543859649122807,0.015917301177978516,398,171,"{""label_flipped"": 119, ""gaussian_cells"": 0, ""outlier_cells"": 1791, ""missing_cells"": 0, ""n_train"": 398, ""n_cells"": 11940}",2026-10-05T13:35:53.901266+00:00,bc936294060c9d60cc9127a37c6fda1969abe1f7004c343bee8fc4c265a83362,1.0,1.0.0,True,ok,
stage2-run,official,stage2,breast_cancer,random_forest,0,label+outliers,2,4,0.8942024238453979,0.9005847953216374,0.13281559944152832,398,171,"{""label_flipped"": 119, ""gaussian_cells"": 0, ""outlier_cells"": 1791, ""missing_cells"": 0, ""n_train"": 398, ""n_cells"": 11940}",2026-10-05T13:35:54.037094+00:00,bc936294060c9d60cc9127a37c6fda1969abe1f7004c343bee8fc4c265a83362,1.0,1.0.0,True,ok,
stage2-run,official,stage2,breast_cancer,logreg,0,label+outliers,2,5,0.8423963133640553,0.8538011695906432,0.0,398,171,"{""label_flipped"": 159, ""gaussian_cells"": 0, ""outlier_cells"": 2388, ""missing_cells"": 0, ""n_train"": 398, ""n_cells"": 11940}",2026-10-05T13:35:54.042546+00:00,bc936294060c9d60cc9127a37c6fda1969abe1f7004c343bee8fc4c265a83362,1.0,1.0.0,True,ok,
stage2-run,official,stage2,breast_cancer,svm_rbf,0,label+outliers,2,5,0.8539926495155362,0.8654970760233918,0.00575709342956543,398,171,"{""label_flipped"": 159, ""gaussian_cells"": 0, ""outlier_cells"": 2388, ""missing_cells"": 0, ""n_train"": 398, ""n_cells"": 11940}",2026-10-05T13:35:54.058997+00:00,bc936294060c9d60cc9127a37c6fda1969abe1f7004c343bee8fc4c265a83362,1.0,1.0.0,True,ok,
stage2-run,official,stage2,breast_cancer,decision_tree,0,label+outliers,2,5,0.6802631578947369,0.6842105263157895,0.007630109786987305,398,171,"{""label_flipped"": 159, ""gaussian_cells"": 0, ""outlier_cells"": 2388, ""missing_cells"": 0, ""n_train"": 398, ""n_cells"": 11940}",2026-10-05T13:35:54.068633+00:00,bc936294060c9d60cc9127a37c6fda1969abe1f7004c343bee8fc4c265a83362,1.0,1.0.0,True,ok,
stage2-run,official,stage2,breast_cancer,random_forest,0,label+outliers,2,5,0.8002336448598131,0.8128654970760234,0.1367342472076416,398,171,"{""label_flipped"": 159, ""gaussian_cells"": 0, ""outlier_cells"": 2388, ""missing_cells"": 0, ""n_train"": 398, ""n_cells"": 11940}",2026-10-05T13:35:54.209121+00:00,bc936294060c9d60cc9127a37c6fda1969abe1f7004c343bee8fc4c265a83362,1.0,1.0.0,True,ok,
stage2-run,official,stage2,breast_cancer,logreg,0,label+missing,2,1,0.9250876168224299,0.9298245614035088,0.0032966136932373047,398,171,"{""label_flipped"": 20, ""gaussian_cells"": 0, ""outlier_cells"": 0, ""missing_cells"": 1194, ""n_train"": 398, ""n_cells"": 11940}",2026-10-05T13:35:54.214423+00:00,bc936294060c9d60cc9127a37c6fda1969abe1f7004c343bee8fc4c265a83362,1.0,1.0.0,True,ok,
stage2-run,official,stage2,breast_cancer,svm_rbf,0,label+missing,2,1,0.9500584112149533,0.9532163742690059,0.003749847412109375,398,171,"{""label_flipped"": 20, ""gaussian_cells"": 0, ""outlier_cells"": 0, ""missing_cells"": 1194, ""n_train"": 398, ""n_cells"": 11940}",2026-10-05T13:35:54.225217+00:00,bc936294060c9d60cc9127a37c6fda1969abe1f7004c343bee8fc4c265a83362,1.0,1.0.0,True,ok,
stage2-run,official,stage2,breast_cancer,decision_tree,0,label+missing,2,1,0.851088534107402,0.8596491228070176,0.012096643447875977,398,171,"{""label_flipped"": 20, ""gaussian_cells"": 0, ""outlier_cells"": 0, ""missing_cells"": 1194, ""n_train"": 398, ""n_cells"": 11940}",2026-10-05T13:35:54.237314+00:00,bc936294060c9d60cc9127a37c6fda1969abe1f7004c343bee8fc4c265a83362,1.0,1.0.0,True,ok,
stage2-run,official,stage2,breast_cancer,random_forest,0,label+missing,2,1,0.9306543778801843,0.935672514619883,0.1283113956451416,398,171,"{""label_flipped"": 20, ""gaussian_cells"": 0, ""outlier_cells"": 0, ""missing_cells"": 1194, ""n_train"": 398, ""n_cells"": 11940}",2026-10-05T13:35:54.368636+00:00,bc936294060c9d60cc9127a37c6fda1969abe1f7004c343bee8fc4c265a83362,1.0,1.0.0,True,ok,
stage2-run,official,stage2,breast_cancer,logreg,0,label+missing,2,2,0.942866688940862,0.9473684210526315,0.0,398,171,"{""label_flipped"": 40, ""gaussian_cells"": 0, ""outlier_cells"": 0, ""missing_cells"": 2429, ""n_train"": 398, ""n_cells"": 11940}",2026-10-05T13:35:54.368636+00:00,bc936294060c9d60cc9127a37c6fda1969abe1f7004c343bee8fc4c265a83362,1.0,1.0.0,True,ok,
stage2-run,official,stage2,breast_cancer,svm_rbf,0,label+missing,2,2,0.9379535558780843,0.9415204678362573,0.0020079612731933594,398,171,"{""label_flipped"": 40, ""gaussian_cells"": 0, ""outlier_cells"": 0, ""missing_cells"": 2429, ""n_train"": 398, ""n_cells"": 11940}",2026-10-05T13:35:54.383768+00:00,bc936294060c9d60cc9127a37c6fda1969abe1f7004c343bee8fc4c265a83362,1.0,1.0.0,True,ok,
stage2-run,official,stage2,breast_cancer,decision_tree,0,label+missing,2,2,0.8491584630041282,0.8538011695906432,0.016169071197509766,398,171,"{""label_flipped"": 40, ""gaussian_cells"": 0, ""outlier_cells"": 0, ""missing_cells"": 2429, ""n_train"": 398, ""n_cells"": 11940}",2026-10-05T13:35:54.401761+00:00,bc936294060c9d60cc9127a37c6fda1969abe1f7004c343bee8fc4c265a83362,1.0,1.0.0,True,ok,
stage2-run,official,stage2,breast_cancer,random_forest,0,label+missing,2,2,0.9141073478760047,0.9181286549707602,0.1315019130706787,398,171,"{""label_flipped"": 40, ""gaussian_cells"": 0, ""outlier_cells"": 0, ""missing_cells"": 2429, ""n_train"": 398, ""n_cells"": 11940}",2026-10-05T13:35:54.537275+00:00,bc936294060c9d60cc9127a37c6fda1969abe1f7004c343bee8fc4c265a83362,1.0,1.0.0,True,ok,
stage2-run,official,stage2,breast_cancer,logreg,0,label+missing,2,3,0.9001168224299065,0.9064327485380117,0.005723476409912109,398,171,"{""label_flipped"": 80, ""gaussian_cells"": 0, ""outlier_cells"": 0, ""missing_cells"": 3607, ""n_train"": 398, ""n_cells"": 11940}",2026-10-05T13:35:54.542999+00:00,bc936294060c9d60cc9127a37c6fda1969abe1f7004c343bee8fc4c265a83362,1.0,1.0.0,True,ok,
stage2-run,official,stage2,breast_cancer,svm_rbf,0,label+missing,2,3,0.9060611609595313,0.9122807017543859,0.004013538360595703,398,171,"{""label_flipped"": 80, ""gaussian_cells"": 0, ""outlier_cells"": 0, ""missing_cells"": 3607, ""n_train"": 398, ""n_cells"": 11940}",2026-10-05T13:35:54.555826+00:00,bc936294060c9d60cc9127a37c6fda1969abe1f7004c343bee8fc4c265a83362,1.0,1.0.0,True,ok,
stage2-run,official,stage2,breast_cancer,decision_tree,0,label+missing,2,3,0.6788106460644292,0.6900584795321637,0.007197856903076172,398,171,"{""label_flipped"": 80, ""gaussian_cells"": 0, ""outlier_cells"": 0, ""missing_cells"": 3607, ""n_train"": 398, ""n_cells"": 11940}",2026-10-05T13:35:54.566772+00:00,bc936294060c9d60cc9127a37c6fda1969abe1f7004c343bee8fc4c265a83362,1.0,1.0.0,True,ok,
stage2-run,official,stage2,breast_cancer,random_forest,0,label+missing,2,3,0.9023415191319246,0.9064327485380117,0.1358504295349121,398,171,"{""label_flipped"": 80, ""gaussian_cells"": 0, ""outlier_cells"": 0, ""missing_cells"": 3607, ""n_train"": 398, ""n_cells"": 11940}",2026-10-05T13:35:54.706897+00:00,bc936294060c9d60cc9127a37c6fda1969abe1f7004c343bee8fc4c265a83362,1.0,1.0.0,True,ok,
stage2-run,official,stage2,breast_cancer,logreg,0,label+missing,2,4,0.8634978229317852,0.8713450292397661,0.0063588619232177734,398,171,"{""label_flipped"": 119, ""gaussian_cells"": 0, ""outlier_cells"": 0, ""missing_cells"": 4780, ""n_train"": 398, ""n_cells"": 11940}",2026-10-05T13:35:54.715275+00:00,bc936294060c9d60cc9127a37c6fda1969abe1f7004c343bee8fc4c265a83362,1.0,1.0.0,True,ok,
stage2-run,official,stage2,breast_cancer,svm_rbf,0,label+missing,2,4,0.888961038961039,0.8947368421052632,0.003998994827270508,398,171,"{""label_flipped"": 119, ""gaussian_cells"": 0, ""outlier_cells"": 0, ""missing_cells"": 4780, ""n_train"": 398, ""n_cells"": 11940}",2026-10-05T13:35:54.726511+00:00,bc936294060c9d60cc9127a37c6fda1969abe1f7004c343bee8fc4c265a83362,1.0,1.0.0,True,ok,
stage2-run,official,stage2,breast_cancer,decision_tree,0,label+missing,2,4,0.4962121212121212,0.5087719298245614,0.007362842559814453,398,171,"{""label_flipped"": 119, ""gaussian_cells"": 0, ""outlier_cells"": 0, ""missing_cells"": 4780, ""n_train"": 398, ""n_cells"": 11940}",2026-10-05T13:35:54.735941+00:00,bc936294060c9d60cc9127a37c6fda1969abe1f7004c343bee8fc4c265a83362,1.0,1.0.0,True,ok,
stage2-run,official,stage2,breast_cancer,random_forest,0,label+missing,2,4,0.8548797736916549,0.8596491228070176,0.12474751472473145,398,171,"{""label_flipped"": 119, ""gaussian_cells"": 0, ""outlier_cells"": 0, ""missing_cells"": 4780, ""n_train"": 398, ""n_cells"": 11940}",2026-10-05T13:35:54.864501+00:00,bc936294060c9d60cc9127a37c6fda1969abe1f7004c343bee8fc4c265a83362,1.0,1.0.0,True,ok,
stage2-run,official,stage2,breast_cancer,logreg,0,label+missing,2,5,0.7980676328502415,0.8070175438596491,0.0,398,171,"{""label_flipped"": 159, ""gaussian_cells"": 0, ""outlier_cells"": 0, ""missing_cells"": 5951, ""n_train"": 398, ""n_cells"": 11940}",2026-10-05T13:35:54.864501+00:00,bc936294060c9d60cc9127a37c6fda1969abe1f7004c343bee8fc4c265a83362,1.0,1.0.0,True,ok,
stage2-run,official,stage2,breast_cancer,svm_rbf,0,label+missing,2,5,0.758116267034673,0.7602339181286549,0.015645742416381836,398,171,"{""label_flipped"": 159, ""gaussian_cells"": 0, ""outlier_cells"": 0, ""missing_cells"": 5951, ""n_train"": 398, ""n_cells"": 11940}",2026-10-05T13:35:54.886166+00:00,bc936294060c9d60cc9127a37c6fda1969abe1f7004c343bee8fc4c265a83362,1.0,1.0.0,True,ok,
stage2-run,official,stage2,breast_cancer,decision_tree,0,label+missing,2,5,0.6041666666666666,0.6140350877192983,0.005518913269042969,398,171,"{""label_flipped"": 159, ""gaussian_cells"": 0, ""outlier_cells"": 0, ""missing_cells"": 5951, ""n_train"": 398, ""n_cells"": 11940}",2026-10-05T13:35:54.897001+00:00,bc936294060c9d60cc9127a37c6fda1969abe1f7004c343bee8fc4c265a83362,1.0,1.0.0,True,ok,
stage2-run,official,stage2,breast_cancer,random_forest,0,label+missing,2,5,0.763157894736842,0.7660818713450293,0.1221616268157959,398,171,"{""label_flipped"": 159, ""gaussian_cells"": 0, ""outlier_cells"": 0, ""missing_cells"": 5951, ""n_train"": 398, ""n_cells"": 11940}",2026-10-05T13:35:55.020169+00:00,bc936294060c9d60cc9127a37c6fda1969abe1f7004c343bee8fc4c265a83362,1.0,1.0.0,True,ok,
stage2-run,official,stage2,breast_cancer,logreg,0,gaussian+outliers,2,1,0.9564362921716345,0.9590643274853801,0.010085105895996094,398,171,"{""label_flipped"": 0, ""gaussian_cells"": 11940, ""outlier_cells"": 239, ""missing_cells"": 0, ""n_train"": 398, ""n_cells"": 11940}",2026-10-05T13:35:55.030254+00:00,bc936294060c9d60cc9127a37c6fda1969abe1f7004c343bee8fc4c265a83362,1.0,1.0.0,True,ok,
stage2-run,official,stage2,breast_cancer,svm_rbf,0,gaussian+outliers,2,1,0.9301703975943869,0.935672514619883,0.0029916763305664062,398,171,"{""label_flipped"": 0, ""gaussian_cells"": 11940, ""outlier_cells"": 239, ""missing_cells"": 0, ""n_train"": 398, ""n_cells"": 11940}",2026-10-05T13:35:55.037777+00:00,bc936294060c9d60cc9127a37c6fda1969abe1f7004c343bee8fc4c265a83362,1.0,1.0.0,True,ok,
stage2-run,official,stage2,breast_cancer,decision_tree,0,gaussian+outliers,2,1,0.9174741062479117,0.9239766081871345,0.01016855239868164,398,171,"{""label_flipped"": 0, ""gaussian_cells"": 11940, ""outlier_cells"": 239, ""missing_cells"": 0, ""n_train"": 398, ""n_cells"": 11940}",2026-10-05T13:35:55.047945+00:00,bc936294060c9d60cc9127a37c6fda1969abe1f7004c343bee8fc4c265a83362,1.0,1.0.0,True,ok,
stage2-run,official,stage2,breast_cancer,random_forest,0,gaussian+outliers,2,1,0.9240899674459899,0.9298245614035088,0.11508297920227051,398,171,"{""label_flipped"": 0, ""gaussian_cells"": 11940, ""outlier_cells"": 239, ""missing_cells"": 0, ""n_train"": 398, ""n_cells"": 11940}",2026-10-05T13:35:55.163029+00:00,bc936294060c9d60cc9127a37c6fda1969abe1f7004c343bee8fc4c265a83362,1.0,1.0.0,True,ok,
stage2-run,official,stage2,breast_cancer,logreg,0,gaussian+outliers,2,2,0.9371693121693121,0.9415204678362573,0.0,398,171,"{""label_flipped"": 0, ""gaussian_cells"": 11940, ""outlier_cells"": 597, ""missing_cells"": 0, ""n_train"": 398, ""n_cells"": 11940}",2026-10-05T13:35:55.163029+00:00,bc936294060c9d60cc9127a37c6fda1969abe1f7004c343bee8fc4c265a83362,1.0,1.0.0,True,ok,
stage2-run,official,stage2,breast_cancer,svm_rbf,0,gaussian+outliers,2,2,0.9362891207153503,0.9415204678362573,0.015755891799926758,398,171,"{""label_flipped"": 0, ""gaussian_cells"": 11940, ""outlier_cells"": 597, ""missing_cells"": 0, ""n_train"": 398, ""n_cells"": 11940}",2026-10-05T13:35:55.181399+00:00,bc936294060c9d60cc9127a37c6fda1969abe1f7004c343bee8fc4c265a83362,1.0,1.0.0,True,ok,
stage2-run,official,stage2,breast_cancer,decision_tree,0,gaussian+outliers,2,2,0.9007256894049347,0.9064327485380117,0.0,398,171,"{""label_flipped"": 0, ""gaussian_cells"": 11940, ""outlier_cells"": 597, ""missing_cells"": 0, ""n_train"": 398, ""n_cells"": 11940}",2026-10-05T13:35:55.181399+00:00,bc936294060c9d60cc9127a37c6fda1969abe1f7004c343bee8fc4c265a83362,1.0,1.0.0,True,ok,
stage2-run,official,stage2,breast_cancer,random_forest,0,gaussian+outliers,2,2,0.9301703975943869,0.935672514619883,0.11751580238342285,398,171,"{""label_flipped"": 0, ""gaussian_cells"": 11940, ""outlier_cells"": 597, ""missing_cells"": 0, ""n_train"": 398, ""n_cells"": 11940}",2026-10-05T13:35:55.298915+00:00,bc936294060c9d60cc9127a37c6fda1969abe1f7004c343bee8fc4c265a83362,1.0,1.0.0,True,ok,
stage2-run,official,stage2,breast_cancer,logreg,0,gaussian+outliers,2,3,0.9296585767174002,0.935672514619883,0.006819248199462891,398,171,"{""label_flipped"": 0, ""gaussian_cells"": 11940, ""outlier_cells"": 1194, ""missing_cells"": 0, ""n_train"": 398, ""n_cells"": 11940}",2026-10-05T13:35:55.305734+00:00,bc936294060c9d60cc9127a37c6fda1969abe1f7004c343bee8fc4c265a83362,1.0,1.0.0,True,ok,
stage2-run,official,stage2,breast_cancer,svm_rbf,0,gaussian+outliers,2,3,0.9486486486486487,0.9532163742690059,0.008770227432250977,398,171,"{""label_flipped"": 0, ""gaussian_cells"": 11940, ""outlier_cells"": 1194, ""missing_cells"": 0, ""n_train"": 398, ""n_cells"": 11940}",2026-10-05T13:35:55.314504+00:00,bc936294060c9d60cc9127a37c6fda1969abe1f7004c343bee8fc4c265a83362,1.0,1.0.0,True,ok,
stage2-run,official,stage2,breast_cancer,decision_tree,0,gaussian+outliers,2,3,0.875541084083509,0.8888888888888888,0.0074329376220703125,398,171,"{""label_flipped"": 0, ""gaussian_cells"": 11940, ""outlier_cells"": 1194, ""missing_cells"": 0, ""n_train"": 398, ""n_cells"": 11940}",2026-10-05T13:35:55.321937+00:00,bc936294060c9d60cc9127a37c6fda1969abe1f7004c343bee8fc4c265a83362,1.0,1.0.0,True,ok,
stage2-run,official,stage2,breast_cancer,random_forest,0,gaussian+outliers,2,3,0.9217271895025938,0.9298245614035088,0.13608121871948242,398,171,"{""label_flipped"": 0, ""gaussian_cells"": 11940, ""outlier_cells"": 1194, ""missing_cells"": 0, ""n_train"": 398, ""n_cells"": 11940}",2026-10-05T13:35:55.461790+00:00,bc936294060c9d60cc9127a37c6fda1969abe1f7004c343bee8fc4c265a83362,1.0,1.0.0,True,ok,
stage2-run,official,stage2,breast_cancer,logreg,0,gaussian+outliers,2,4,0.8956362526701251,0.9064327485380117,0.0,398,171,"{""label_flipped"": 0, ""gaussian_cells"": 11940, ""outlier_cells"": 1791, ""missing_cells"": 0, ""n_train"": 398, ""n_cells"": 11940}",2026-10-05T13:35:55.464398+00:00,bc936294060c9d60cc9127a37c6fda1969abe1f7004c343bee8fc4c265a83362,1.0,1.0.0,True,ok,
stage2-run,official,stage2,breast_cancer,svm_rbf,0,gaussian+outliers,2,4,0.8876608571318159,0.9005847953216374,0.013581037521362305,398,171,"{""label_flipped"": 0, ""gaussian_cells"": 11940, ""outlier_cells"": 1791, ""missing_cells"": 0, ""n_train"": 398, ""n_cells"": 11940}",2026-10-05T13:35:55.483257+00:00,bc936294060c9d60cc9127a37c6fda1969abe1f7004c343bee8fc4c265a83362,1.0,1.0.0,True,ok,
stage2-run,official,stage2,breast_cancer,decision_tree,0,gaussian+outliers,2,4,0.8617724867724867,0.8713450292397661,0.0061681270599365234,398,171,"{""label_flipped"": 0, ""gaussian_cells"": 11940, ""outlier_cells"": 1791, ""missing_cells"": 0, ""n_train"": 398, ""n_cells"": 11940}",2026-10-05T13:35:55.492448+00:00,bc936294060c9d60cc9127a37c6fda1969abe1f7004c343bee8fc4c265a83362,1.0,1.0.0,True,ok,
stage2-run,official,stage2,breast_cancer,random_forest,0,gaussian+outliers,2,4,0.8720715045084065,0.8888888888888888,0.10588216781616211,398,171,"{""label_flipped"": 0, ""gaussian_cells"": 11940, ""outlier_cells"": 1791, ""missing_cells"": 0, ""n_train"": 398, ""n_cells"": 11940}",2026-10-05T13:35:55.599337+00:00,bc936294060c9d60cc9127a37c6fda1969abe1f7004c343bee8fc4c265a83362,1.0,1.0.0,True,ok,
stage2-run,official,stage2,breast_cancer,logreg,0,gaussian+outliers,2,5,0.8744444873826178,0.8888888888888888,0.0032041072845458984,398,171,"{""label_flipped"": 0, ""gaussian_cells"": 11940, ""outlier_cells"": 2388, ""missing_cells"": 0, ""n_train"": 398, ""n_cells"": 11940}",2026-10-05T13:35:55.614160+00:00,bc936294060c9d60cc9127a37c6fda1969abe1f7004c343bee8fc4c265a83362,1.0,1.0.0,True,ok,
stage2-run,official,stage2,breast_cancer,svm_rbf,0,gaussian+outliers,2,5,0.85995085995086,0.8771929824561403,0.0,398,171,"{""label_flipped"": 0, ""gaussian_cells"": 11940, ""outlier_cells"": 2388, ""missing_cells"": 0, ""n_train"": 398, ""n_cells"": 11940}",2026-10-05T13:35:55.626801+00:00,bc936294060c9d60cc9127a37c6fda1969abe1f7004c343bee8fc4c265a83362,1.0,1.0.0,True,ok,
stage2-run,official,stage2,breast_cancer,decision_tree,0,gaussian+outliers,2,5,0.7038237775902652,0.7719298245614035,0.004093647003173828,398,171,"{""label_flipped"": 0, ""gaussian_cells"": 11940, ""outlier_cells"": 2388, ""missing_cells"": 0, ""n_train"": 398, ""n_cells"": 11940}",2026-10-05T13:35:55.630895+00:00,bc936294060c9d60cc9127a37c6fda1969abe1f7004c343bee8fc4c265a83362,1.0,1.0.0,True,ok,
stage2-run,official,stage2,breast_cancer,random_forest,0,gaussian+outliers,2,5,0.8299860807317558,0.8538011695906432,0.12806940078735352,398,171,"{""label_flipped"": 0, ""gaussian_cells"": 11940, ""outlier_cells"": 2388, ""missing_cells"": 0, ""n_train"": 398, ""n_cells"": 11940}",2026-10-05T13:35:55.764719+00:00,bc936294060c9d60cc9127a37c6fda1969abe1f7004c343bee8fc4c265a83362,1.0,1.0.0,True,ok,
stage2-run,official,stage2,breast_cancer,logreg,0,gaussian+missing,2,1,0.9500584112149533,0.9532163742690059,0.0,398,171,"{""label_flipped"": 0, ""gaussian_cells"": 11940, ""outlier_cells"": 0, ""missing_cells"": 1194, ""n_train"": 398, ""n_cells"": 11940}",2026-10-05T13:35:55.764719+00:00,bc936294060c9d60cc9127a37c6fda1969abe1f7004c343bee8fc4c265a83362,1.0,1.0.0,True,ok,
stage2-run,official,stage2,breast_cancer,svm_rbf,0,gaussian+missing,2,1,0.9375730140186915,0.9415204678362573,0.0,398,171,"{""label_flipped"": 0, ""gaussian_cells"": 11940, ""outlier_cells"": 0, ""missing_cells"": 1194, ""n_train"": 398, ""n_cells"": 11940}",2026-10-05T13:35:55.776629+00:00,bc936294060c9d60cc9127a37c6fda1969abe1f7004c343bee8fc4c265a83362,1.0,1.0.0,True,ok,
stage2-run,official,stage2,breast_cancer,decision_tree,0,gaussian+missing,2,1,0.8772962112514351,0.8830409356725146,0.007104158401489258,398,171,"{""label_flipped"": 0, ""gaussian_cells"": 11940, ""outlier_cells"": 0, ""missing_cells"": 1194, ""n_train"": 398, ""n_cells"": 11940}",2026-10-05T13:35:55.786239+00:00,bc936294060c9d60cc9127a37c6fda1969abe1f7004c343bee8fc4c265a83362,1.0,1.0.0,True,ok,
stage2-run,official,stage2,breast_cancer,random_forest,0,gaussian+missing,2,1,0.9432626728110599,0.9473684210526315,0.11491656303405762,398,171,"{""label_flipped"": 0, ""gaussian_cells"": 11940, ""outlier_cells"": 0, ""missing_cells"": 1194, ""n_train"": 398, ""n_cells"": 11940}",2026-10-05T13:35:55.907818+00:00,bc936294060c9d60cc9127a37c6fda1969abe1f7004c343bee8fc4c265a83362,1.0,1.0.0,True,ok,
stage2-run,official,stage2,breast_cancer,logreg,0,gaussian+missing,2,2,0.9439895185063871,0.9473684210526315,0.006387948989868164,398,171,"{""label_flipped"": 0, ""gaussian_cells"": 11940, ""outlier_cells"": 0, ""missing_cells"": 2429, ""n_train"": 398, ""n_cells"": 11940}",2026-10-05T13:35:55.914206+00:00,bc936294060c9d60cc9127a37c6fda1969abe1f7004c343bee8fc4c265a83362,1.0,1.0.0,True,ok,
stage2-run,official,stage2,breast_cancer,svm_rbf,0,gaussian+missing,2,2,0.9240899674459899,0.9298245614035088,0.005066871643066406,398,171,"{""label_flipped"": 0, ""gaussian_cells"": 11940, ""outlier_cells"": 0, ""missing_cells"": 2429, ""n_train"": 398, ""n_cells"": 11940}",2026-10-05T13:35:55.919273+00:00,bc936294060c9d60cc9127a37c6fda1969abe1f7004c343bee8fc4c265a83362,1.0,1.0.0,True,ok,
stage2-run,official,stage2,breast_cancer,decision_tree,0,gaussian+missing,2,2,0.8844594594594595,0.8947368421052632,0.010495662689208984,398,171,"{""label_flipped"": 0, ""gaussian_cells"": 11940, ""outlier_cells"": 0, ""missing_cells"": 2429, ""n_train"": 398, ""n_cells"": 11940}",2026-10-05T13:35:55.929768+00:00,bc936294060c9d60cc9127a37c6fda1969abe1f7004c343bee8fc4c265a83362,1.0,1.0.0,True,ok,
stage2-run,official,stage2,breast_cancer,random_forest,0,gaussian+missing,2,2,0.9362891207153503,0.9415204678362573,0.12134909629821777,398,171,"{""label_flipped"": 0, ""gaussian_cells"": 11940, ""outlier_cells"": 0, ""missing_cells"": 2429, ""n_train"": 398, ""n_cells"": 11940}",2026-10-05T13:35:56.060890+00:00,bc936294060c9d60cc9127a37c6fda1969abe1f7004c343bee8fc4c265a83362,1.0,1.0.0,True,ok,
stage2-run,official,stage2,breast_cancer,logreg,0,gaussian+missing,2,3,0.942866688940862,0.9473684210526315,0.0036880970001220703,398,171,"{""label_flipped"": 0, ""gaussian_cells"": 11940, ""outlier_cells"": 0, ""missing_cells"": 3607, ""n_train"": 398, ""n_cells"": 11940}",2026-10-05T13:35:56.064579+00:00,bc936294060c9d60cc9127a37c6fda1969abe1f7004c343bee8fc4c265a83362,1.0,1.0.0,True,ok,
stage2-run,official,stage2,breast_cancer,svm_rbf,0,gaussian+missing,2,3,0.9306543778801843,0.935672514619883,0.0040130615234375,398,171,"{""label_flipped"": 0, ""gaussian_cells"": 11940, ""outlier_cells"": 0, ""missing_cells"": 3607, ""n_train"": 398, ""n_cells"": 11940}",2026-10-05T13:35:56.074938+00:00,bc936294060c9d60cc9127a37c6fda1969abe1f7004c343bee8fc4c265a83362,1.0,1.0.0,True,ok,
stage2-run,official,stage2,breast_cancer,decision_tree,0,gaussian+missing,2,3,0.8866268866268867,0.9005847953216374,0.0041179656982421875,398,171,"{""label_flipped"": 0, ""gaussian_cells"": 11940, ""outlier_cells"": 0, ""missing_cells"": 3607, ""n_train"": 398, ""n_cells"": 11940}",2026-10-05T13:35:56.081062+00:00,bc936294060c9d60cc9127a37c6fda1969abe1f7004c343bee8fc4c265a83362,1.0,1.0.0,True,ok,
stage2-run,official,stage2,breast_cancer,random_forest,0,gaussian+missing,2,3,0.9486486486486487,0.9532163742690059,0.1334667205810547,398,171,"{""label_flipped"": 0, ""gaussian_cells"": 11940, ""outlier_cells"": 0, ""missing_cells"": 3607, ""n_train"": 398, ""n_cells"": 11940}",2026-10-05T13:35:56.218541+00:00,bc936294060c9d60cc9127a37c6fda1969abe1f7004c343bee8fc4c265a83362,1.0,1.0.0,True,ok,
stage2-run,official,stage2,breast_cancer,logreg,0,gaussian+missing,2,4,0.9066491975106452,0.9122807017543859,0.001743316650390625,398,171,"{""label_flipped"": 0, ""gaussian_cells"": 11940, ""outlier_cells"": 0, ""missing_cells"": 4780, ""n_train"": 398, ""n_cells"": 11940}",2026-10-05T13:35:56.222291+00:00,bc936294060c9d60cc9127a37c6fda1969abe1f7004c343bee8fc4c265a83362,1.0,1.0.0,True,ok,
stage2-run,official,stage2,breast_cancer,svm_rbf,0,gaussian+missing,2,4,0.9185863394982603,0.9239766081871345,0.004209280014038086,398,171,"{""label_flipped"": 0, ""gaussian_cells"": 11940, ""outlier_cells"": 0, ""missing_cells"": 4780, ""n_train"": 398, ""n_cells"": 11940}",2026-10-05T13:35:56.231380+00:00,bc936294060c9d60cc9127a37c6fda1969abe1f7004c343bee8fc4c265a83362,1.0,1.0.0,True,ok,
stage2-run,official,stage2,breast_cancer,decision_tree,0,gaussian+missing,2,4,0.8083626386366272,0.8304093567251462,0.00693511962890625,398,171,"{""label_flipped"": 0, ""gaussian_cells"": 11940, ""outlier_cells"": 0, ""missing_cells"": 4780, ""n_train"": 398, ""n_cells"": 11940}",2026-10-05T13:35:56.238315+00:00,bc936294060c9d60cc9127a37c6fda1969abe1f7004c343bee8fc4c265a83362,1.0,1.0.0,True,ok,
stage2-run,official,stage2,breast_cancer,random_forest,0,gaussian+missing,2,4,0.8972972972972972,0.9064327485380117,0.11955928802490234,398,171,"{""label_flipped"": 0, ""gaussian_cells"": 11940, ""outlier_cells"": 0, ""missing_cells"": 4780, ""n_train"": 398, ""n_cells"": 11940}",2026-10-05T13:35:56.370517+00:00,bc936294060c9d60cc9127a37c6fda1969abe1f7004c343bee8fc4c265a83362,1.0,1.0.0,True,ok,
stage2-run,official,stage2,breast_cancer,logreg,0,gaussian+missing,2,5,0.9240899674459899,0.9298245614035088,0.0037500858306884766,398,171,"{""label_flipped"": 0, ""gaussian_cells"": 11940, ""outlier_cells"": 0, ""missing_cells"": 5951, ""n_train"": 398, ""n_cells"": 11940}",2026-10-05T13:35:56.376273+00:00,bc936294060c9d60cc9127a37c6fda1969abe1f7004c343bee8fc4c265a83362,1.0,1.0.0,True,ok,
stage2-run,official,stage2,breast_cancer,svm_rbf,0,gaussian+missing,2,5,0.922972972972973,0.9298245614035088,0.0063991546630859375,398,171,"{""label_flipped"": 0, ""gaussian_cells"": 11940, ""outlier_cells"": 0, ""missing_cells"": 5951, ""n_train"": 398, ""n_cells"": 11940}",2026-10-05T13:35:56.389174+00:00,bc936294060c9d60cc9127a37c6fda1969abe1f7004c343bee8fc4c265a83362,1.0,1.0.0,True,ok,
stage2-run,official,stage2,breast_cancer,decision_tree,0,gaussian+missing,2,5,0.7927440206851972,0.8245614035087719,0.008789300918579102,398,171,"{""label_flipped"": 0, ""gaussian_cells"": 11940, ""outlier_cells"": 0, ""missing_cells"": 5951, ""n_train"": 398, ""n_cells"": 11940}",2026-10-05T13:35:56.397963+00:00,bc936294060c9d60cc9127a37c6fda1969abe1f7004c343bee8fc4c265a83362,1.0,1.0.0,True,ok,
stage2-run,official,stage2,breast_cancer,random_forest,0,gaussian+missing,2,5,0.8624401455659836,0.8771929824561403,0.11345458030700684,398,171,"{""label_flipped"": 0, ""gaussian_cells"": 11940, ""outlier_cells"": 0, ""missing_cells"": 5951, ""n_train"": 398, ""n_cells"": 11940}",2026-10-05T13:35:56.525985+00:00,bc936294060c9d60cc9127a37c6fda1969abe1f7004c343bee8fc4c265a83362,1.0,1.0.0,True,ok,
stage2-run,official,stage2,breast_cancer,logreg,0,outliers+missing,2,1,0.9564362921716345,0.9590643274853801,0.0,398,171,"{""label_flipped"": 0, ""gaussian_cells"": 0, ""outlier_cells"": 239, ""missing_cells"": 1194, ""n_train"": 398, ""n_cells"": 11940}",2026-10-05T13:35:56.530263+00:00,bc936294060c9d60cc9127a37c6fda1969abe1f7004c343bee8fc4c265a83362,1.0,1.0.0,True,ok,
stage2-run,official,stage2,breast_cancer,svm_rbf,0,outliers+missing,2,1,0.9362891207153503,0.9415204678362573,0.011431694030761719,398,171,"{""label_flipped"": 0, ""gaussian_cells"": 0, ""outlier_cells"": 239, ""missing_cells"": 1194, ""n_train"": 398, ""n_cells"": 11940}",2026-10-05T13:35:56.541695+00:00,bc936294060c9d60cc9127a37c6fda1969abe1f7004c343bee8fc4c265a83362,1.0,1.0.0,True,ok,
stage2-run,official,stage2,breast_cancer,decision_tree,0,outliers+missing,2,1,0.8869047619047619,0.8947368421052632,0.006732463836669922,398,171,"{""label_flipped"": 0, ""gaussian_cells"": 0, ""outlier_cells"": 239, ""missing_cells"": 1194, ""n_train"": 398, ""n_cells"": 11940}",2026-10-05T13:35:56.552134+00:00,bc936294060c9d60cc9127a37c6fda1969abe1f7004c343bee8fc4c265a83362,1.0,1.0.0,True,ok,
stage2-run,official,stage2,breast_cancer,random_forest,0,outliers+missing,2,1,0.9250876168224299,0.9298245614035088,0.10193967819213867,398,171,"{""label_flipped"": 0, ""gaussian_cells"": 0, ""outlier_cells"": 239, ""missing_cells"": 1194, ""n_train"": 398, ""n_cells"": 11940}",2026-10-05T13:35:56.656080+00:00,bc936294060c9d60cc9127a37c6fda1969abe1f7004c343bee8fc4c265a83362,1.0,1.0.0,True,ok,
stage2-run,official,stage2,breast_cancer,logreg,0,outliers+missing,2,2,0.9432626728110599,0.9473684210526315,0.008426189422607422,398,171,"{""label_flipped"": 0, ""gaussian_cells"": 0, ""outlier_cells"": 597, ""missing_cells"": 2429, ""n_train"": 398, ""n_cells"": 11940}",2026-10-05T13:35:56.664505+00:00,bc936294060c9d60cc9127a37c6fda1969abe1f7004c343bee8fc4c265a83362,1.0,1.0.0,True,ok,
stage2-run,official,stage2,breast_cancer,svm_rbf,0,outliers+missing,2,2,0.9301703975943869,0.935672514619883,0.003513336181640625,398,171,"{""label_flipped"": 0, ""gaussian_cells"": 0, ""outlier_cells"": 597, ""missing_cells"": 2429, ""n_train"": 398, ""n_cells"": 11940}",2026-10-05T13:35:56.675901+00:00,bc936294060c9d60cc9127a37c6fda1969abe1f7004c343bee8fc4c265a83362,1.0,1.0.0,True,ok,
stage2-run,official,stage2,breast_cancer,decision_tree,0,outliers+missing,2,2,0.9200273410799726,0.9239766081871345,0.005253314971923828,398,171,"{""label_flipped"": 0, ""gaussian_cells"": 0, ""outlier_cells"": 597, ""missing_cells"": 2429, ""n_train"": 398, ""n_cells"": 11940}",2026-10-05T13:35:56.681154+00:00,bc936294060c9d60cc9127a37c6fda1969abe1f7004c343bee8fc4c265a83362,1.0,1.0.0,True,ok,
stage2-run,official,stage2,breast_cancer,random_forest,0,outliers+missing,2,2,0.9126022196261683,0.9181286549707602,0.11501646041870117,398,171,"{""label_flipped"": 0, ""gaussian_cells"": 0, ""outlier_cells"": 597, ""missing_cells"": 2429, ""n_train"": 398, ""n_cells"": 11940}",2026-10-05T13:35:56.799952+00:00,bc936294060c9d60cc9127a37c6fda1969abe1f7004c343bee8fc4c265a83362,1.0,1.0.0,True,ok,
stage2-run,official,stage2,breast_cancer,logreg,0,outliers+missing,2,3,0.922972972972973,0.9298245614035088,0.0020055770874023438,398,171,"{""label_flipped"": 0, ""gaussian_cells"": 0, ""outlier_cells"": 1194, ""missing_cells"": 3607, ""n_train"": 398, ""n_cells"": 11940}",2026-10-05T13:35:56.803465+00:00,bc936294060c9d60cc9127a37c6fda1969abe1f7004c343bee8fc4c265a83362,1.0,1.0.0,True,ok,
stage2-run,official,stage2,breast_cancer,svm_rbf,0,outliers+missing,2,3,0.936741639538325,0.9415204678362573,0.007719755172729492,398,171,"{""label_flipped"": 0, ""gaussian_cells"": 0, ""outlier_cells"": 1194, ""missing_cells"": 3607, ""n_train"": 398, ""n_cells"": 11940}",2026-10-05T13:35:56.816592+00:00,bc936294060c9d60cc9127a37c6fda1969abe1f7004c343bee8fc4c265a83362,1.0,1.0.0,True,ok,
stage2-run,official,stage2,breast_cancer,decision_tree,0,outliers+missing,2,3,0.9066491975106452,0.9122807017543859,0.004012107849121094,398,171,"{""label_flipped"": 0, ""gaussian_cells"": 0, ""outlier_cells"": 1194, ""missing_cells"": 3607, ""n_train"": 398, ""n_cells"": 11940}",2026-10-05T13:35:56.824616+00:00,bc936294060c9d60cc9127a37c6fda1969abe1f7004c343bee8fc4c265a83362,1.0,1.0.0,True,ok,
stage2-run,official,stage2,breast_cancer,random_forest,0,outliers+missing,2,3,0.9311115180369895,0.935672514619883,0.1000676155090332,398,171,"{""label_flipped"": 0, ""gaussian_cells"": 0, ""outlier_cells"": 1194, ""missing_cells"": 3607, ""n_train"": 398, ""n_cells"": 11940}",2026-10-05T13:35:56.928703+00:00,bc936294060c9d60cc9127a37c6fda1969abe1f7004c343bee8fc4c265a83362,1.0,1.0.0,True,ok,
stage2-run,official,stage2,breast_cancer,logreg,0,outliers+missing,2,4,0.9358108108108107,0.9415204678362573,0.0010058879852294922,398,171,"{""label_flipped"": 0, ""gaussian_cells"": 0, ""outlier_cells"": 1791, ""missing_cells"": 4780, ""n_train"": 398, ""n_cells"": 11940}",2026-10-05T13:35:56.932353+00:00,bc936294060c9d60cc9127a37c6fda1969abe1f7004c343bee8fc4c265a83362,1.0,1.0.0,True,ok,
stage2-run,official,stage2,breast_cancer,svm_rbf,0,outliers+missing,2,4,0.9358108108108107,0.9415204678362573,0.009435415267944336,398,171,"{""label_flipped"": 0, ""gaussian_cells"": 0, ""outlier_cells"": 1791, ""missing_cells"": 4780, ""n_train"": 398, ""n_cells"": 11940}",2026-10-05T13:35:56.945452+00:00,bc936294060c9d60cc9127a37c6fda1969abe1f7004c343bee8fc4c265a83362,1.0,1.0.0,True,ok,
stage2-run,official,stage2,breast_cancer,decision_tree,0,outliers+missing,2,4,0.9023415191319246,0.9064327485380117,0.0038051605224609375,398,171,"{""label_flipped"": 0, ""gaussian_cells"": 0, ""outlier_cells"": 1791, ""missing_cells"": 4780, ""n_train"": 398, ""n_cells"": 11940}",2026-10-05T13:35:56.953795+00:00,bc936294060c9d60cc9127a37c6fda1969abe1f7004c343bee8fc4c265a83362,1.0,1.0.0,True,ok,
stage2-run,official,stage2,breast_cancer,random_forest,0,outliers+missing,2,4,0.9311115180369895,0.935672514619883,0.10113644599914551,398,171,"{""label_flipped"": 0, ""gaussian_cells"": 0, ""outlier_cells"": 1791, ""missing_cells"": 4780, ""n_train"": 398, ""n_cells"": 11940}",2026-10-05T13:35:57.058942+00:00,bc936294060c9d60cc9127a37c6fda1969abe1f7004c343bee8fc4c265a83362,1.0,1.0.0,True,ok,
stage2-run,official,stage2,breast_cancer,logreg,0,outliers+missing,2,5,0.9174741062479117,0.9239766081871345,0.0,398,171,"{""label_flipped"": 0, ""gaussian_cells"": 0, ""outlier_cells"": 2388, ""missing_cells"": 5951, ""n_train"": 398, ""n_cells"": 11940}",2026-10-05T13:35:57.060685+00:00,bc936294060c9d60cc9127a37c6fda1969abe1f7004c343bee8fc4c265a83362,1.0,1.0.0,True,ok,
stage2-run,official,stage2,breast_cancer,svm_rbf,0,outliers+missing,2,5,0.9240899674459899,0.9298245614035088,0.004014015197753906,398,171,"{""label_flipped"": 0, ""gaussian_cells"": 0, ""outlier_cells"": 2388, ""missing_cells"": 5951, ""n_train"": 398, ""n_cells"": 11940}",2026-10-05T13:35:57.076785+00:00,bc936294060c9d60cc9127a37c6fda1969abe1f7004c343bee8fc4c265a83362,1.0,1.0.0,True,ok,
stage2-run,official,stage2,breast_cancer,decision_tree,0,outliers+missing,2,5,0.8895665901262916,0.8947368421052632,0.00427699089050293,398,171,"{""label_flipped"": 0, ""gaussian_cells"": 0, ""outlier_cells"": 2388, ""missing_cells"": 5951, ""n_train"": 398, ""n_cells"": 11940}",2026-10-05T13:35:57.081062+00:00,bc936294060c9d60cc9127a37c6fda1969abe1f7004c343bee8fc4c265a83362,1.0,1.0.0,True,ok,
stage2-run,official,stage2,breast_cancer,random_forest,0,outliers+missing,2,5,0.907203067906371,0.9122807017543859,0.10613822937011719,398,171,"{""label_flipped"": 0, ""gaussian_cells"": 0, ""outlier_cells"": 2388, ""missing_cells"": 5951, ""n_train"": 398, ""n_cells"": 11940}",2026-10-05T13:35:57.188207+00:00,bc936294060c9d60cc9127a37c6fda1969abe1f7004c343bee8fc4c265a83362,1.0,1.0.0,True,ok,
stage2-run,official,stage2,breast_cancer,logreg,0,label+gaussian+outliers,3,1,0.9250876168224299,0.9298245614035088,0.0,398,171,"{""label_flipped"": 20, ""gaussian_cells"": 11940, ""outlier_cells"": 239, ""missing_cells"": 0, ""n_train"": 398, ""n_cells"": 11940}",2026-10-05T13:35:57.188207+00:00,bc936294060c9d60cc9127a37c6fda1969abe1f7004c343bee8fc4c265a83362,1.0,1.0.0,True,ok,
stage2-run,official,stage2,breast_cancer,svm_rbf,0,label+gaussian+outliers,3,1,0.9301703975943869,0.935672514619883,0.01601862907409668,398,171,"{""label_flipped"": 20, ""gaussian_cells"": 11940, ""outlier_cells"": 239, ""missing_cells"": 0, ""n_train"": 398, ""n_cells"": 11940}",2026-10-05T13:35:57.204226+00:00,bc936294060c9d60cc9127a37c6fda1969abe1f7004c343bee8fc4c265a83362,1.0,1.0.0,True,ok,
stage2-run,official,stage2,breast_cancer,decision_tree,0,label+gaussian+outliers,3,1,0.9001168224299065,0.9064327485380117,0.010213851928710938,398,171,"{""label_flipped"": 20, ""gaussian_cells"": 11940, ""outlier_cells"": 239, ""missing_cells"": 0, ""n_train"": 398, ""n_cells"": 11940}",2026-10-05T13:35:57.214440+00:00,bc936294060c9d60cc9127a37c6fda1969abe1f7004c343bee8fc4c265a83362,1.0,1.0.0,True,ok,
stage2-run,official,stage2,breast_cancer,random_forest,0,label+gaussian+outliers,3,1,0.9180460829493088,0.9239766081871345,0.1352827548980713,398,171,"{""label_flipped"": 20, ""gaussian_cells"": 11940, ""outlier_cells"": 239, ""missing_cells"": 0, ""n_train"": 398, ""n_cells"": 11940}",2026-10-05T13:35:57.353735+00:00,bc936294060c9d60cc9127a37c6fda1969abe1f7004c343bee8fc4c265a83362,1.0,1.0.0,True,ok,
stage2-run,official,stage2,breast_cancer,logreg,0,label+gaussian+outliers,3,2,0.9174741062479117,0.9239766081871345,0.002991199493408203,398,171,"{""label_flipped"": 40, ""gaussian_cells"": 11940, ""outlier_cells"": 597, ""missing_cells"": 0, ""n_train"": 398, ""n_cells"": 11940}",2026-10-05T13:35:57.359738+00:00,bc936294060c9d60cc9127a37c6fda1969abe1f7004c343bee8fc4c265a83362,1.0,1.0.0,True,ok,
stage2-run,official,stage2,breast_cancer,svm_rbf,0,label+gaussian+outliers,3,2,0.911438295353655,0.9181286549707602,0.007300615310668945,398,171,"{""label_flipped"": 40, ""gaussian_cells"": 11940, ""outlier_cells"": 597, ""missing_cells"": 0, ""n_train"": 398, ""n_cells"": 11940}",2026-10-05T13:35:57.371793+00:00,bc936294060c9d60cc9127a37c6fda1969abe1f7004c343bee8fc4c265a83362,1.0,1.0.0,True,ok,
stage2-run,official,stage2,breast_cancer,decision_tree,0,label+gaussian+outliers,3,2,0.8309100897271562,0.8421052631578947,0.009381294250488281,398,171,"{""label_flipped"": 40, ""gaussian_cells"": 11940, ""outlier_cells"": 597, ""missing_cells"": 0, ""n_train"": 398, ""n_cells"": 11940}",2026-10-05T13:35:57.381174+00:00,bc936294060c9d60cc9127a37c6fda1969abe1f7004c343bee8fc4c265a83362,1.0,1.0.0,True,ok,
stage2-run,official,stage2,breast_cancer,random_forest,0,label+gaussian+outliers,3,2,0.9185863394982603,0.9239766081871345,0.12879705429077148,398,171,"{""label_flipped"": 40, ""gaussian_cells"": 11940, ""outlier_cells"": 597, ""missing_cells"": 0, ""n_train"": 398, ""n_cells"": 11940}",2026-10-05T13:35:57.511977+00:00,bc936294060c9d60cc9127a37c6fda1969abe1f7004c343bee8fc4c265a83362,1.0,1.0.0,True,ok,
stage2-run,official,stage2,breast_cancer,logreg,0,label+gaussian+outliers,3,3,0.914843899636085,0.9239766081871345,0.0,398,171,"{""label_flipped"": 80, ""gaussian_cells"": 11940, ""outlier_cells"": 1194, ""missing_cells"": 0, ""n_train"": 398, ""n_cells"": 11940}",2026-10-05T13:35:57.511977+00:00,bc936294060c9d60cc9127a37c6fda1969abe1f7004c343bee8fc4c265a83362,1.0,1.0.0,True,ok,
stage2-run,official,stage2,breast_cancer,svm_rbf,0,label+gaussian+outliers,3,3,0.8793887147335423,0.8947368421052632,0.006344318389892578,398,171,"{""label_flipped"": 80, ""gaussian_cells"": 11940, ""outlier_cells"": 1194, ""missing_cells"": 0, ""n_train"": 398, ""n_cells"": 11940}",2026-10-05T13:35:57.530927+00:00,bc936294060c9d60cc9127a37c6fda1969abe1f7004c343bee8fc4c265a83362,1.0,1.0.0,True,ok,
stage2-run,official,stage2,breast_cancer,decision_tree,0,label+gaussian+outliers,3,3,0.8481799348919798,0.8596491228070176,0.01313161849975586,398,171,"{""label_flipped"": 80, ""gaussian_cells"": 11940, ""outlier_cells"": 1194, ""missing_cells"": 0, ""n_train"": 398, ""n_cells"": 11940}",2026-10-05T13:35:57.544059+00:00,bc936294060c9d60cc9127a37c6fda1969abe1f7004c343bee8fc4c265a83362,1.0,1.0.0,True,ok,
stage2-run,official,stage2,breast_cancer,random_forest,0,label+gaussian+outliers,3,3,0.8646723646723646,0.8830409356725146,0.13354778289794922,398,171,"{""label_flipped"": 80, ""gaussian_cells"": 11940, ""outlier_cells"": 1194, ""missing_cells"": 0, ""n_train"": 398, ""n_cells"": 11940}",2026-10-05T13:35:57.681139+00:00,bc936294060c9d60cc9127a37c6fda1969abe1f7004c343bee8fc4c265a83362,1.0,1.0.0,True,ok,
stage2-run,official,stage2,breast_cancer,logreg,0,label+gaussian+outliers,3,4,0.8453384465106183,0.8538011695906432,0.010703802108764648,398,171,"{""label_flipped"": 119, ""gaussian_cells"": 11940, ""outlier_cells"": 1791, ""missing_cells"": 0, ""n_train"": 398, ""n_cells"": 11940}",2026-10-05T13:35:57.691843+00:00,bc936294060c9d60cc9127a37c6fda1969abe1f7004c343bee8fc4c265a83362,1.0,1.0.0,True,ok,
stage2-run,official,stage2,breast_cancer,svm_rbf,0,label+gaussian+outliers,3,4,0.7541185653835093,0.7953216374269005,0.003410816192626953,398,171,"{""label_flipped"": 119, ""gaussian_cells"": 11940, ""outlier_cells"": 1791, ""missing_cells"": 0, ""n_train"": 398, ""n_cells"": 11940}",2026-10-05T13:35:57.703038+00:00,bc936294060c9d60cc9127a37c6fda1969abe1f7004c343bee8fc4c265a83362,1.0,1.0.0,True,ok,
stage2-run,official,stage2,breast_cancer,decision_tree,0,label+gaussian+outliers,3,4,0.5899561523705125,0.5906432748538012,0.011133909225463867,398,171,"{""label_flipped"": 119, ""gaussian_cells"": 11940, ""outlier_cells"": 1791, ""missing_cells"": 0, ""n_train"": 398, ""n_cells"": 11940}",2026-10-05T13:35:57.714172+00:00,bc936294060c9d60cc9127a37c6fda1969abe1f7004c343bee8fc4c265a83362,1.0,1.0.0,True,ok,
stage2-run,official,stage2,breast_cancer,random_forest,0,label+gaussian+outliers,3,4,0.8421052631578947,0.8596491228070176,0.15178894996643066,398,171,"{""label_flipped"": 119, ""gaussian_cells"": 11940, ""outlier_cells"": 1791, ""missing_cells"": 0, ""n_train"": 398, ""n_cells"": 11940}",2026-10-05T13:35:57.867969+00:00,bc936294060c9d60cc9127a37c6fda1969abe1f7004c343bee8fc4c265a83362,1.0,1.0.0,True,ok,
stage2-run,official,stage2,breast_cancer,logreg,0,label+gaussian+outliers,3,5,0.7894736842105263,0.8128654970760234,0.0020072460174560547,398,171,"{""label_flipped"": 159, ""gaussian_cells"": 11940, ""outlier_cells"": 2388, ""missing_cells"": 0, ""n_train"": 398, ""n_cells"": 11940}",2026-10-05T13:35:57.877227+00:00,bc936294060c9d60cc9127a37c6fda1969abe1f7004c343bee8fc4c265a83362,1.0,1.0.0,True,ok,
stage2-run,official,stage2,breast_cancer,svm_rbf,0,label+gaussian+outliers,3,5,0.6007782101167316,0.7017543859649122,0.0,398,171,"{""label_flipped"": 159, ""gaussian_cells"": 11940, ""outlier_cells"": 2388, ""missing_cells"": 0, ""n_train"": 398, ""n_cells"": 11940}",2026-10-05T13:35:57.887531+00:00,bc936294060c9d60cc9127a37c6fda1969abe1f7004c343bee8fc4c265a83362,1.0,1.0.0,True,ok,
stage2-run,official,stage2,breast_cancer,decision_tree,0,label+gaussian+outliers,3,5,0.47507145125436645,0.49122807017543857,0.0,398,171,"{""label_flipped"": 159, ""gaussian_cells"": 11940, ""outlier_cells"": 2388, ""missing_cells"": 0, ""n_train"": 398, ""n_cells"": 11940}",2026-10-05T13:35:57.887531+00:00,bc936294060c9d60cc9127a37c6fda1969abe1f7004c343bee8fc4c265a83362,1.0,1.0.0,True,ok,
stage2-run,official,stage2,breast_cancer,random_forest,0,label+gaussian+outliers,3,5,0.6276652561521712,0.6900584795321637,0.14947819709777832,398,171,"{""label_flipped"": 159, ""gaussian_cells"": 11940, ""outlier_cells"": 2388, ""missing_cells"": 0, ""n_train"": 398, ""n_cells"": 11940}",2026-10-05T13:35:58.041532+00:00,bc936294060c9d60cc9127a37c6fda1969abe1f7004c343bee8fc4c265a83362,1.0,1.0.0,True,ok,
stage2-run,official,stage2,breast_cancer,logreg,0,label+gaussian+missing,3,1,0.9136363636363636,0.9181286549707602,0.006109952926635742,398,171,"{""label_flipped"": 20, ""gaussian_cells"": 11940, ""outlier_cells"": 0, ""missing_cells"": 1194, ""n_train"": 398, ""n_cells"": 11940}",2026-10-05T13:35:58.047642+00:00,bc936294060c9d60cc9127a37c6fda1969abe1f7004c343bee8fc4c265a83362,1.0,1.0.0,True,ok,
stage2-run,official,stage2,breast_cancer,svm_rbf,0,label+gaussian+missing,3,1,0.9436366965757188,0.9473684210526315,0.007486581802368164,398,171,"{""label_flipped"": 20, ""gaussian_cells"": 11940, ""outlier_cells"": 0, ""missing_cells"": 1194, ""n_train"": 398, ""n_cells"": 11940}",2026-10-05T13:35:58.055129+00:00,bc936294060c9d60cc9127a37c6fda1969abe1f7004c343bee8fc4c265a83362,1.0,1.0.0,True,ok,
stage2-run,official,stage2,breast_cancer,decision_tree,0,label+gaussian+missing,3,1,0.888961038961039,0.8947368421052632,0.009087324142456055,398,171,"{""label_flipped"": 20, ""gaussian_cells"": 11940, ""outlier_cells"": 0, ""missing_cells"": 1194, ""n_train"": 398, ""n_cells"": 11940}",2026-10-05T13:35:58.064216+00:00,bc936294060c9d60cc9127a37c6fda1969abe1f7004c343bee8fc4c265a83362,1.0,1.0.0,True,ok,
stage2-run,official,stage2,breast_cancer,random_forest,0,label+gaussian+missing,3,1,0.912037037037037,0.9181286549707602,0.13904714584350586,398,171,"{""label_flipped"": 20, ""gaussian_cells"": 11940, ""outlier_cells"": 0, ""missing_cells"": 1194, ""n_train"": 398, ""n_cells"": 11940}",2026-10-05T13:35:58.208375+00:00,bc936294060c9d60cc9127a37c6fda1969abe1f7004c343bee8fc4c265a83362,1.0,1.0.0,True,ok,
stage2-run,official,stage2,breast_cancer,logreg,0,label+gaussian+missing,3,2,0.9432626728110599,0.9473684210526315,0.006186723709106445,398,171,"{""label_flipped"": 40, ""gaussian_cells"": 11940, ""outlier_cells"": 0, ""missing_cells"": 2429, ""n_train"": 398, ""n_cells"": 11940}",2026-10-05T13:35:58.214562+00:00,bc936294060c9d60cc9127a37c6fda1969abe1f7004c343bee8fc4c265a83362,1.0,1.0.0,True,ok,
stage2-run,official,stage2,breast_cancer,svm_rbf,0,label+gaussian+missing,3,2,0.9185863394982603,0.9239766081871345,0.0030744075775146484,398,171,"{""label_flipped"": 40, ""gaussian_cells"": 11940, ""outlier_cells"": 0, ""missing_cells"": 2429, ""n_train"": 398, ""n_cells"": 11940}",2026-10-05T13:35:58.224484+00:00,bc936294060c9d60cc9127a37c6fda1969abe1f7004c343bee8fc4c265a83362,1.0,1.0.0,True,ok,
stage2-run,official,stage2,breast_cancer,decision_tree,0,label+gaussian+missing,3,2,0.893535982420802,0.9005847953216374,0.010216951370239258,398,171,"{""label_flipped"": 40, ""gaussian_cells"": 11940, ""outlier_cells"": 0, ""missing_cells"": 2429, ""n_train"": 398, ""n_cells"": 11940}",2026-10-05T13:35:58.236706+00:00,bc936294060c9d60cc9127a37c6fda1969abe1f7004c343bee8fc4c265a83362,1.0,1.0.0,True,ok,
stage2-run,official,stage2,breast_cancer,random_forest,0,label+gaussian+missing,3,2,0.9126022196261683,0.9181286549707602,0.12568163871765137,398,171,"{""label_flipped"": 40, ""gaussian_cells"": 11940, ""outlier_cells"": 0, ""missing_cells"": 2429, ""n_train"": 398, ""n_cells"": 11940}",2026-10-05T13:35:58.364394+00:00,bc936294060c9d60cc9127a37c6fda1969abe1f7004c343bee8fc4c265a83362,1.0,1.0.0,True,ok,
stage2-run,official,stage2,breast_cancer,logreg,0,label+gaussian+missing,3,3,0.9306543778801843,0.935672514619883,0.012871742248535156,398,171,"{""label_flipped"": 80, ""gaussian_cells"": 11940, ""outlier_cells"": 0, ""missing_cells"": 3607, ""n_train"": 398, ""n_cells"": 11940}",2026-10-05T13:35:58.382739+00:00,bc936294060c9d60cc9127a37c6fda1969abe1f7004c343bee8fc4c265a83362,1.0,1.0.0,True,ok,
stage2-run,official,stage2,breast_cancer,svm_rbf,0,label+gaussian+missing,3,3,0.9235469448584203,0.9298245614035088,0.0,398,171,"{""label_flipped"": 80, ""gaussian_cells"": 11940, ""outlier_cells"": 0, ""missing_cells"": 3607, ""n_train"": 398, ""n_cells"": 11940}",2026-10-05T13:35:58.395401+00:00,bc936294060c9d60cc9127a37c6fda1969abe1f7004c343bee8fc4c265a83362,1.0,1.0.0,True,ok,
stage2-run,official,stage2,breast_cancer,decision_tree,0,label+gaussian+missing,3,3,0.7706408345752608,0.7894736842105263,0.00825643539428711,398,171,"{""label_flipped"": 80, ""gaussian_cells"": 11940, ""outlier_cells"": 0, ""missing_cells"": 3607, ""n_train"": 398, ""n_cells"": 11940}",2026-10-05T13:35:58.403657+00:00,bc936294060c9d60cc9127a37c6fda1969abe1f7004c343bee8fc4c265a83362,1.0,1.0.0,True,ok,
stage2-run,official,stage2,breast_cancer,random_forest,0,label+gaussian+missing,3,3,0.9291178354749972,0.935672514619883,0.13446569442749023,398,171,"{""label_flipped"": 80, ""gaussian_cells"": 11940, ""outlier_cells"": 0, ""missing_cells"": 3607, ""n_train"": 398, ""n_cells"": 11940}",2026-10-05T13:35:58.538123+00:00,bc936294060c9d60cc9127a37c6fda1969abe1f7004c343bee8fc4c265a83362,1.0,1.0.0,True,ok,
stage2-run,official,stage2,breast_cancer,logreg,0,label+gaussian+missing,3,4,0.8772962112514351,0.8830409356725146,0.015767335891723633,398,171,"{""label_flipped"": 119, ""gaussian_cells"": 11940, ""outlier_cells"": 0, ""missing_cells"": 4780, ""n_train"": 398, ""n_cells"": 11940}",2026-10-05T13:35:58.553890+00:00,bc936294060c9d60cc9127a37c6fda1969abe1f7004c343bee8fc4c265a83362,1.0,1.0.0,True,ok,
stage2-run,official,stage2,breast_cancer,svm_rbf,0,label+gaussian+missing,3,4,0.8876314252336448,0.8947368421052632,0.0,398,171,"{""label_flipped"": 119, ""gaussian_cells"": 11940, ""outlier_cells"": 0, ""missing_cells"": 4780, ""n_train"": 398, ""n_cells"": 11940}",2026-10-05T13:35:58.569681+00:00,bc936294060c9d60cc9127a37c6fda1969abe1f7004c343bee8fc4c265a83362,1.0,1.0.0,True,ok,
stage2-run,official,stage2,breast_cancer,decision_tree,0,label+gaussian+missing,3,4,0.8070750081886668,0.8187134502923976,0.0,398,171,"{""label_flipped"": 119, ""gaussian_cells"": 11940, ""outlier_cells"": 0, ""missing_cells"": 4780, ""n_train"": 398, ""n_cells"": 11940}",2026-10-05T13:35:58.569681+00:00,bc936294060c9d60cc9127a37c6fda1969abe1f7004c343bee8fc4c265a83362,1.0,1.0.0,True,ok,
stage2-run,official,stage2,breast_cancer,random_forest,0,label+gaussian+missing,3,4,0.8743386243386244,0.8830409356725146,0.14109468460083008,398,171,"{""label_flipped"": 119, ""gaussian_cells"": 11940, ""outlier_cells"": 0, ""missing_cells"": 4780, ""n_train"": 398, ""n_cells"": 11940}",2026-10-05T13:35:58.710776+00:00,bc936294060c9d60cc9127a37c6fda1969abe1f7004c343bee8fc4c265a83362,1.0,1.0.0,True,ok,
stage2-run,official,stage2,breast_cancer,logreg,0,label+gaussian+missing,3,5,0.8412963581690611,0.8538011695906432,0.0,398,171,"{""label_flipped"": 159, ""gaussian_cells"": 11940, ""outlier_cells"": 0, ""missing_cells"": 5951, ""n_train"": 398, ""n_cells"": 11940}",2026-10-05T13:35:58.710776+00:00,bc936294060c9d60cc9127a37c6fda1969abe1f7004c343bee8fc4c265a83362,1.0,1.0.0,True,ok,
stage2-run,official,stage2,breast_cancer,svm_rbf,0,label+gaussian+missing,3,5,0.759493670886076,0.7953216374269005,0.0,398,171,"{""label_flipped"": 159, ""gaussian_cells"": 11940, ""outlier_cells"": 0, ""missing_cells"": 5951, ""n_train"": 398, ""n_cells"": 11940}",2026-10-05T13:35:58.726858+00:00,bc936294060c9d60cc9127a37c6fda1969abe1f7004c343bee8fc4c265a83362,1.0,1.0.0,True,ok,
stage2-run,official,stage2,breast_cancer,decision_tree,0,label+gaussian+missing,3,5,0.645266950540452,0.6666666666666666,0.018459320068359375,398,171,"{""label_flipped"": 159, ""gaussian_cells"": 11940, ""outlier_cells"": 0, ""missing_cells"": 5951, ""n_train"": 398, ""n_cells"": 11940}",2026-10-05T13:35:58.745317+00:00,bc936294060c9d60cc9127a37c6fda1969abe1f7004c343bee8fc4c265a83362,1.0,1.0.0,True,ok,
stage2-run,official,stage2,breast_cancer,random_forest,0,label+gaussian+missing,3,5,0.8065988065988066,0.8304093567251462,0.15001368522644043,398,171,"{""label_flipped"": 159, ""gaussian_cells"": 11940, ""outlier_cells"": 0, ""missing_cells"": 5951, ""n_train"": 398, ""n_cells"": 11940}",2026-10-05T13:35:58.895330+00:00,bc936294060c9d60cc9127a37c6fda1969abe1f7004c343bee8fc4c265a83362,1.0,1.0.0,True,ok,
stage2-run,official,stage2,breast_cancer,logreg,0,label+outliers+missing,3,1,0.9255442670537011,0.9298245614035088,0.012318849563598633,398,171,"{""label_flipped"": 20, ""gaussian_cells"": 0, ""outlier_cells"": 239, ""missing_cells"": 1194, ""n_train"": 398, ""n_cells"": 11940}",2026-10-05T13:35:58.907649+00:00,bc936294060c9d60cc9127a37c6fda1969abe1f7004c343bee8fc4c265a83362,1.0,1.0.0,True,ok,
stage2-run,official,stage2,breast_cancer,svm_rbf,0,label+outliers+missing,3,1,0.9301703975943869,0.935672514619883,0.0,398,171,"{""label_flipped"": 20, ""gaussian_cells"": 0, ""outlier_cells"": 239, ""missing_cells"": 1194, ""n_train"": 398, ""n_cells"": 11940}",2026-10-05T13:35:58.919796+00:00,bc936294060c9d60cc9127a37c6fda1969abe1f7004c343bee8fc4c265a83362,1.0,1.0.0,True,ok,
stage2-run,official,stage2,breast_cancer,decision_tree,0,label+outliers+missing,3,1,0.8363752347875395,0.8421052631578947,0.007313728332519531,398,171,"{""label_flipped"": 20, ""gaussian_cells"": 0, ""outlier_cells"": 239, ""missing_cells"": 1194, ""n_train"": 398, ""n_cells"": 11940}",2026-10-05T13:35:58.928637+00:00,bc936294060c9d60cc9127a37c6fda1969abe1f7004c343bee8fc4c265a83362,1.0,1.0.0,True,ok,
stage2-run,official,stage2,breast_cancer,random_forest,0,label+outliers+missing,3,1,0.9190959711758926,0.9239766081871345,0.12975740432739258,398,171,"{""label_flipped"": 20, ""gaussian_cells"": 0, ""outlier_cells"": 239, ""missing_cells"": 1194, ""n_train"": 398, ""n_cells"": 11940}",2026-10-05T13:35:59.058394+00:00,bc936294060c9d60cc9127a37c6fda1969abe1f7004c343bee8fc4c265a83362,1.0,1.0.0,True,ok,
stage2-run,official,stage2,breast_cancer,logreg,0,label+outliers+missing,3,2,0.9301703975943869,0.935672514619883,0.01571202278137207,398,171,"{""label_flipped"": 40, ""gaussian_cells"": 0, ""outlier_cells"": 597, ""missing_cells"": 2429, ""n_train"": 398, ""n_cells"": 11940}",2026-10-05T13:35:59.074106+00:00,bc936294060c9d60cc9127a37c6fda1969abe1f7004c343bee8fc4c265a83362,1.0,1.0.0,True,ok,
stage2-run,official,stage2,breast_cancer,svm_rbf,0,label+outliers+missing,3,2,0.936741639538325,0.9415204678362573,0.0,398,171,"{""label_flipped"": 40, ""gaussian_cells"": 0, ""outlier_cells"": 597, ""missing_cells"": 2429, ""n_train"": 398, ""n_cells"": 11940}",2026-10-05T13:35:59.074106+00:00,bc936294060c9d60cc9127a37c6fda1969abe1f7004c343bee8fc4c265a83362,1.0,1.0.0,True,ok,
stage2-run,official,stage2,breast_cancer,decision_tree,0,label+outliers+missing,3,2,0.8895665901262916,0.8947368421052632,0.01593303680419922,398,171,"{""label_flipped"": 40, ""gaussian_cells"": 0, ""outlier_cells"": 597, ""missing_cells"": 2429, ""n_train"": 398, ""n_cells"": 11940}",2026-10-05T13:35:59.090039+00:00,bc936294060c9d60cc9127a37c6fda1969abe1f7004c343bee8fc4c265a83362,1.0,1.0.0,True,ok,
stage2-run,official,stage2,breast_cancer,random_forest,0,label+outliers+missing,3,2,0.9195759921855216,0.9239766081871345,0.12071084976196289,398,171,"{""label_flipped"": 40, ""gaussian_cells"": 0, ""outlier_cells"": 597, ""missing_cells"": 2429, ""n_train"": 398, ""n_cells"": 11940}",2026-10-05T13:35:59.226740+00:00,bc936294060c9d60cc9127a37c6fda1969abe1f7004c343bee8fc4c265a83362,1.0,1.0.0,True,ok,
stage2-run,official,stage2,breast_cancer,logreg,0,label+outliers+missing,3,3,0.9094279661016949,0.9181286549707602,0.0,398,171,"{""label_flipped"": 80, ""gaussian_cells"": 0, ""outlier_cells"": 1194, ""missing_cells"": 3607, ""n_train"": 398, ""n_cells"": 11940}",2026-10-05T13:35:59.226740+00:00,bc936294060c9d60cc9127a37c6fda1969abe1f7004c343bee8fc4c265a83362,1.0,1.0.0,True,ok,
stage2-run,official,stage2,breast_cancer,svm_rbf,0,label+outliers+missing,3,3,0.9168692270296548,0.9239766081871345,0.0,398,171,"{""label_flipped"": 80, ""gaussian_cells"": 0, ""outlier_cells"": 1194, ""missing_cells"": 3607, ""n_train"": 398, ""n_cells"": 11940}",2026-10-05T13:35:59.245317+00:00,bc936294060c9d60cc9127a37c6fda1969abe1f7004c343bee8fc4c265a83362,1.0,1.0.0,True,ok,
stage2-run,official,stage2,breast_cancer,decision_tree,0,label+outliers+missing,3,3,0.8329655222314678,0.8421052631578947,0.0,398,171,"{""label_flipped"": 80, ""gaussian_cells"": 0, ""outlier_cells"": 1194, ""missing_cells"": 3607, ""n_train"": 398, ""n_cells"": 11940}",2026-10-05T13:35:59.245317+00:00,bc936294060c9d60cc9127a37c6fda1969abe1f7004c343bee8fc4c265a83362,1.0,1.0.0,True,ok,
stage2-run,official,stage2,breast_cancer,random_forest,0,label+outliers+missing,3,3,0.9060611609595313,0.9122807017543859,0.1263129711151123,398,171,"{""label_flipped"": 80, ""gaussian_cells"": 0, ""outlier_cells"": 1194, ""missing_cells"": 3607, ""n_train"": 398, ""n_cells"": 11940}",2026-10-05T13:35:59.387421+00:00,bc936294060c9d60cc9127a37c6fda1969abe1f7004c343bee8fc4c265a83362,1.0,1.0.0,True,ok,
stage2-run,official,stage2,breast_cancer,logreg,0,label+outliers+missing,3,4,0.8700842950689194,0.8771929824561403,0.0,398,171,"{""label_flipped"": 119, ""gaussian_cells"": 0, ""outlier_cells"": 1791, ""missing_cells"": 4780, ""n_train"": 398, ""n_cells"": 11940}",2026-10-05T13:35:59.387421+00:00,bc936294060c9d60cc9127a37c6fda1969abe1f7004c343bee8fc4c265a83362,1.0,1.0.0,True,ok,
stage2-run,official,stage2,breast_cancer,svm_rbf,0,label+outliers+missing,3,4,0.8676129032258064,0.8771929824561403,0.01693105697631836,398,171,"{""label_flipped"": 119, ""gaussian_cells"": 0, ""outlier_cells"": 1791, ""missing_cells"": 4780, ""n_train"": 398, ""n_cells"": 11940}",2026-10-05T13:35:59.404352+00:00,bc936294060c9d60cc9127a37c6fda1969abe1f7004c343bee8fc4c265a83362,1.0,1.0.0,True,ok,
stage2-run,official,stage2,breast_cancer,decision_tree,0,label+outliers+missing,3,4,0.6297435897435897,0.6666666666666666,0.014619588851928711,398,171,"{""label_flipped"": 119, ""gaussian_cells"": 0, ""outlier_cells"": 1791, ""missing_cells"": 4780, ""n_train"": 398, ""n_cells"": 11940}",2026-10-05T13:35:59.418972+00:00,bc936294060c9d60cc9127a37c6fda1969abe1f7004c343bee8fc4c265a83362,1.0,1.0.0,True,ok,
stage2-run,official,stage2,breast_cancer,random_forest,0,label+outliers+missing,3,4,0.8817556501801507,0.8888888888888888,0.12575912475585938,398,171,"{""label_flipped"": 119, ""gaussian_cells"": 0, ""outlier_cells"": 1791, ""missing_cells"": 4780, ""n_train"": 398, ""n_cells"": 11940}",2026-10-05T13:35:59.544731+00:00,bc936294060c9d60cc9127a37c6fda1969abe1f7004c343bee8fc4c265a83362,1.0,1.0.0,True,ok,
stage2-run,official,stage2,breast_cancer,logreg,0,label+outliers+missing,3,5,0.8785011779664186,0.8888888888888888,0.0,398,171,"{""label_flipped"": 159, ""gaussian_cells"": 0, ""outlier_cells"": 2388, ""missing_cells"": 5951, ""n_train"": 398, ""n_cells"": 11940}",2026-10-05T13:35:59.544731+00:00,bc936294060c9d60cc9127a37c6fda1969abe1f7004c343bee8fc4c265a83362,1.0,1.0.0,True,ok,
stage2-run,official,stage2,breast_cancer,svm_rbf,0,label+outliers+missing,3,5,0.8876314252336448,0.8947368421052632,0.0,398,171,"{""label_flipped"": 159, ""gaussian_cells"": 0, ""outlier_cells"": 2388, ""missing_cells"": 5951, ""n_train"": 398, ""n_cells"": 11940}",2026-10-05T13:35:59.560477+00:00,bc936294060c9d60cc9127a37c6fda1969abe1f7004c343bee8fc4c265a83362,1.0,1.0.0,True,ok,
stage2-run,official,stage2,breast_cancer,decision_tree,0,label+outliers+missing,3,5,0.6139162561576355,0.6140350877192983,0.0159909725189209,398,171,"{""label_flipped"": 159, ""gaussian_cells"": 0, ""outlier_cells"": 2388, ""missing_cells"": 5951, ""n_train"": 398, ""n_cells"": 11940}",2026-10-05T13:35:59.576468+00:00,bc936294060c9d60cc9127a37c6fda1969abe1f7004c343bee8fc4c265a83362,1.0,1.0.0,True,ok,
stage2-run,official,stage2,breast_cancer,random_forest,0,label+outliers+missing,3,5,0.8356061954780132,0.8421052631578947,0.11988973617553711,398,171,"{""label_flipped"": 159, ""gaussian_cells"": 0, ""outlier_cells"": 2388, ""missing_cells"": 5951, ""n_train"": 398, ""n_cells"": 11940}",2026-10-05T13:35:59.698374+00:00,bc936294060c9d60cc9127a37c6fda1969abe1f7004c343bee8fc4c265a83362,1.0,1.0.0,True,ok,
stage2-run,official,stage2,breast_cancer,logreg,0,gaussian+outliers+missing,3,1,0.9564362921716345,0.9590643274853801,0.006043434143066406,398,171,"{""label_flipped"": 0, ""gaussian_cells"": 11940, ""outlier_cells"": 239, ""missing_cells"": 1194, ""n_train"": 398, ""n_cells"": 11940}",2026-10-05T13:35:59.704418+00:00,bc936294060c9d60cc9127a37c6fda1969abe1f7004c343bee8fc4c265a83362,1.0,1.0.0,True,ok,
stage2-run,official,stage2,breast_cancer,svm_rbf,0,gaussian+outliers+missing,3,1,0.9432626728110599,0.9473684210526315,0.005081653594970703,398,171,"{""label_flipped"": 0, ""gaussian_cells"": 11940, ""outlier_cells"": 239, ""missing_cells"": 1194, ""n_train"": 398, ""n_cells"": 11940}",2026-10-05T13:35:59.719612+00:00,bc936294060c9d60cc9127a37c6fda1969abe1f7004c343bee8fc4c265a83362,1.0,1.0.0,True,ok,
stage2-run,official,stage2,breast_cancer,decision_tree,0,gaussian+outliers+missing,3,1,0.8954203691045797,0.9005847953216374,0.006291866302490234,398,171,"{""label_flipped"": 0, ""gaussian_cells"": 11940, ""outlier_cells"": 239, ""missing_cells"": 1194, ""n_train"": 398, ""n_cells"": 11940}",2026-10-05T13:35:59.726987+00:00,bc936294060c9d60cc9127a37c6fda1969abe1f7004c343bee8fc4c265a83362,1.0,1.0.0,True,ok,
stage2-run,official,stage2,breast_cancer,random_forest,0,gaussian+outliers+missing,3,1,0.9246031746031746,0.9298245614035088,0.11498093605041504,398,171,"{""label_flipped"": 0, ""gaussian_cells"": 11940, ""outlier_cells"": 239, ""missing_cells"": 1194, ""n_train"": 398, ""n_cells"": 11940}",2026-10-05T13:35:59.841968+00:00,bc936294060c9d60cc9127a37c6fda1969abe1f7004c343bee8fc4c265a83362,1.0,1.0.0,True,ok,
stage2-run,official,stage2,breast_cancer,logreg,0,gaussian+outliers+missing,3,2,0.942866688940862,0.9473684210526315,0.0,398,171,"{""label_flipped"": 0, ""gaussian_cells"": 11940, ""outlier_cells"": 597, ""missing_cells"": 2429, ""n_train"": 398, ""n_cells"": 11940}",2026-10-05T13:35:59.841968+00:00,bc936294060c9d60cc9127a37c6fda1969abe1f7004c343bee8fc4c265a83362,1.0,1.0.0,True,ok,
stage2-run,official,stage2,breast_cancer,svm_rbf,0,gaussian+outliers+missing,3,2,0.9362891207153503,0.9415204678362573,0.015830516815185547,398,171,"{""label_flipped"": 0, ""gaussian_cells"": 11940, ""outlier_cells"": 597, ""missing_cells"": 2429, ""n_train"": 398, ""n_cells"": 11940}",2026-10-05T13:35:59.857798+00:00,bc936294060c9d60cc9127a37c6fda1969abe1f7004c343bee8fc4c265a83362,1.0,1.0.0,True,ok,
stage2-run,official,stage2,breast_cancer,decision_tree,0,gaussian+outliers+missing,3,2,0.9246031746031746,0.9298245614035088,0.0,398,171,"{""label_flipped"": 0, ""gaussian_cells"": 11940, ""outlier_cells"": 597, ""missing_cells"": 2429, ""n_train"": 398, ""n_cells"": 11940}",2026-10-05T13:35:59.857798+00:00,bc936294060c9d60cc9127a37c6fda1969abe1f7004c343bee8fc4c265a83362,1.0,1.0.0,True,ok,
stage2-run,official,stage2,breast_cancer,random_forest,0,gaussian+outliers+missing,3,2,0.9362891207153503,0.9415204678362573,0.12008380889892578,398,171,"{""label_flipped"": 0, ""gaussian_cells"": 11940, ""outlier_cells"": 597, ""missing_cells"": 2429, ""n_train"": 398, ""n_cells"": 11940}",2026-10-05T13:35:59.993563+00:00,bc936294060c9d60cc9127a37c6fda1969abe1f7004c343bee8fc4c265a83362,1.0,1.0.0,True,ok,
stage2-run,official,stage2,breast_cancer,logreg,0,gaussian+outliers+missing,3,3,0.9291178354749972,0.935672514619883,0.0,398,171,"{""label_flipped"": 0, ""gaussian_cells"": 11940, ""outlier_cells"": 1194, ""missing_cells"": 3607, ""n_train"": 398, ""n_cells"": 11940}",2026-10-05T13:35:59.993563+00:00,bc936294060c9d60cc9127a37c6fda1969abe1f7004c343bee8fc4c265a83362,1.0,1.0.0,True,ok,
stage2-run,official,stage2,breast_cancer,svm_rbf,0,gaussian+outliers+missing,3,3,0.9358108108108107,0.9415204678362573,0.011002779006958008,398,171,"{""label_flipped"": 0, ""gaussian_cells"": 11940, ""outlier_cells"": 1194, ""missing_cells"": 3607, ""n_train"": 398, ""n_cells"": 11940}",2026-10-05T13:36:00.009606+00:00,bc936294060c9d60cc9127a37c6fda1969abe1f7004c343bee8fc4c265a83362,1.0,1.0.0,True,ok,
stage2-run,official,stage2,breast_cancer,decision_tree,0,gaussian+outliers+missing,3,3,0.8805124223602485,0.8947368421052632,0.0,398,171,"{""label_flipped"": 0, ""gaussian_cells"": 11940, ""outlier_cells"": 1194, ""missing_cells"": 3607, ""n_train"": 398, ""n_cells"": 11940}",2026-10-05T13:36:00.009606+00:00,bc936294060c9d60cc9127a37c6fda1969abe1f7004c343bee8fc4c265a83362,1.0,1.0.0,True,ok,
stage2-run,official,stage2,breast_cancer,random_forest,0,gaussian+outliers+missing,3,3,0.9353056900726393,0.9415204678362573,0.13013625144958496,398,171,"{""label_flipped"": 0, ""gaussian_cells"": 11940, ""outlier_cells"": 1194, ""missing_cells"": 3607, ""n_train"": 398, ""n_cells"": 11940}",2026-10-05T13:36:00.139742+00:00,bc936294060c9d60cc9127a37c6fda1969abe1f7004c343bee8fc4c265a83362,1.0,1.0.0,True,ok,
stage2-run,official,stage2,breast_cancer,logreg,0,gaussian+outliers+missing,3,4,0.9296585767174002,0.935672514619883,0.015723466873168945,398,171,"{""label_flipped"": 0, ""gaussian_cells"": 11940, ""outlier_cells"": 1791, ""missing_cells"": 4780, ""n_train"": 398, ""n_cells"": 11940}",2026-10-05T13:36:00.155466+00:00,bc936294060c9d60cc9127a37c6fda1969abe1f7004c343bee8fc4c265a83362,1.0,1.0.0,True,ok,
stage2-run,official,stage2,breast_cancer,svm_rbf,0,gaussian+outliers+missing,3,4,0.9301703975943869,0.935672514619883,0.0,398,171,"{""label_flipped"": 0, ""gaussian_cells"": 11940, ""outlier_cells"": 1791, ""missing_cells"": 4780, ""n_train"": 398, ""n_cells"": 11940}",2026-10-05T13:36:00.171142+00:00,bc936294060c9d60cc9127a37c6fda1969abe1f7004c343bee8fc4c265a83362,1.0,1.0.0,True,ok,
stage2-run,official,stage2,breast_cancer,decision_tree,0,gaussian+outliers+missing,3,4,0.8366402116402116,0.847953216374269,0.0,398,171,"{""label_flipped"": 0, ""gaussian_cells"": 11940, ""outlier_cells"": 1791, ""missing_cells"": 4780, ""n_train"": 398, ""n_cells"": 11940}",2026-10-05T13:36:00.171142+00:00,bc936294060c9d60cc9127a37c6fda1969abe1f7004c343bee8fc4c265a83362,1.0,1.0.0,True,ok,
stage2-run,official,stage2,breast_cancer,random_forest,0,gaussian+outliers+missing,3,4,0.8706113801452784,0.8830409356725146,0.12263321876525879,398,171,"{""label_flipped"": 0, ""gaussian_cells"": 11940, ""outlier_cells"": 1791, ""missing_cells"": 4780, ""n_train"": 398, ""n_cells"": 11940}",2026-10-05T13:36:00.304950+00:00,bc936294060c9d60cc9127a37c6fda1969abe1f7004c343bee8fc4c265a83362,1.0,1.0.0,True,ok,
stage2-run,official,stage2,breast_cancer,logreg,0,gaussian+outliers+missing,3,5,0.9033425029204507,0.9122807017543859,0.004523754119873047,398,171,"{""label_flipped"": 0, ""gaussian_cells"": 11940, ""outlier_cells"": 2388, ""missing_cells"": 5951, ""n_train"": 398, ""n_cells"": 11940}",2026-10-05T13:36:00.309474+00:00,bc936294060c9d60cc9127a37c6fda1969abe1f7004c343bee8fc4c265a83362,1.0,1.0.0,True,ok,
stage2-run,official,stage2,breast_cancer,svm_rbf,0,gaussian+outliers+missing,3,5,0.8744444873826178,0.8888888888888888,0.0,398,171,"{""label_flipped"": 0, ""gaussian_cells"": 11940, ""outlier_cells"": 2388, ""missing_cells"": 5951, ""n_train"": 398, ""n_cells"": 11940}",2026-10-05T13:36:00.309474+00:00,bc936294060c9d60cc9127a37c6fda1969abe1f7004c343bee8fc4c265a83362,1.0,1.0.0,True,ok,
stage2-run,official,stage2,breast_cancer,decision_tree,0,gaussian+outliers+missing,3,5,0.7350704225352113,0.7426900584795322,0.015842199325561523,398,171,"{""label_flipped"": 0, ""gaussian_cells"": 11940, ""outlier_cells"": 2388, ""missing_cells"": 5951, ""n_train"": 398, ""n_cells"": 11940}",2026-10-05T13:36:00.325316+00:00,bc936294060c9d60cc9127a37c6fda1969abe1f7004c343bee8fc4c265a83362,1.0,1.0.0,True,ok,
stage2-run,official,stage2,breast_cancer,random_forest,0,gaussian+outliers+missing,3,5,0.9301703975943869,0.935672514619883,0.11716008186340332,398,171,"{""label_flipped"": 0, ""gaussian_cells"": 11940, ""outlier_cells"": 2388, ""missing_cells"": 5951, ""n_train"": 398, ""n_cells"": 11940}",2026-10-05T13:36:00.442476+00:00,bc936294060c9d60cc9127a37c6fda1969abe1f7004c343bee8fc4c265a83362,1.0,1.0.0,True,ok,
stage2-run,official,stage2,breast_cancer,logreg,0,label+gaussian+outliers+missing,4,1,0.9141073478760047,0.9181286549707602,0.0,398,171,"{""label_flipped"": 20, ""gaussian_cells"": 11940, ""outlier_cells"": 239, ""missing_cells"": 1194, ""n_train"": 398, ""n_cells"": 11940}",2026-10-05T13:36:00.458310+00:00,bc936294060c9d60cc9127a37c6fda1969abe1f7004c343bee8fc4c265a83362,1.0,1.0.0,True,ok,
stage2-run,official,stage2,breast_cancer,svm_rbf,0,label+gaussian+outliers+missing,4,1,0.9371693121693121,0.9415204678362573,0.0,398,171,"{""label_flipped"": 20, ""gaussian_cells"": 11940, ""outlier_cells"": 239, ""missing_cells"": 1194, ""n_train"": 398, ""n_cells"": 11940}",2026-10-05T13:36:00.458310+00:00,bc936294060c9d60cc9127a37c6fda1969abe1f7004c343bee8fc4c265a83362,1.0,1.0.0,True,ok,
stage2-run,official,stage2,breast_cancer,decision_tree,0,label+gaussian+outliers+missing,4,1,0.888961038961039,0.8947368421052632,0.015781402587890625,398,171,"{""label_flipped"": 20, ""gaussian_cells"": 11940, ""outlier_cells"": 239, ""missing_cells"": 1194, ""n_train"": 398, ""n_cells"": 11940}",2026-10-05T13:36:00.474091+00:00,bc936294060c9d60cc9127a37c6fda1969abe1f7004c343bee8fc4c265a83362,1.0,1.0.0,True,ok,
stage2-run,official,stage2,breast_cancer,random_forest,0,label+gaussian+outliers+missing,4,1,0.9180460829493088,0.9239766081871345,0.13158392906188965,398,171,"{""label_flipped"": 20, ""gaussian_cells"": 11940, ""outlier_cells"": 239, ""missing_cells"": 1194, ""n_train"": 398, ""n_cells"": 11940}",2026-10-05T13:36:00.605675+00:00,bc936294060c9d60cc9127a37c6fda1969abe1f7004c343bee8fc4c265a83362,1.0,1.0.0,True,ok,
stage2-run,official,stage2,breast_cancer,logreg,0,label+gaussian+outliers+missing,4,2,0.9180460829493088,0.9239766081871345,0.0,398,171,"{""label_flipped"": 40, ""gaussian_cells"": 11940, ""outlier_cells"": 597, ""missing_cells"": 2429, ""n_train"": 398, ""n_cells"": 11940}",2026-10-05T13:36:00.605675+00:00,bc936294060c9d60cc9127a37c6fda1969abe1f7004c343bee8fc4c265a83362,1.0,1.0.0,True,ok,
stage2-run,official,stage2,breast_cancer,svm_rbf,0,label+gaussian+outliers+missing,4,2,0.9301703975943869,0.935672514619883,0.0,398,171,"{""label_flipped"": 40, ""gaussian_cells"": 11940, ""outlier_cells"": 597, ""missing_cells"": 2429, ""n_train"": 398, ""n_cells"": 11940}",2026-10-05T13:36:00.621421+00:00,bc936294060c9d60cc9127a37c6fda1969abe1f7004c343bee8fc4c265a83362,1.0,1.0.0,True,ok,
stage2-run,official,stage2,breast_cancer,decision_tree,0,label+gaussian+outliers+missing,4,2,0.8626606308411215,0.8713450292397661,0.016102075576782227,398,171,"{""label_flipped"": 40, ""gaussian_cells"": 11940, ""outlier_cells"": 597, ""missing_cells"": 2429, ""n_train"": 398, ""n_cells"": 11940}",2026-10-05T13:36:00.637524+00:00,bc936294060c9d60cc9127a37c6fda1969abe1f7004c343bee8fc4c265a83362,1.0,1.0.0,True,ok,
stage2-run,official,stage2,breast_cancer,random_forest,0,label+gaussian+outliers+missing,4,2,0.9185863394982603,0.9239766081871345,0.11004781723022461,398,171,"{""label_flipped"": 40, ""gaussian_cells"": 11940, ""outlier_cells"": 597, ""missing_cells"": 2429, ""n_train"": 398, ""n_cells"": 11940}",2026-10-05T13:36:00.763269+00:00,bc936294060c9d60cc9127a37c6fda1969abe1f7004c343bee8fc4c265a83362,1.0,1.0.0,True,ok,
stage2-run,official,stage2,breast_cancer,logreg,0,label+gaussian+outliers+missing,4,3,0.9086817210863595,0.9181286549707602,0.0,398,171,"{""label_flipped"": 80, ""gaussian_cells"": 11940, ""outlier_cells"": 1194, ""missing_cells"": 3607, ""n_train"": 398, ""n_cells"": 11940}",2026-10-05T13:36:00.763269+00:00,bc936294060c9d60cc9127a37c6fda1969abe1f7004c343bee8fc4c265a83362,1.0,1.0.0,True,ok,
stage2-run,official,stage2,breast_cancer,svm_rbf,0,label+gaussian+outliers+missing,4,3,0.8947368421052632,0.9064327485380117,0.016075611114501953,398,171,"{""label_flipped"": 80, ""gaussian_cells"": 11940, ""outlier_cells"": 1194, ""missing_cells"": 3607, ""n_train"": 398, ""n_cells"": 11940}",2026-10-05T13:36:00.779345+00:00,bc936294060c9d60cc9127a37c6fda1969abe1f7004c343bee8fc4c265a83362,1.0,1.0.0,True,ok,
stage2-run,official,stage2,breast_cancer,decision_tree,0,label+gaussian+outliers+missing,4,3,0.8116239316239315,0.8304093567251462,0.013630867004394531,398,171,"{""label_flipped"": 80, ""gaussian_cells"": 11940, ""outlier_cells"": 1194, ""missing_cells"": 3607, ""n_train"": 398, ""n_cells"": 11940}",2026-10-05T13:36:00.792976+00:00,bc936294060c9d60cc9127a37c6fda1969abe1f7004c343bee8fc4c265a83362,1.0,1.0.0,True,ok,
stage2-run,official,stage2,breast_cancer,random_forest,0,label+gaussian+outliers+missing,4,3,0.8947368421052632,0.9064327485380117,0.12641382217407227,398,171,"{""label_flipped"": 80, ""gaussian_cells"": 11940, ""outlier_cells"": 1194, ""missing_cells"": 3607, ""n_train"": 398, ""n_cells"": 11940}",2026-10-05T13:36:00.922082+00:00,bc936294060c9d60cc9127a37c6fda1969abe1f7004c343bee8fc4c265a83362,1.0,1.0.0,True,ok,
stage2-run,official,stage2,breast_cancer,logreg,0,label+gaussian+outliers+missing,4,4,0.8329655222314678,0.8421052631578947,0.0034265518188476562,398,171,"{""label_flipped"": 119, ""gaussian_cells"": 11940, ""outlier_cells"": 1791, ""missing_cells"": 4780, ""n_train"": 398, ""n_cells"": 11940}",2026-10-05T13:36:00.932012+00:00,bc936294060c9d60cc9127a37c6fda1969abe1f7004c343bee8fc4c265a83362,1.0,1.0.0,True,ok,
stage2-run,official,stage2,breast_cancer,svm_rbf,0,label+gaussian+outliers+missing,4,4,0.8646795040886309,0.8771929824561403,0.0,398,171,"{""label_flipped"": 119, ""gaussian_cells"": 11940, ""outlier_cells"": 1791, ""missing_cells"": 4780, ""n_train"": 398, ""n_cells"": 11940}",2026-10-05T13:36:00.944724+00:00,bc936294060c9d60cc9127a37c6fda1969abe1f7004c343bee8fc4c265a83362,1.0,1.0.0,True,ok,
stage2-run,official,stage2,breast_cancer,decision_tree,0,label+gaussian+outliers+missing,4,4,0.7218528995756719,0.7309941520467836,0.0,398,171,"{""label_flipped"": 119, ""gaussian_cells"": 11940, ""outlier_cells"": 1791, ""missing_cells"": 4780, ""n_train"": 398, ""n_cells"": 11940}",2026-10-05T13:36:00.944724+00:00,bc936294060c9d60cc9127a37c6fda1969abe1f7004c343bee8fc4c265a83362,1.0,1.0.0,True,ok,
stage2-run,official,stage2,breast_cancer,random_forest,0,label+gaussian+outliers+missing,4,4,0.8329655222314678,0.8421052631578947,0.11647915840148926,398,171,"{""label_flipped"": 119, ""gaussian_cells"": 11940, ""outlier_cells"": 1791, ""missing_cells"": 4780, ""n_train"": 398, ""n_cells"": 11940}",2026-10-05T13:36:01.077048+00:00,bc936294060c9d60cc9127a37c6fda1969abe1f7004c343bee8fc4c265a83362,1.0,1.0.0,True,ok,
stage2-run,official,stage2,breast_cancer,logreg,0,label+gaussian+outliers+missing,4,5,0.8576725181598064,0.8713450292397661,0.01569843292236328,398,171,"{""label_flipped"": 159, ""gaussian_cells"": 11940, ""outlier_cells"": 2388, ""missing_cells"": 5951, ""n_train"": 398, ""n_cells"": 11940}",2026-10-05T13:36:01.092746+00:00,bc936294060c9d60cc9127a37c6fda1969abe1f7004c343bee8fc4c265a83362,1.0,1.0.0,True,ok,
stage2-run,official,stage2,breast_cancer,svm_rbf,0,label+gaussian+outliers+missing,4,5,0.81993681993682,0.8421052631578947,0.0,398,171,"{""label_flipped"": 159, ""gaussian_cells"": 11940, ""outlier_cells"": 2388, ""missing_cells"": 5951, ""n_train"": 398, ""n_cells"": 11940}",2026-10-05T13:36:01.105857+00:00,bc936294060c9d60cc9127a37c6fda1969abe1f7004c343bee8fc4c265a83362,1.0,1.0.0,True,ok,
stage2-run,official,stage2,breast_cancer,decision_tree,0,label+gaussian+outliers+missing,4,5,0.7227833894500562,0.7719298245614035,0.0,398,171,"{""label_flipped"": 159, ""gaussian_cells"": 11940, ""outlier_cells"": 2388, ""missing_cells"": 5951, ""n_train"": 398, ""n_cells"": 11940}",2026-10-05T13:36:01.108397+00:00,bc936294060c9d60cc9127a37c6fda1969abe1f7004c343bee8fc4c265a83362,1.0,1.0.0,True,ok,
stage2-run,official,stage2,breast_cancer,random_forest,0,label+gaussian+outliers+missing,4,5,0.7970085470085471,0.8245614035087719,0.12023258209228516,398,171,"{""label_flipped"": 159, ""gaussian_cells"": 11940, ""outlier_cells"": 2388, ""missing_cells"": 5951, ""n_train"": 398, ""n_cells"": 11940}",2026-10-05T13:36:01.228629+00:00,bc936294060c9d60cc9127a37c6fda1969abe1f7004c343bee8fc4c265a83362,1.0,1.0.0,True,ok,
stage2-run,official,stage2,breast_cancer,logreg,1,clean,0,0,0.9558709677419355,0.9590643274853801,0.01603555679321289,398,171,{},2026-10-05T13:36:01.244665+00:00,bc936294060c9d60cc9127a37c6fda1969abe1f7004c343bee8fc4c265a83362,1.0,1.0.0,True,ok,
stage2-run,official,stage2,breast_cancer,svm_rbf,1,clean,0,0,0.97469665581533,0.9766081871345029,0.0,398,171,{},2026-10-05T13:36:01.244665+00:00,bc936294060c9d60cc9127a37c6fda1969abe1f7004c343bee8fc4c265a83362,1.0,1.0.0,True,ok,
stage2-run,official,stage2,breast_cancer,decision_tree,1,clean,0,0,0.9315427448411399,0.935672514619883,0.015684127807617188,398,171,{},2026-10-05T13:36:01.261851+00:00,bc936294060c9d60cc9127a37c6fda1969abe1f7004c343bee8fc4c265a83362,1.0,1.0.0,True,ok,
stage2-run,official,stage2,breast_cancer,random_forest,1,clean,0,0,0.9497354497354498,0.9532163742690059,0.10007715225219727,398,171,{},2026-10-05T13:36:01.361928+00:00,bc936294060c9d60cc9127a37c6fda1969abe1f7004c343bee8fc4c265a83362,1.0,1.0.0,True,ok,
stage2-run,official,stage2,breast_cancer,logreg,1,label,1,1,0.9291178354749972,0.935672514619883,0.01573657989501953,398,171,"{""label_flipped"": 20, ""gaussian_cells"": 0, ""outlier_cells"": 0, ""missing_cells"": 0, ""n_train"": 398, ""n_cells"": 11940}",2026-10-05T13:36:01.377665+00:00,bc936294060c9d60cc9127a37c6fda1969abe1f7004c343bee8fc4c265a83362,1.0,1.0.0,True,ok,
stage2-run,official,stage2,breast_cancer,svm_rbf,1,label,1,1,0.9558709677419355,0.9590643274853801,0.0,398,171,"{""label_flipped"": 20, ""gaussian_cells"": 0, ""outlier_cells"": 0, ""missing_cells"": 0, ""n_train"": 398, ""n_cells"": 11940}",2026-10-05T13:36:01.377665+00:00,bc936294060c9d60cc9127a37c6fda1969abe1f7004c343bee8fc4c265a83362,1.0,1.0.0,True,ok,
stage2-run,official,stage2,breast_cancer,decision_tree,1,label,1,1,0.8492063492063492,0.8596491228070176,0.015996694564819336,398,171,"{""label_flipped"": 20, ""gaussian_cells"": 0, ""outlier_cells"": 0, ""missing_cells"": 0, ""n_train"": 398, ""n_cells"": 11940}",2026-10-05T13:36:01.393661+00:00,bc936294060c9d60cc9127a37c6fda1969abe1f7004c343bee8fc4c265a83362,1.0,1.0.0,True,ok,
stage2-run,official,stage2,breast_cancer,random_forest,1,label,1,1,0.9558709677419355,0.9590643274853801,0.1181337833404541,398,171,"{""label_flipped"": 20, ""gaussian_cells"": 0, ""outlier_cells"": 0, ""missing_cells"": 0, ""n_train"": 398, ""n_cells"": 11940}",2026-10-05T13:36:01.527215+00:00,bc936294060c9d60cc9127a37c6fda1969abe1f7004c343bee8fc4c265a83362,1.0,1.0.0,True,ok,
stage2-run,official,stage2,breast_cancer,logreg,1,label,1,2,0.9424479264051457,0.9473684210526315,0.0,398,171,"{""label_flipped"": 40, ""gaussian_cells"": 0, ""outlier_cells"": 0, ""missing_cells"": 0, ""n_train"": 398, ""n_cells"": 11940}",2026-10-05T13:36:01.542899+00:00,bc936294060c9d60cc9127a37c6fda1969abe1f7004c343bee8fc4c265a83362,1.0,1.0.0,True,ok,
stage2-run,official,stage2,breast_cancer,svm_rbf,1,label,1,2,0.9493933116306599,0.9532163742690059,0.0,398,171,"{""label_flipped"": 40, ""gaussian_cells"": 0, ""outlier_cells"": 0, ""missing_cells"": 0, ""n_train"": 398, ""n_cells"": 11940}",2026-10-05T13:36:01.542899+00:00,bc936294060c9d60cc9127a37c6fda1969abe1f7004c343bee8fc4c265a83362,1.0,1.0.0,True,ok,
stage2-run,official,stage2,breast_cancer,decision_tree,1,label,1,2,0.833902939166097,0.8421052631578947,0.015703201293945312,398,171,"{""label_flipped"": 40, ""gaussian_cells"": 0, ""outlier_cells"": 0, ""missing_cells"": 0, ""n_train"": 398, ""n_cells"": 11940}",2026-10-05T13:36:01.558602+00:00,bc936294060c9d60cc9127a37c6fda1969abe1f7004c343bee8fc4c265a83362,1.0,1.0.0,True,ok,
stage2-run,official,stage2,breast_cancer,random_forest,1,label,1,2,0.9439895185063871,0.9473684210526315,0.1527082920074463,398,171,"{""label_flipped"": 40, ""gaussian_cells"": 0, ""outlier_cells"": 0, ""missing_cells"": 0, ""n_train"": 398, ""n_cells"": 11940}",2026-10-05T13:36:01.727165+00:00,bc936294060c9d60cc9127a37c6fda1969abe1f7004c343bee8fc4c265a83362,1.0,1.0.0,True,ok,
stage2-run,official,stage2,breast_cancer,logreg,1,label,1,3,0.9054377880184332,0.9122807017543859,0.015729427337646484,398,171,"{""label_flipped"": 80, ""gaussian_cells"": 0, ""outlier_cells"": 0, ""missing_cells"": 0, ""n_train"": 398, ""n_cells"": 11940}",2026-10-05T13:36:01.742894+00:00,bc936294060c9d60cc9127a37c6fda1969abe1f7004c343bee8fc4c265a83362,1.0,1.0.0,True,ok,
stage2-run,official,stage2,breast_cancer,svm_rbf,1,label,1,3,0.9371693121693121,0.9415204678362573,0.0,398,171,"{""label_flipped"": 80, ""gaussian_cells"": 0, ""outlier_cells"": 0, ""missing_cells"": 0, ""n_train"": 398, ""n_cells"": 11940}",2026-10-05T13:36:01.742894+00:00,bc936294060c9d60cc9127a37c6fda1969abe1f7004c343bee8fc4c265a83362,1.0,1.0.0,True,ok,
stage2-run,official,stage2,breast_cancer,decision_tree,1,label,1,3,0.7001610305958132,0.7134502923976608,0.015697002410888672,398,171,"{""label_flipped"": 80, ""gaussian_cells"": 0, ""outlier_cells"": 0, ""missing_cells"": 0, ""n_train"": 398, ""n_cells"": 11940}",2026-10-05T13:36:01.758591+00:00,bc936294060c9d60cc9127a37c6fda1969abe1f7004c343bee8fc4c265a83362,1.0,1.0.0,True,ok,
stage2-run,official,stage2,breast_cancer,random_forest,1,label,1,3,0.907203067906371,0.9122807017543859,0.16917681694030762,398,171,"{""label_flipped"": 80, ""gaussian_cells"": 0, ""outlier_cells"": 0, ""missing_cells"": 0, ""n_train"": 398, ""n_cells"": 11940}",2026-10-05T13:36:01.933934+00:00,bc936294060c9d60cc9127a37c6fda1969abe1f7004c343bee8fc4c265a83362,1.0,1.0.0,True,ok,
stage2-run,official,stage2,breast_cancer,logreg,1,label,1,4,0.8980625931445603,0.9064327485380117,0.015017509460449219,398,171,"{""label_flipped"": 119, ""gaussian_cells"": 0, ""outlier_cells"": 0, ""missing_cells"": 0, ""n_train"": 398, ""n_cells"": 11940}",2026-10-05T13:36:01.948951+00:00,bc936294060c9d60cc9127a37c6fda1969abe1f7004c343bee8fc4c265a83362,1.0,1.0.0,True,ok,
stage2-run,official,stage2,breast_cancer,svm_rbf,1,label,1,4,0.9185863394982603,0.9239766081871345,0.0,398,171,"{""label_flipped"": 119, ""gaussian_cells"": 0, ""outlier_cells"": 0, ""missing_cells"": 0, ""n_train"": 398, ""n_cells"": 11940}",2026-10-05T13:36:01.964678+00:00,bc936294060c9d60cc9127a37c6fda1969abe1f7004c343bee8fc4c265a83362,1.0,1.0.0,True,ok,
stage2-run,official,stage2,breast_cancer,decision_tree,1,label,1,4,0.6928709588284057,0.695906432748538,0.0,398,171,"{""label_flipped"": 119, ""gaussian_cells"": 0, ""outlier_cells"": 0, ""missing_cells"": 0, ""n_train"": 398, ""n_cells"": 11940}",2026-10-05T13:36:01.964678+00:00,bc936294060c9d60cc9127a37c6fda1969abe1f7004c343bee8fc4c265a83362,1.0,1.0.0,True,ok,
stage2-run,official,stage2,breast_cancer,random_forest,1,label,1,4,0.8843154708919352,0.8888888888888888,0.15686368942260742,398,171,"{""label_flipped"": 119, ""gaussian_cells"": 0, ""outlier_cells"": 0, ""missing_cells"": 0, ""n_train"": 398, ""n_cells"": 11940}",2026-10-05T13:36:02.153172+00:00,bc936294060c9d60cc9127a37c6fda1969abe1f7004c343bee8fc4c265a83362,1.0,1.0.0,True,ok,
stage2-run,official,stage2,breast_cancer,logreg,1,label,1,5,0.7515327639366339,0.7602339181286549,0.015729188919067383,398,171,"{""label_flipped"": 159, ""gaussian_cells"": 0, ""outlier_cells"": 0, ""missing_cells"": 0, ""n_train"": 398, ""n_cells"": 11940}",2026-10-05T13:36:02.168901+00:00,bc936294060c9d60cc9127a37c6fda1969abe1f7004c343bee8fc4c265a83362,1.0,1.0.0,True,ok,
stage2-run,official,stage2,breast_cancer,svm_rbf,1,label,1,5,0.8370911400444585,0.8421052631578947,0.0,398,171,"{""label_flipped"": 159, ""gaussian_cells"": 0, ""outlier_cells"": 0, ""missing_cells"": 0, ""n_train"": 398, ""n_cells"": 11940}",2026-10-05T13:36:02.184599+00:00,bc936294060c9d60cc9127a37c6fda1969abe1f7004c343bee8fc4c265a83362,1.0,1.0.0,True,ok,
stage2-run,official,stage2,breast_cancer,decision_tree,1,label,1,5,0.5973925571915522,0.6081871345029239,0.0,398,171,"{""label_flipped"": 159, ""gaussian_cells"": 0, ""outlier_cells"": 0, ""missing_cells"": 0, ""n_train"": 398, ""n_cells"": 11940}",2026-10-05T13:36:02.184599+00:00,bc936294060c9d60cc9127a37c6fda1969abe1f7004c343bee8fc4c265a83362,1.0,1.0.0,True,ok,
stage2-run,official,stage2,breast_cancer,random_forest,1,label,1,5,0.6711538461538462,0.672514619883041,0.17879366874694824,398,171,"{""label_flipped"": 159, ""gaussian_cells"": 0, ""outlier_cells"": 0, ""missing_cells"": 0, ""n_train"": 398, ""n_cells"": 11940}",2026-10-05T13:36:02.363393+00:00,bc936294060c9d60cc9127a37c6fda1969abe1f7004c343bee8fc4c265a83362,1.0,1.0.0,True,ok,
stage2-run,official,stage2,breast_cancer,logreg,1,gaussian,1,1,0.9493933116306599,0.9532163742690059,0.0,398,171,"{""label_flipped"": 0, ""gaussian_cells"": 11940, ""outlier_cells"": 0, ""missing_cells"": 0, ""n_train"": 398, ""n_cells"": 11940}",2026-10-05T13:36:02.378732+00:00,bc936294060c9d60cc9127a37c6fda1969abe1f7004c343bee8fc4c265a83362,1.0,1.0.0,True,ok,
stage2-run,official,stage2,breast_cancer,svm_rbf,1,gaussian,1,1,0.962044983722995,0.9649122807017544,0.0,398,171,"{""label_flipped"": 0, ""gaussian_cells"": 11940, ""outlier_cells"": 0, ""missing_cells"": 0, ""n_train"": 398, ""n_cells"": 11940}",2026-10-05T13:36:02.378732+00:00,bc936294060c9d60cc9127a37c6fda1969abe1f7004c343bee8fc4c265a83362,1.0,1.0.0,True,ok,
stage2-run,official,stage2,breast_cancer,decision_tree,1,gaussian,1,1,0.9315427448411399,0.935672514619883,0.0,398,171,"{""label_flipped"": 0, ""gaussian_cells"": 11940, ""outlier_cells"": 0, ""missing_cells"": 0, ""n_train"": 398, ""n_cells"": 11940}",2026-10-05T13:36:02.394748+00:00,bc936294060c9d60cc9127a37c6fda1969abe1f7004c343bee8fc4c265a83362,1.0,1.0.0,True,ok,
stage2-run,official,stage2,breast_cancer,random_forest,1,gaussian,1,1,0.9311115180369895,0.935672514619883,0.11419034004211426,398,171,"{""label_flipped"": 0, ""gaussian_cells"": 11940, ""outlier_cells"": 0, ""missing_cells"": 0, ""n_train"": 398, ""n_cells"": 11940}",2026-10-05T13:36:02.508939+00:00,bc936294060c9d60cc9127a37c6fda1969abe1f7004c343bee8fc4c265a83362,1.0,1.0.0,True,ok,
stage2-run,official,stage2,breast_cancer,logreg,1,gaussian,1,2,0.9558709677419355,0.9590643274853801,0.003928422927856445,398,171,"{""label_flipped"": 0, ""gaussian_cells"": 11940, ""outlier_cells"": 0, ""missing_cells"": 0, ""n_train"": 398, ""n_cells"": 11940}",2026-10-05T13:36:02.528594+00:00,bc936294060c9d60cc9127a37c6fda1969abe1f7004c343bee8fc4c265a83362,1.0,1.0.0,True,ok,
stage2-run,official,stage2,breast_cancer,svm_rbf,1,gaussian,1,2,0.9682592716338122,0.9707602339181286,0.0,398,171,"{""label_flipped"": 0, ""gaussian_cells"": 11940, ""outlier_cells"": 0, ""missing_cells"": 0, ""n_train"": 398, ""n_cells"": 11940}",2026-10-05T13:36:02.528594+00:00,bc936294060c9d60cc9127a37c6fda1969abe1f7004c343bee8fc4c265a83362,1.0,1.0.0,True,ok,
stage2-run,official,stage2,breast_cancer,decision_tree,1,gaussian,1,2,0.9358108108108107,0.9415204678362573,0.016103267669677734,398,171,"{""label_flipped"": 0, ""gaussian_cells"": 11940, ""outlier_cells"": 0, ""missing_cells"": 0, ""n_train"": 398, ""n_cells"": 11940}",2026-10-05T13:36:02.544697+00:00,bc936294060c9d60cc9127a37c6fda1969abe1f7004c343bee8fc4c265a83362,1.0,1.0.0,True,ok,
stage2-run,official,stage2,breast_cancer,random_forest,1,gaussian,1,2,0.936741639538325,0.9415204678362573,0.14427828788757324,398,171,"{""label_flipped"": 0, ""gaussian_cells"": 11940, ""outlier_cells"": 0, ""missing_cells"": 0, ""n_train"": 398, ""n_cells"": 11940}",2026-10-05T13:36:02.688975+00:00,bc936294060c9d60cc9127a37c6fda1969abe1f7004c343bee8fc4c265a83362,1.0,1.0.0,True,ok,
stage2-run,official,stage2,breast_cancer,logreg,1,gaussian,1,3,0.962044983722995,0.9649122807017544,0.0,398,171,"{""label_flipped"": 0, ""gaussian_cells"": 11940, ""outlier_cells"": 0, ""missing_cells"": 0, ""n_train"": 398, ""n_cells"": 11940}",2026-10-05T13:36:02.695626+00:00,bc936294060c9d60cc9127a37c6fda1969abe1f7004c343bee8fc4c265a83362,1.0,1.0.0,True,ok,
stage2-run,official,stage2,breast_cancer,svm_rbf,1,gaussian,1,3,0.9486486486486487,0.9532163742690059,0.0,398,171,"{""label_flipped"": 0, ""gaussian_cells"": 11940, ""outlier_cells"": 0, ""missing_cells"": 0, ""n_train"": 398, ""n_cells"": 11940}",2026-10-05T13:36:02.710665+00:00,bc936294060c9d60cc9127a37c6fda1969abe1f7004c343bee8fc4c265a83362,1.0,1.0.0,True,ok,
stage2-run,official,stage2,breast_cancer,decision_tree,1,gaussian,1,3,0.9086817210863595,0.9181286549707602,0.0,398,171,"{""label_flipped"": 0, ""gaussian_cells"": 11940, ""outlier_cells"": 0, ""missing_cells"": 0, ""n_train"": 398, ""n_cells"": 11940}",2026-10-05T13:36:02.710665+00:00,bc936294060c9d60cc9127a37c6fda1969abe1f7004c343bee8fc4c265a83362,1.0,1.0.0,True,ok,
stage2-run,official,stage2,breast_cancer,random_forest,1,gaussian,1,3,0.9223668280871671,0.9298245614035088,0.1322011947631836,398,171,"{""label_flipped"": 0, ""gaussian_cells"": 11940, ""outlier_cells"": 0, ""missing_cells"": 0, ""n_train"": 398, ""n_cells"": 11940}",2026-10-05T13:36:02.858566+00:00,bc936294060c9d60cc9127a37c6fda1969abe1f7004c343bee8fc4c265a83362,1.0,1.0.0,True,ok,
stage2-run,official,stage2,breast_cancer,logreg,1,gaussian,1,4,0.9353056900726393,0.9415204678362573,0.0033540725708007812,398,171,"{""label_flipped"": 0, ""gaussian_cells"": 11940, ""outlier_cells"": 0, ""missing_cells"": 0, ""n_train"": 398, ""n_cells"": 11940}",2026-10-05T13:36:02.861920+00:00,bc936294060c9d60cc9127a37c6fda1969abe1f7004c343bee8fc4c265a83362,1.0,1.0.0,True,ok,
stage2-run,official,stage2,breast_cancer,svm_rbf,1,gaussian,1,4,0.914843899636085,0.9239766081871345,0.0,398,171,"{""label_flipped"": 0, ""gaussian_cells"": 11940, ""outlier_cells"": 0, ""missing_cells"": 0, ""n_train"": 398, ""n_cells"": 11940}",2026-10-05T13:36:02.861920+00:00,bc936294060c9d60cc9127a37c6fda1969abe1f7004c343bee8fc4c265a83362,1.0,1.0.0,True,ok,
stage2-run,official,stage2,breast_cancer,decision_tree,1,gaussian,1,4,0.8793887147335423,0.8947368421052632,0.017742395401000977,398,171,"{""label_flipped"": 0, ""gaussian_cells"": 11940, ""outlier_cells"": 0, ""missing_cells"": 0, ""n_train"": 398, ""n_cells"": 11940}",2026-10-05T13:36:02.879662+00:00,bc936294060c9d60cc9127a37c6fda1969abe1f7004c343bee8fc4c265a83362,1.0,1.0.0,True,ok,
stage2-run,official,stage2,breast_cancer,random_forest,1,gaussian,1,4,0.8646723646723646,0.8830409356725146,0.14453649520874023,398,171,"{""label_flipped"": 0, ""gaussian_cells"": 11940, ""outlier_cells"": 0, ""missing_cells"": 0, ""n_train"": 398, ""n_cells"": 11940}",2026-10-05T13:36:03.024198+00:00,bc936294060c9d60cc9127a37c6fda1969abe1f7004c343bee8fc4c265a83362,1.0,1.0.0,True,ok,
stage2-run,official,stage2,breast_cancer,logreg,1,gaussian,1,5,0.9296585767174002,0.935672514619883,0.01569676399230957,398,171,"{""label_flipped"": 0, ""gaussian_cells"": 11940, ""outlier_cells"": 0, ""missing_cells"": 0, ""n_train"": 398, ""n_cells"": 11940}",2026-10-05T13:36:03.039895+00:00,bc936294060c9d60cc9127a37c6fda1969abe1f7004c343bee8fc4c265a83362,1.0,1.0.0,True,ok,
stage2-run,official,stage2,breast_cancer,svm_rbf,1,gaussian,1,5,0.9358108108108107,0.9415204678362573,0.0,398,171,"{""label_flipped"": 0, ""gaussian_cells"": 11940, ""outlier_cells"": 0, ""missing_cells"": 0, ""n_train"": 398, ""n_cells"": 11940}",2026-10-05T13:36:03.039895+00:00,bc936294060c9d60cc9127a37c6fda1969abe1f7004c343bee8fc4c265a83362,1.0,1.0.0,True,ok,
stage2-run,official,stage2,breast_cancer,decision_tree,1,gaussian,1,5,0.8552631578947368,0.8713450292397661,0.01573324203491211,398,171,"{""label_flipped"": 0, ""gaussian_cells"": 11940, ""outlier_cells"": 0, ""missing_cells"": 0, ""n_train"": 398, ""n_cells"": 11940}",2026-10-05T13:36:03.055629+00:00,bc936294060c9d60cc9127a37c6fda1969abe1f7004c343bee8fc4c265a83362,1.0,1.0.0,True,ok,
stage2-run,official,stage2,breast_cancer,random_forest,1,gaussian,1,5,0.8646723646723646,0.8830409356725146,0.17485594749450684,398,171,"{""label_flipped"": 0, ""gaussian_cells"": 11940, ""outlier_cells"": 0, ""missing_cells"": 0, ""n_train"": 398, ""n_cells"": 11940}",2026-10-05T13:36:03.230485+00:00,bc936294060c9d60cc9127a37c6fda1969abe1f7004c343bee8fc4c265a83362,1.0,1.0.0,True,ok,
stage2-run,official,stage2,breast_cancer,logreg,1,outliers,1,1,0.9555629802873371,0.9590643274853801,0.015688419342041016,398,171,"{""label_flipped"": 0, ""gaussian_cells"": 0, ""outlier_cells"": 239, ""missing_cells"": 0, ""n_train"": 398, ""n_cells"": 11940}",2026-10-05T13:36:03.246173+00:00,bc936294060c9d60cc9127a37c6fda1969abe1f7004c343bee8fc4c265a83362,1.0,1.0.0,True,ok,
stage2-run,official,stage2,breast_cancer,svm_rbf,1,outliers,1,1,0.9682592716338122,0.9707602339181286,0.0,398,171,"{""label_flipped"": 0, ""gaussian_cells"": 0, ""outlier_cells"": 239, ""missing_cells"": 0, ""n_train"": 398, ""n_cells"": 11940}",2026-10-05T13:36:03.246173+00:00,bc936294060c9d60cc9127a37c6fda1969abe1f7004c343bee8fc4c265a83362,1.0,1.0.0,True,ok,
stage2-run,official,stage2,breast_cancer,decision_tree,1,outliers,1,1,0.9383116883116882,0.9415204678362573,0.022144317626953125,398,171,"{""label_flipped"": 0, ""gaussian_cells"": 0, ""outlier_cells"": 239, ""missing_cells"": 0, ""n_train"": 398, ""n_cells"": 11940}",2026-10-05T13:36:03.270323+00:00,bc936294060c9d60cc9127a37c6fda1969abe1f7004c343bee8fc4c265a83362,1.0,1.0.0,True,ok,
stage2-run,official,stage2,breast_cancer,random_forest,1,outliers,1,1,0.9436366965757188,0.9473684210526315,0.1080782413482666,398,171,"{""label_flipped"": 0, ""gaussian_cells"": 0, ""outlier_cells"": 239, ""missing_cells"": 0, ""n_train"": 398, ""n_cells"": 11940}",2026-10-05T13:36:03.378402+00:00,bc936294060c9d60cc9127a37c6fda1969abe1f7004c343bee8fc4c265a83362,1.0,1.0.0,True,ok,
stage2-run,official,stage2,breast_cancer,logreg,1,outliers,1,2,0.9682592716338122,0.9707602339181286,0.0,398,171,"{""label_flipped"": 0, ""gaussian_cells"": 0, ""outlier_cells"": 597, ""missing_cells"": 0, ""n_train"": 398, ""n_cells"": 11940}",2026-10-05T13:36:03.394404+00:00,bc936294060c9d60cc9127a37c6fda1969abe1f7004c343bee8fc4c265a83362,1.0,1.0.0,True,ok,
stage2-run,official,stage2,breast_cancer,svm_rbf,1,outliers,1,2,0.9552372760928911,0.9590643274853801,0.0,398,171,"{""label_flipped"": 0, ""gaussian_cells"": 0, ""outlier_cells"": 597, ""missing_cells"": 0, ""n_train"": 398, ""n_cells"": 11940}",2026-10-05T13:36:03.394404+00:00,bc936294060c9d60cc9127a37c6fda1969abe1f7004c343bee8fc4c265a83362,1.0,1.0.0,True,ok,
stage2-run,official,stage2,breast_cancer,decision_tree,1,outliers,1,2,0.9555629802873371,0.9590643274853801,0.014445304870605469,398,171,"{""label_flipped"": 0, ""gaussian_cells"": 0, ""outlier_cells"": 597, ""missing_cells"": 0, ""n_train"": 398, ""n_cells"": 11940}",2026-10-05T13:36:03.410359+00:00,bc936294060c9d60cc9127a37c6fda1969abe1f7004c343bee8fc4c265a83362,1.0,1.0.0,True,ok,
stage2-run,official,stage2,breast_cancer,random_forest,1,outliers,1,2,0.9500584112149533,0.9532163742690059,0.10142278671264648,398,171,"{""label_flipped"": 0, ""gaussian_cells"": 0, ""outlier_cells"": 597, ""missing_cells"": 0, ""n_train"": 398, ""n_cells"": 11940}",2026-10-05T13:36:03.511782+00:00,bc936294060c9d60cc9127a37c6fda1969abe1f7004c343bee8fc4c265a83362,1.0,1.0.0,True,ok,
stage2-run,official,stage2,breast_cancer,logreg,1,outliers,1,3,0.9353056900726393,0.9415204678362573,0.0,398,171,"{""label_flipped"": 0, ""gaussian_cells"": 0, ""outlier_cells"": 1194, ""missing_cells"": 0, ""n_train"": 398, ""n_cells"": 11940}",2026-10-05T13:36:03.527935+00:00,bc936294060c9d60cc9127a37c6fda1969abe1f7004c343bee8fc4c265a83362,1.0,1.0.0,True,ok,
stage2-run,official,stage2,breast_cancer,svm_rbf,1,outliers,1,3,0.9420055017522704,0.9473684210526315,0.0,398,171,"{""label_flipped"": 0, ""gaussian_cells"": 0, ""outlier_cells"": 1194, ""missing_cells"": 0, ""n_train"": 398, ""n_cells"": 11940}",2026-10-05T13:36:03.527935+00:00,bc936294060c9d60cc9127a37c6fda1969abe1f7004c343bee8fc4c265a83362,1.0,1.0.0,True,ok,
stage2-run,official,stage2,breast_cancer,decision_tree,1,outliers,1,3,0.9131349782293179,0.9181286549707602,0.0015933513641357422,398,171,"{""label_flipped"": 0, ""gaussian_cells"": 0, ""outlier_cells"": 1194, ""missing_cells"": 0, ""n_train"": 398, ""n_cells"": 11940}",2026-10-05T13:36:03.545234+00:00,bc936294060c9d60cc9127a37c6fda1969abe1f7004c343bee8fc4c265a83362,1.0,1.0.0,True,ok,
stage2-run,official,stage2,breast_cancer,random_forest,1,outliers,1,3,0.9500584112149533,0.9532163742690059,0.10193204879760742,398,171,"{""label_flipped"": 0, ""gaussian_cells"": 0, ""outlier_cells"": 1194, ""missing_cells"": 0, ""n_train"": 398, ""n_cells"": 11940}",2026-10-05T13:36:03.662957+00:00,bc936294060c9d60cc9127a37c6fda1969abe1f7004c343bee8fc4c265a83362,1.0,1.0.0,True,ok,
stage2-run,official,stage2,breast_cancer,logreg,1,outliers,1,4,0.9285470085470086,0.935672514619883,0.0,398,171,"{""label_flipped"": 0, ""gaussian_cells"": 0, ""outlier_cells"": 1791, ""missing_cells"": 0, ""n_train"": 398, ""n_cells"": 11940}",2026-10-05T13:36:03.662957+00:00,bc936294060c9d60cc9127a37c6fda1969abe1f7004c343bee8fc4c265a83362,1.0,1.0.0,True,ok,
stage2-run,official,stage2,breast_cancer,svm_rbf,1,outliers,1,4,0.9353056900726393,0.9415204678362573,0.0,398,171,"{""label_flipped"": 0, ""gaussian_cells"": 0, ""outlier_cells"": 1791, ""missing_cells"": 0, ""n_train"": 398, ""n_cells"": 11940}",2026-10-05T13:36:03.662957+00:00,bc936294060c9d60cc9127a37c6fda1969abe1f7004c343bee8fc4c265a83362,1.0,1.0.0,True,ok,
stage2-run,official,stage2,breast_cancer,decision_tree,1,outliers,1,4,0.9506493506493507,0.9532163742690059,0.0,398,171,"{""label_flipped"": 0, ""gaussian_cells"": 0, ""outlier_cells"": 1791, ""missing_cells"": 0, ""n_train"": 398, ""n_cells"": 11940}",2026-10-05T13:36:03.678893+00:00,bc936294060c9d60cc9127a37c6fda1969abe1f7004c343bee8fc4c265a83362,1.0,1.0.0,True,ok,
stage2-run,official,stage2,breast_cancer,random_forest,1,outliers,1,4,0.9503628447024673,0.9532163742690059,0.10017108917236328,398,171,"{""label_flipped"": 0, ""gaussian_cells"": 0, ""outlier_cells"": 1791, ""missing_cells"": 0, ""n_train"": 398, ""n_cells"": 11940}",2026-10-05T13:36:03.779064+00:00,bc936294060c9d60cc9127a37c6fda1969abe1f7004c343bee8fc4c265a83362,1.0,1.0.0,True,ok,
stage2-run,official,stage2,breast_cancer,logreg,1,outliers,1,5,0.9078947368421053,0.9181286549707602,0.0,398,171,"{""label_flipped"": 0, ""gaussian_cells"": 0, ""outlier_cells"": 2388, ""missing_cells"": 0, ""n_train"": 398, ""n_cells"": 11940}",2026-10-05T13:36:03.794375+00:00,bc936294060c9d60cc9127a37c6fda1969abe1f7004c343bee8fc4c265a83362,1.0,1.0.0,True,ok,
stage2-run,official,stage2,breast_cancer,svm_rbf,1,outliers,1,5,0.9291178354749972,0.935672514619883,0.0,398,171,"{""label_flipped"": 0, ""gaussian_cells"": 0, ""outlier_cells"": 2388, ""missing_cells"": 0, ""n_train"": 398, ""n_cells"": 11940}",2026-10-05T13:36:03.809324+00:00,bc936294060c9d60cc9127a37c6fda1969abe1f7004c343bee8fc4c265a83362,1.0,1.0.0,True,ok,
stage2-run,official,stage2,breast_cancer,decision_tree,1,outliers,1,5,0.9311115180369895,0.935672514619883,0.0026390552520751953,398,171,"{""label_flipped"": 0, ""gaussian_cells"": 0, ""outlier_cells"": 2388, ""missing_cells"": 0, ""n_train"": 398, ""n_cells"": 11940}",2026-10-05T13:36:03.811964+00:00,bc936294060c9d60cc9127a37c6fda1969abe1f7004c343bee8fc4c265a83362,1.0,1.0.0,True,ok,
stage2-run,official,stage2,breast_cancer,random_forest,1,outliers,1,5,0.9375730140186915,0.9415204678362573,0.09935712814331055,398,171,"{""label_flipped"": 0, ""gaussian_cells"": 0, ""outlier_cells"": 2388, ""missing_cells"": 0, ""n_train"": 398, ""n_cells"": 11940}",2026-10-05T13:36:03.922417+00:00,bc936294060c9d60cc9127a37c6fda1969abe1f7004c343bee8fc4c265a83362,1.0,1.0.0,True,ok,
stage2-run,official,stage2,breast_cancer,logreg,1,missing,1,1,0.9558709677419355,0.9590643274853801,0.006601572036743164,398,171,"{""label_flipped"": 0, ""gaussian_cells"": 0, ""outlier_cells"": 0, ""missing_cells"": 1247, ""n_train"": 398, ""n_cells"": 11940}",2026-10-05T13:36:03.929018+00:00,bc936294060c9d60cc9127a37c6fda1969abe1f7004c343bee8fc4c265a83362,1.0,1.0.0,True,ok,
stage2-run,official,stage2,breast_cancer,svm_rbf,1,missing,1,1,0.962044983722995,0.9649122807017544,0.0,398,171,"{""label_flipped"": 0, ""gaussian_cells"": 0, ""outlier_cells"": 0, ""missing_cells"": 1247, ""n_train"": 398, ""n_cells"": 11940}",2026-10-05T13:36:03.929018+00:00,bc936294060c9d60cc9127a37c6fda1969abe1f7004c343bee8fc4c265a83362,1.0,1.0.0,True,ok,
stage2-run,official,stage2,breast_cancer,decision_tree,1,missing,1,1,0.9066491975106452,0.9122807017543859,0.016101837158203125,398,171,"{""label_flipped"": 0, ""gaussian_cells"": 0, ""outlier_cells"": 0, ""missing_cells"": 1247, ""n_train"": 398, ""n_cells"": 11940}",2026-10-05T13:36:03.945497+00:00,bc936294060c9d60cc9127a37c6fda1969abe1f7004c343bee8fc4c265a83362,1.0,1.0.0,True,ok,
stage2-run,official,stage2,breast_cancer,random_forest,1,missing,1,1,0.9379535558780843,0.9415204678362573,0.11232590675354004,398,171,"{""label_flipped"": 0, ""gaussian_cells"": 0, ""outlier_cells"": 0, ""missing_cells"": 1247, ""n_train"": 398, ""n_cells"": 11940}",2026-10-05T13:36:04.057823+00:00,bc936294060c9d60cc9127a37c6fda1969abe1f7004c343bee8fc4c265a83362,1.0,1.0.0,True,ok,
stage2-run,official,stage2,breast_cancer,logreg,1,missing,1,2,0.9623015873015872,0.9649122807017544,0.011106729507446289,398,171,"{""label_flipped"": 0, ""gaussian_cells"": 0, ""outlier_cells"": 0, ""missing_cells"": 2407, ""n_train"": 398, ""n_cells"": 11940}",2026-10-05T13:36:04.068930+00:00,bc936294060c9d60cc9127a37c6fda1969abe1f7004c343bee8fc4c265a83362,1.0,1.0.0,True,ok,
stage2-run,official,stage2,breast_cancer,svm_rbf,1,missing,1,2,0.9497354497354498,0.9532163742690059,0.0056378841400146484,398,171,"{""label_flipped"": 0, ""gaussian_cells"": 0, ""outlier_cells"": 0, ""missing_cells"": 2407, ""n_train"": 398, ""n_cells"": 11940}",2026-10-05T13:36:04.074568+00:00,bc936294060c9d60cc9127a37c6fda1969abe1f7004c343bee8fc4c265a83362,1.0,1.0.0,True,ok,
stage2-run,official,stage2,breast_cancer,decision_tree,1,missing,1,2,0.9439895185063871,0.9473684210526315,0.0,398,171,"{""label_flipped"": 0, ""gaussian_cells"": 0, ""outlier_cells"": 0, ""missing_cells"": 2407, ""n_train"": 398, ""n_cells"": 11940}",2026-10-05T13:36:04.074568+00:00,bc936294060c9d60cc9127a37c6fda1969abe1f7004c343bee8fc4c265a83362,1.0,1.0.0,True,ok,
stage2-run,official,stage2,breast_cancer,random_forest,1,missing,1,2,0.9439895185063871,0.9473684210526315,0.1232607364654541,398,171,"{""label_flipped"": 0, ""gaussian_cells"": 0, ""outlier_cells"": 0, ""missing_cells"": 2407, ""n_train"": 398, ""n_cells"": 11940}",2026-10-05T13:36:04.197829+00:00,bc936294060c9d60cc9127a37c6fda1969abe1f7004c343bee8fc4c265a83362,1.0,1.0.0,True,ok,
stage2-run,official,stage2,breast_cancer,logreg,1,missing,1,3,0.9561618751144478,0.9590643274853801,0.01326441764831543,398,171,"{""label_flipped"": 0, ""gaussian_cells"": 0, ""outlier_cells"": 0, ""missing_cells"": 3631, ""n_train"": 398, ""n_cells"": 11940}",2026-10-05T13:36:04.211093+00:00,bc936294060c9d60cc9127a37c6fda1969abe1f7004c343bee8fc4c265a83362,1.0,1.0.0,True,ok,
stage2-run,official,stage2,breast_cancer,svm_rbf,1,missing,1,3,0.9315427448411399,0.935672514619883,0.0060770511627197266,398,171,"{""label_flipped"": 0, ""gaussian_cells"": 0, ""outlier_cells"": 0, ""missing_cells"": 3631, ""n_train"": 398, ""n_cells"": 11940}",2026-10-05T13:36:04.217170+00:00,bc936294060c9d60cc9127a37c6fda1969abe1f7004c343bee8fc4c265a83362,1.0,1.0.0,True,ok,
stage2-run,official,stage2,breast_cancer,decision_tree,1,missing,1,3,0.9060611609595313,0.9122807017543859,0.0,398,171,"{""label_flipped"": 0, ""gaussian_cells"": 0, ""outlier_cells"": 0, ""missing_cells"": 3631, ""n_train"": 398, ""n_cells"": 11940}",2026-10-05T13:36:04.227937+00:00,bc936294060c9d60cc9127a37c6fda1969abe1f7004c343bee8fc4c265a83362,1.0,1.0.0,True,ok,
stage2-run,official,stage2,breast_cancer,random_forest,1,missing,1,3,0.931948916464672,0.935672514619883,0.11444354057312012,398,171,"{""label_flipped"": 0, ""gaussian_cells"": 0, ""outlier_cells"": 0, ""missing_cells"": 3631, ""n_train"": 398, ""n_cells"": 11940}",2026-10-05T13:36:04.342381+00:00,bc936294060c9d60cc9127a37c6fda1969abe1f7004c343bee8fc4c265a83362,1.0,1.0.0,True,ok,
stage2-run,official,stage2,breast_cancer,logreg,1,missing,1,4,0.9686870536531771,0.9707602339181286,0.0157167911529541,398,171,"{""label_flipped"": 0, ""gaussian_cells"": 0, ""outlier_cells"": 0, ""missing_cells"": 4712, ""n_train"": 398, ""n_cells"": 11940}",2026-10-05T13:36:04.358097+00:00,bc936294060c9d60cc9127a37c6fda1969abe1f7004c343bee8fc4c265a83362,1.0,1.0.0,True,ok,
stage2-run,official,stage2,breast_cancer,svm_rbf,1,missing,1,4,0.9141073478760047,0.9181286549707602,0.0,398,171,"{""label_flipped"": 0, ""gaussian_cells"": 0, ""outlier_cells"": 0, ""missing_cells"": 4712, ""n_train"": 398, ""n_cells"": 11940}",2026-10-05T13:36:04.358097+00:00,bc936294060c9d60cc9127a37c6fda1969abe1f7004c343bee8fc4c265a83362,1.0,1.0.0,True,ok,
stage2-run,official,stage2,breast_cancer,decision_tree,1,missing,1,4,0.9023415191319246,0.9064327485380117,0.015842437744140625,398,171,"{""label_flipped"": 0, ""gaussian_cells"": 0, ""outlier_cells"": 0, ""missing_cells"": 4712, ""n_train"": 398, ""n_cells"": 11940}",2026-10-05T13:36:04.373940+00:00,bc936294060c9d60cc9127a37c6fda1969abe1f7004c343bee8fc4c265a83362,1.0,1.0.0,True,ok,
stage2-run,official,stage2,breast_cancer,random_forest,1,missing,1,4,0.9379535558780843,0.9415204678362573,0.1027064323425293,398,171,"{""label_flipped"": 0, ""gaussian_cells"": 0, ""outlier_cells"": 0, ""missing_cells"": 4712, ""n_train"": 398, ""n_cells"": 11940}",2026-10-05T13:36:04.492342+00:00,bc936294060c9d60cc9127a37c6fda1969abe1f7004c343bee8fc4c265a83362,1.0,1.0.0,True,ok,
stage2-run,official,stage2,breast_cancer,logreg,1,missing,1,5,0.9561618751144478,0.9590643274853801,0.0,398,171,"{""label_flipped"": 0, ""gaussian_cells"": 0, ""outlier_cells"": 0, ""missing_cells"": 6080, ""n_train"": 398, ""n_cells"": 11940}",2026-10-05T13:36:04.492342+00:00,bc936294060c9d60cc9127a37c6fda1969abe1f7004c343bee8fc4c265a83362,1.0,1.0.0,True,ok,
stage2-run,official,stage2,breast_cancer,svm_rbf,1,missing,1,5,0.8959742351046699,0.9005847953216374,0.0,398,171,"{""label_flipped"": 0, ""gaussian_cells"": 0, ""outlier_cells"": 0, ""missing_cells"": 6080, ""n_train"": 398, ""n_cells"": 11940}",2026-10-05T13:36:04.509249+00:00,bc936294060c9d60cc9127a37c6fda1969abe1f7004c343bee8fc4c265a83362,1.0,1.0.0,True,ok,
stage2-run,official,stage2,breast_cancer,decision_tree,1,missing,1,5,0.8743386243386244,0.8830409356725146,0.0,398,171,"{""label_flipped"": 0, ""gaussian_cells"": 0, ""outlier_cells"": 0, ""missing_cells"": 6080, ""n_train"": 398, ""n_cells"": 11940}",2026-10-05T13:36:04.511722+00:00,bc936294060c9d60cc9127a37c6fda1969abe1f7004c343bee8fc4c265a83362,1.0,1.0.0,True,ok,
stage2-run,official,stage2,breast_cancer,random_forest,1,missing,1,5,0.9379535558780843,0.9415204678362573,0.10051584243774414,398,171,"{""label_flipped"": 0, ""gaussian_cells"": 0, ""outlier_cells"": 0, ""missing_cells"": 6080, ""n_train"": 398, ""n_cells"": 11940}",2026-10-05T13:36:04.631730+00:00,bc936294060c9d60cc9127a37c6fda1969abe1f7004c343bee8fc4c265a83362,1.0,1.0.0,True,ok,
stage2-run,official,stage2,breast_cancer,logreg,1,label+gaussian,2,1,0.9420055017522704,0.9473684210526315,0.0,398,171,"{""label_flipped"": 20, ""gaussian_cells"": 11940, ""outlier_cells"": 0, ""missing_cells"": 0, ""n_train"": 398, ""n_cells"": 11940}",2026-10-05T13:36:04.631730+00:00,bc936294060c9d60cc9127a37c6fda1969abe1f7004c343bee8fc4c265a83362,1.0,1.0.0,True,ok,
stage2-run,official,stage2,breast_cancer,svm_rbf,1,label+gaussian,2,1,0.9555629802873371,0.9590643274853801,0.015485048294067383,398,171,"{""label_flipped"": 20, ""gaussian_cells"": 11940, ""outlier_cells"": 0, ""missing_cells"": 0, ""n_train"": 398, ""n_cells"": 11940}",2026-10-05T13:36:04.647215+00:00,bc936294060c9d60cc9127a37c6fda1969abe1f7004c343bee8fc4c265a83362,1.0,1.0.0,True,ok,
stage2-run,official,stage2,breast_cancer,decision_tree,1,label+gaussian,2,1,0.9007256894049347,0.9064327485380117,0.0,398,171,"{""label_flipped"": 20, ""gaussian_cells"": 11940, ""outlier_cells"": 0, ""missing_cells"": 0, ""n_train"": 398, ""n_cells"": 11940}",2026-10-05T13:36:04.647215+00:00,bc936294060c9d60cc9127a37c6fda1969abe1f7004c343bee8fc4c265a83362,1.0,1.0.0,True,ok,
stage2-run,official,stage2,breast_cancer,random_forest,1,label+gaussian,2,1,0.9432626728110599,0.9473684210526315,0.13469600677490234,398,171,"{""label_flipped"": 20, ""gaussian_cells"": 11940, ""outlier_cells"": 0, ""missing_cells"": 0, ""n_train"": 398, ""n_cells"": 11940}",2026-10-05T13:36:04.797587+00:00,bc936294060c9d60cc9127a37c6fda1969abe1f7004c343bee8fc4c265a83362,1.0,1.0.0,True,ok,
stage2-run,official,stage2,breast_cancer,logreg,1,label+gaussian,2,2,0.9358108108108107,0.9415204678362573,0.0,398,171,"{""label_flipped"": 40, ""gaussian_cells"": 11940, ""outlier_cells"": 0, ""missing_cells"": 0, ""n_train"": 398, ""n_cells"": 11940}",2026-10-05T13:36:04.810607+00:00,bc936294060c9d60cc9127a37c6fda1969abe1f7004c343bee8fc4c265a83362,1.0,1.0.0,True,ok,
stage2-run,official,stage2,breast_cancer,svm_rbf,1,label+gaussian,2,2,0.9490312965722802,0.9532163742690059,0.0,398,171,"{""label_flipped"": 40, ""gaussian_cells"": 11940, ""outlier_cells"": 0, ""missing_cells"": 0, ""n_train"": 398, ""n_cells"": 11940}",2026-10-05T13:36:04.825646+00:00,bc936294060c9d60cc9127a37c6fda1969abe1f7004c343bee8fc4c265a83362,1.0,1.0.0,True,ok,
stage2-run,official,stage2,breast_cancer,decision_tree,1,label+gaussian,2,2,0.9033425029204507,0.9122807017543859,0.008057594299316406,398,171,"{""label_flipped"": 40, ""gaussian_cells"": 11940, ""outlier_cells"": 0, ""missing_cells"": 0, ""n_train"": 398, ""n_cells"": 11940}",2026-10-05T13:36:04.833703+00:00,bc936294060c9d60cc9127a37c6fda1969abe1f7004c343bee8fc4c265a83362,1.0,1.0.0,True,ok,
stage2-run,official,stage2,breast_cancer,random_forest,1,label+gaussian,2,2,0.942866688940862,0.9473684210526315,0.1447305679321289,398,171,"{""label_flipped"": 40, ""gaussian_cells"": 11940, ""outlier_cells"": 0, ""missing_cells"": 0, ""n_train"": 398, ""n_cells"": 11940}",2026-10-05T13:36:04.994528+00:00,bc936294060c9d60cc9127a37c6fda1969abe1f7004c343bee8fc4c265a83362,1.0,1.0.0,True,ok,
stage2-run,official,stage2,breast_cancer,logreg,1,label+gaussian,2,3,0.912037037037037,0.9181286549707602,0.0,398,171,"{""label_flipped"": 80, ""gaussian_cells"": 11940, ""outlier_cells"": 0, ""missing_cells"": 0, ""n_train"": 398, ""n_cells"": 11940}",2026-10-05T13:36:04.994528+00:00,bc936294060c9d60cc9127a37c6fda1969abe1f7004c343bee8fc4c265a83362,1.0,1.0.0,True,ok,
stage2-run,official,stage2,breast_cancer,svm_rbf,1,label+gaussian,2,3,0.8972972972972972,0.9064327485380117,0.013982295989990234,398,171,"{""label_flipped"": 80, ""gaussian_cells"": 11940, ""outlier_cells"": 0, ""missing_cells"": 0, ""n_train"": 398, ""n_cells"": 11940}",2026-10-05T13:36:05.010105+00:00,bc936294060c9d60cc9127a37c6fda1969abe1f7004c343bee8fc4c265a83362,1.0,1.0.0,True,ok,
stage2-run,official,stage2,breast_cancer,decision_tree,1,label+gaussian,2,3,0.8684856253433437,0.8771929824561403,0.009248733520507812,398,171,"{""label_flipped"": 80, ""gaussian_cells"": 11940, ""outlier_cells"": 0, ""missing_cells"": 0, ""n_train"": 398, ""n_cells"": 11940}",2026-10-05T13:36:05.025385+00:00,bc936294060c9d60cc9127a37c6fda1969abe1f7004c343bee8fc4c265a83362,1.0,1.0.0,True,ok,
stage2-run,official,stage2,breast_cancer,random_forest,1,label+gaussian,2,3,0.89878662326132,0.9064327485380117,0.13567614555358887,398,171,"{""label_flipped"": 80, ""gaussian_cells"": 11940, ""outlier_cells"": 0, ""missing_cells"": 0, ""n_train"": 398, ""n_cells"": 11940}",2026-10-05T13:36:05.161786+00:00,bc936294060c9d60cc9127a37c6fda1969abe1f7004c343bee8fc4c265a83362,1.0,1.0.0,True,ok,
stage2-run,official,stage2,breast_cancer,logreg,1,label+gaussian,2,4,0.9180460829493088,0.9239766081871345,0.0,398,171,"{""label_flipped"": 119, ""gaussian_cells"": 11940, ""outlier_cells"": 0, ""missing_cells"": 0, ""n_train"": 398, ""n_cells"": 11940}",2026-10-05T13:36:05.177431+00:00,bc936294060c9d60cc9127a37c6fda1969abe1f7004c343bee8fc4c265a83362,1.0,1.0.0,True,ok,
stage2-run,official,stage2,breast_cancer,svm_rbf,1,label+gaussian,2,4,0.8805124223602485,0.8947368421052632,0.0,398,171,"{""label_flipped"": 119, ""gaussian_cells"": 11940, ""outlier_cells"": 0, ""missing_cells"": 0, ""n_train"": 398, ""n_cells"": 11940}",2026-10-05T13:36:05.193403+00:00,bc936294060c9d60cc9127a37c6fda1969abe1f7004c343bee8fc4c265a83362,1.0,1.0.0,True,ok,
stage2-run,official,stage2,breast_cancer,decision_tree,1,label+gaussian,2,4,0.6579999999999999,0.7309941520467836,0.0,398,171,"{""label_flipped"": 119, ""gaussian_cells"": 11940, ""outlier_cells"": 0, ""missing_cells"": 0, ""n_train"": 398, ""n_cells"": 11940}",2026-10-05T13:36:05.193403+00:00,bc936294060c9d60cc9127a37c6fda1969abe1f7004c343bee8fc4c265a83362,1.0,1.0.0,True,ok,
stage2-run,official,stage2,breast_cancer,random_forest,1,label+gaussian,2,4,0.8646723646723646,0.8830409356725146,0.15009617805480957,398,171,"{""label_flipped"": 119, ""gaussian_cells"": 11940, ""outlier_cells"": 0, ""missing_cells"": 0, ""n_train"": 398, ""n_cells"": 11940}",2026-10-05T13:36:05.343500+00:00,bc936294060c9d60cc9127a37c6fda1969abe1f7004c343bee8fc4c265a83362,1.0,1.0.0,True,ok,
stage2-run,official,stage2,breast_cancer,logreg,1,label+gaussian,2,5,0.7188270759112085,0.7192982456140351,0.018132448196411133,398,171,"{""label_flipped"": 159, ""gaussian_cells"": 11940, ""outlier_cells"": 0, ""missing_cells"": 0, ""n_train"": 398, ""n_cells"": 11940}",2026-10-05T13:36:05.361632+00:00,bc936294060c9d60cc9127a37c6fda1969abe1f7004c343bee8fc4c265a83362,1.0,1.0.0,True,ok,
stage2-run,official,stage2,breast_cancer,svm_rbf,1,label+gaussian,2,5,0.7192118226600985,0.7192982456140351,0.0,398,171,"{""label_flipped"": 159, ""gaussian_cells"": 11940, ""outlier_cells"": 0, ""missing_cells"": 0, ""n_train"": 398, ""n_cells"": 11940}",2026-10-05T13:36:05.361632+00:00,bc936294060c9d60cc9127a37c6fda1969abe1f7004c343bee8fc4c265a83362,1.0,1.0.0,True,ok,
stage2-run,official,stage2,breast_cancer,decision_tree,1,label+gaussian,2,5,0.8252044392523364,0.8362573099415205,0.01581263542175293,398,171,"{""label_flipped"": 159, ""gaussian_cells"": 11940, ""outlier_cells"": 0, ""missing_cells"": 0, ""n_train"": 398, ""n_cells"": 11940}",2026-10-05T13:36:05.377445+00:00,bc936294060c9d60cc9127a37c6fda1969abe1f7004c343bee8fc4c265a83362,1.0,1.0.0,True,ok,
stage2-run,official,stage2,breast_cancer,random_forest,1,label+gaussian,2,5,0.6173179548975727,0.6198830409356725,0.16768455505371094,398,171,"{""label_flipped"": 159, ""gaussian_cells"": 11940, ""outlier_cells"": 0, ""missing_cells"": 0, ""n_train"": 398, ""n_cells"": 11940}",2026-10-05T13:36:05.561667+00:00,bc936294060c9d60cc9127a37c6fda1969abe1f7004c343bee8fc4c265a83362,1.0,1.0.0,True,ok,
stage2-run,official,stage2,breast_cancer,logreg,1,label+outliers,2,1,0.9420055017522704,0.9473684210526315,0.0,398,171,"{""label_flipped"": 20, ""gaussian_cells"": 0, ""outlier_cells"": 239, ""missing_cells"": 0, ""n_train"": 398, ""n_cells"": 11940}",2026-10-05T13:36:05.561667+00:00,bc936294060c9d60cc9127a37c6fda1969abe1f7004c343bee8fc4c265a83362,1.0,1.0.0,True,ok,
stage2-run,official,stage2,breast_cancer,svm_rbf,1,label+outliers,2,1,0.9493933116306599,0.9532163742690059,0.0,398,171,"{""label_flipped"": 20, ""gaussian_cells"": 0, ""outlier_cells"": 239, ""missing_cells"": 0, ""n_train"": 398, ""n_cells"": 11940}",2026-10-05T13:36:05.561667+00:00,bc936294060c9d60cc9127a37c6fda1969abe1f7004c343bee8fc4c265a83362,1.0,1.0.0,True,ok,
stage2-run,official,stage2,breast_cancer,decision_tree,1,label+outliers,2,1,0.8895665901262916,0.8947368421052632,0.0,398,171,"{""label_flipped"": 20, ""gaussian_cells"": 0, ""outlier_cells"": 239, ""missing_cells"": 0, ""n_train"": 398, ""n_cells"": 11940}",2026-10-05T13:36:05.577706+00:00,bc936294060c9d60cc9127a37c6fda1969abe1f7004c343bee8fc4c265a83362,1.0,1.0.0,True,ok,
stage2-run,official,stage2,breast_cancer,random_forest,1,label+outliers,2,1,0.9500584112149533,0.9532163742690059,0.13362741470336914,398,171,"{""label_flipped"": 20, ""gaussian_cells"": 0, ""outlier_cells"": 239, ""missing_cells"": 0, ""n_train"": 398, ""n_cells"": 11940}",2026-10-05T13:36:05.711333+00:00,bc936294060c9d60cc9127a37c6fda1969abe1f7004c343bee8fc4c265a83362,1.0,1.0.0,True,ok,
stage2-run,official,stage2,breast_cancer,logreg,1,label+outliers,2,2,0.9358108108108107,0.9415204678362573,0.014319419860839844,398,171,"{""label_flipped"": 40, ""gaussian_cells"": 0, ""outlier_cells"": 597, ""missing_cells"": 0, ""n_train"": 398, ""n_cells"": 11940}",2026-10-05T13:36:05.725653+00:00,bc936294060c9d60cc9127a37c6fda1969abe1f7004c343bee8fc4c265a83362,1.0,1.0.0,True,ok,
stage2-run,official,stage2,breast_cancer,svm_rbf,1,label+outliers,2,2,0.9552372760928911,0.9590643274853801,0.0,398,171,"{""label_flipped"": 40, ""gaussian_cells"": 0, ""outlier_cells"": 597, ""missing_cells"": 0, ""n_train"": 398, ""n_cells"": 11940}",2026-10-05T13:36:05.725653+00:00,bc936294060c9d60cc9127a37c6fda1969abe1f7004c343bee8fc4c265a83362,1.0,1.0.0,True,ok,
stage2-run,official,stage2,breast_cancer,decision_tree,1,label+outliers,2,2,0.8183849111884269,0.8304093567251462,0.0,398,171,"{""label_flipped"": 40, ""gaussian_cells"": 0, ""outlier_cells"": 597, ""missing_cells"": 0, ""n_train"": 398, ""n_cells"": 11940}",2026-10-05T13:36:05.741343+00:00,bc936294060c9d60cc9127a37c6fda1969abe1f7004c343bee8fc4c265a83362,1.0,1.0.0,True,ok,
stage2-run,official,stage2,breast_cancer,random_forest,1,label+outliers,2,2,0.9500584112149533,0.9532163742690059,0.1494579315185547,398,171,"{""label_flipped"": 40, ""gaussian_cells"": 0, ""outlier_cells"": 597, ""missing_cells"": 0, ""n_train"": 398, ""n_cells"": 11940}",2026-10-05T13:36:05.895640+00:00,bc936294060c9d60cc9127a37c6fda1969abe1f7004c343bee8fc4c265a83362,1.0,1.0.0,True,ok,
stage2-run,official,stage2,breast_cancer,logreg,1,label+outliers,2,3,0.8920815235549615,0.9005847953216374,0.005311727523803711,398,171,"{""label_flipped"": 80, ""gaussian_cells"": 0, ""outlier_cells"": 1194, ""missing_cells"": 0, ""n_train"": 398, ""n_cells"": 11940}",2026-10-05T13:36:05.905965+00:00,bc936294060c9d60cc9127a37c6fda1969abe1f7004c343bee8fc4c265a83362,1.0,1.0.0,True,ok,
stage2-run,official,stage2,breast_cancer,svm_rbf,1,label+outliers,2,3,0.8744444873826178,0.8888888888888888,0.006195545196533203,398,171,"{""label_flipped"": 80, ""gaussian_cells"": 0, ""outlier_cells"": 1194, ""missing_cells"": 0, ""n_train"": 398, ""n_cells"": 11940}",2026-10-05T13:36:05.919421+00:00,bc936294060c9d60cc9127a37c6fda1969abe1f7004c343bee8fc4c265a83362,1.0,1.0.0,True,ok,
stage2-run,official,stage2,breast_cancer,decision_tree,1,label+outliers,2,3,0.7980676328502415,0.8070175438596491,0.0083465576171875,398,171,"{""label_flipped"": 80, ""gaussian_cells"": 0, ""outlier_cells"": 1194, ""missing_cells"": 0, ""n_train"": 398, ""n_cells"": 11940}",2026-10-05T13:36:05.930853+00:00,bc936294060c9d60cc9127a37c6fda1969abe1f7004c343bee8fc4c265a83362,1.0,1.0.0,True,ok,
stage2-run,official,stage2,breast_cancer,random_forest,1,label+outliers,2,3,0.9250876168224299,0.9298245614035088,0.16221928596496582,398,171,"{""label_flipped"": 80, ""gaussian_cells"": 0, ""outlier_cells"": 1194, ""missing_cells"": 0, ""n_train"": 398, ""n_cells"": 11940}",2026-10-05T13:36:06.095093+00:00,bc936294060c9d60cc9127a37c6fda1969abe1f7004c343bee8fc4c265a83362,1.0,1.0.0,True,ok,
stage2-run,official,stage2,breast_cancer,logreg,1,label+outliers,2,4,0.922972972972973,0.9298245614035088,0.0,398,171,"{""label_flipped"": 119, ""gaussian_cells"": 0, ""outlier_cells"": 1791, ""missing_cells"": 0, ""n_train"": 398, ""n_cells"": 11940}",2026-10-05T13:36:06.095093+00:00,bc936294060c9d60cc9127a37c6fda1969abe1f7004c343bee8fc4c265a83362,1.0,1.0.0,True,ok,
stage2-run,official,stage2,breast_cancer,svm_rbf,1,label+outliers,2,4,0.922972972972973,0.9298245614035088,0.015923023223876953,398,171,"{""label_flipped"": 119, ""gaussian_cells"": 0, ""outlier_cells"": 1791, ""missing_cells"": 0, ""n_train"": 398, ""n_cells"": 11940}",2026-10-05T13:36:06.111016+00:00,bc936294060c9d60cc9127a37c6fda1969abe1f7004c343bee8fc4c265a83362,1.0,1.0.0,True,ok,
stage2-run,official,stage2,breast_cancer,decision_tree,1,label+outliers,2,4,0.7368760064412239,0.7485380116959064,0.01599717140197754,398,171,"{""label_flipped"": 119, ""gaussian_cells"": 0, ""outlier_cells"": 1791, ""missing_cells"": 0, ""n_train"": 398, ""n_cells"": 11940}",2026-10-05T13:36:06.127013+00:00,bc936294060c9d60cc9127a37c6fda1969abe1f7004c343bee8fc4c265a83362,1.0,1.0.0,True,ok,
stage2-run,official,stage2,breast_cancer,random_forest,1,label+outliers,2,4,0.8942024238453979,0.9005847953216374,0.13056159019470215,398,171,"{""label_flipped"": 119, ""gaussian_cells"": 0, ""outlier_cells"": 1791, ""missing_cells"": 0, ""n_train"": 398, ""n_cells"": 11940}",2026-10-05T13:36:06.260582+00:00,bc936294060c9d60cc9127a37c6fda1969abe1f7004c343bee8fc4c265a83362,1.0,1.0.0,True,ok,
stage2-run,official,stage2,breast_cancer,logreg,1,label+outliers,2,5,0.6729491949786139,0.6783625730994152,0.018220186233520508,398,171,"{""label_flipped"": 159, ""gaussian_cells"": 0, ""outlier_cells"": 2388, ""missing_cells"": 0, ""n_train"": 398, ""n_cells"": 11940}",2026-10-05T13:36:06.280466+00:00,bc936294060c9d60cc9127a37c6fda1969abe1f7004c343bee8fc4c265a83362,1.0,1.0.0,True,ok,
stage2-run,official,stage2,breast_cancer,svm_rbf,1,label+outliers,2,5,0.732394366197183,0.7485380116959064,0.00490570068359375,398,171,"{""label_flipped"": 159, ""gaussian_cells"": 0, ""outlier_cells"": 2388, ""missing_cells"": 0, ""n_train"": 398, ""n_cells"": 11940}",2026-10-05T13:36:06.292012+00:00,bc936294060c9d60cc9127a37c6fda1969abe1f7004c343bee8fc4c265a83362,1.0,1.0.0,True,ok,
stage2-run,official,stage2,breast_cancer,decision_tree,1,label+outliers,2,5,0.5555278618479615,0.5730994152046783,0.005299568176269531,398,171,"{""label_flipped"": 159, ""gaussian_cells"": 0, ""outlier_cells"": 2388, ""missing_cells"": 0, ""n_train"": 398, ""n_cells"": 11940}",2026-10-05T13:36:06.297311+00:00,bc936294060c9d60cc9127a37c6fda1969abe1f7004c343bee8fc4c265a83362,1.0,1.0.0,True,ok,
stage2-run,official,stage2,breast_cancer,random_forest,1,label+outliers,2,5,0.7736834772917247,0.7777777777777778,0.1450333595275879,398,171,"{""label_flipped"": 159, ""gaussian_cells"": 0, ""outlier_cells"": 2388, ""missing_cells"": 0, ""n_train"": 398, ""n_cells"": 11940}",2026-10-05T13:36:06.442345+00:00,bc936294060c9d60cc9127a37c6fda1969abe1f7004c343bee8fc4c265a83362,1.0,1.0.0,True,ok,
stage2-run,official,stage2,breast_cancer,logreg,1,label+missing,2,1,0.9358108108108107,0.9415204678362573,0.01270151138305664,398,171,"{""label_flipped"": 20, ""gaussian_cells"": 0, ""outlier_cells"": 0, ""missing_cells"": 1247, ""n_train"": 398, ""n_cells"": 11940}",2026-10-05T13:36:06.462031+00:00,bc936294060c9d60cc9127a37c6fda1969abe1f7004c343bee8fc4c265a83362,1.0,1.0.0,True,ok,
stage2-run,official,stage2,breast_cancer,svm_rbf,1,label+missing,2,1,0.962044983722995,0.9649122807017544,0.0,398,171,"{""label_flipped"": 20, ""gaussian_cells"": 0, ""outlier_cells"": 0, ""missing_cells"": 1247, ""n_train"": 398, ""n_cells"": 11940}",2026-10-05T13:36:06.462031+00:00,bc936294060c9d60cc9127a37c6fda1969abe1f7004c343bee8fc4c265a83362,1.0,1.0.0,True,ok,
stage2-run,official,stage2,breast_cancer,decision_tree,1,label+missing,2,1,0.8550046082949309,0.8654970760233918,0.004372119903564453,398,171,"{""label_flipped"": 20, ""gaussian_cells"": 0, ""outlier_cells"": 0, ""missing_cells"": 1247, ""n_train"": 398, ""n_cells"": 11940}",2026-10-05T13:36:06.480901+00:00,bc936294060c9d60cc9127a37c6fda1969abe1f7004c343bee8fc4c265a83362,1.0,1.0.0,True,ok,
stage2-run,official,stage2,breast_cancer,random_forest,1,label+missing,2,1,0.9500584112149533,0.9532163742690059,0.12378191947937012,398,171,"{""label_flipped"": 20, ""gaussian_cells"": 0, ""outlier_cells"": 0, ""missing_cells"": 1247, ""n_train"": 398, ""n_cells"": 11940}",2026-10-05T13:36:06.626267+00:00,bc936294060c9d60cc9127a37c6fda1969abe1f7004c343bee8fc4c265a83362,1.0,1.0.0,True,ok,
stage2-run,official,stage2,breast_cancer,logreg,1,label+missing,2,2,0.9168692270296548,0.9239766081871345,0.013376235961914062,398,171,"{""label_flipped"": 40, ""gaussian_cells"": 0, ""outlier_cells"": 0, ""missing_cells"": 2407, ""n_train"": 398, ""n_cells"": 11940}",2026-10-05T13:36:06.640711+00:00,bc936294060c9d60cc9127a37c6fda1969abe1f7004c343bee8fc4c265a83362,1.0,1.0.0,True,ok,
stage2-run,official,stage2,breast_cancer,svm_rbf,1,label+missing,2,2,0.9379535558780843,0.9415204678362573,0.004305601119995117,398,171,"{""label_flipped"": 40, ""gaussian_cells"": 0, ""outlier_cells"": 0, ""missing_cells"": 2407, ""n_train"": 398, ""n_cells"": 11940}",2026-10-05T13:36:06.648224+00:00,bc936294060c9d60cc9127a37c6fda1969abe1f7004c343bee8fc4c265a83362,1.0,1.0.0,True,ok,
stage2-run,official,stage2,breast_cancer,decision_tree,1,label+missing,2,2,0.8542199488491049,0.8596491228070176,0.009511709213256836,398,171,"{""label_flipped"": 40, ""gaussian_cells"": 0, ""outlier_cells"": 0, ""missing_cells"": 2407, ""n_train"": 398, ""n_cells"": 11940}",2026-10-05T13:36:06.657735+00:00,bc936294060c9d60cc9127a37c6fda1969abe1f7004c343bee8fc4c265a83362,1.0,1.0.0,True,ok,
stage2-run,official,stage2,breast_cancer,random_forest,1,label+missing,2,2,0.9315427448411399,0.935672514619883,0.13708162307739258,398,171,"{""label_flipped"": 40, ""gaussian_cells"": 0, ""outlier_cells"": 0, ""missing_cells"": 2407, ""n_train"": 398, ""n_cells"": 11940}",2026-10-05T13:36:06.802197+00:00,bc936294060c9d60cc9127a37c6fda1969abe1f7004c343bee8fc4c265a83362,1.0,1.0.0,True,ok,
stage2-run,official,stage2,breast_cancer,logreg,1,label+missing,2,3,0.9126022196261683,0.9181286549707602,0.01099538803100586,398,171,"{""label_flipped"": 80, ""gaussian_cells"": 0, ""outlier_cells"": 0, ""missing_cells"": 3631, ""n_train"": 398, ""n_cells"": 11940}",2026-10-05T13:36:06.815633+00:00,bc936294060c9d60cc9127a37c6fda1969abe1f7004c343bee8fc4c265a83362,1.0,1.0.0,True,ok,
stage2-run,official,stage2,breast_cancer,svm_rbf,1,label+missing,2,3,0.9018369690011481,0.9064327485380117,0.0,398,171,"{""label_flipped"": 80, ""gaussian_cells"": 0, ""outlier_cells"": 0, ""missing_cells"": 3631, ""n_train"": 398, ""n_cells"": 11940}",2026-10-05T13:36:06.830151+00:00,bc936294060c9d60cc9127a37c6fda1969abe1f7004c343bee8fc4c265a83362,1.0,1.0.0,True,ok,
stage2-run,official,stage2,breast_cancer,decision_tree,1,label+missing,2,3,0.761352657004831,0.7719298245614035,0.021334409713745117,398,171,"{""label_flipped"": 80, ""gaussian_cells"": 0, ""outlier_cells"": 0, ""missing_cells"": 3631, ""n_train"": 398, ""n_cells"": 11940}",2026-10-05T13:36:06.853495+00:00,bc936294060c9d60cc9127a37c6fda1969abe1f7004c343bee8fc4c265a83362,1.0,1.0.0,True,ok,
stage2-run,official,stage2,breast_cancer,random_forest,1,label+missing,2,3,0.9012987012987013,0.9064327485380117,0.133408784866333,398,171,"{""label_flipped"": 80, ""gaussian_cells"": 0, ""outlier_cells"": 0, ""missing_cells"": 3631, ""n_train"": 398, ""n_cells"": 11940}",2026-10-05T13:36:07.004607+00:00,bc936294060c9d60cc9127a37c6fda1969abe1f7004c343bee8fc4c265a83362,1.0,1.0.0,True,ok,
stage2-run,official,stage2,breast_cancer,logreg,1,label+missing,2,4,0.9168692270296548,0.9239766081871345,0.007894515991210938,398,171,"{""label_flipped"": 119, ""gaussian_cells"": 0, ""outlier_cells"": 0, ""missing_cells"": 4712, ""n_train"": 398, ""n_cells"": 11940}",2026-10-05T13:36:07.012501+00:00,bc936294060c9d60cc9127a37c6fda1969abe1f7004c343bee8fc4c265a83362,1.0,1.0.0,True,ok,
stage2-run,official,stage2,breast_cancer,svm_rbf,1,label+missing,2,4,0.8779268989149058,0.8830409356725146,0.008017778396606445,398,171,"{""label_flipped"": 119, ""gaussian_cells"": 0, ""outlier_cells"": 0, ""missing_cells"": 4712, ""n_train"": 398, ""n_cells"": 11940}",2026-10-05T13:36:07.020519+00:00,bc936294060c9d60cc9127a37c6fda1969abe1f7004c343bee8fc4c265a83362,1.0,1.0.0,True,ok,
stage2-run,official,stage2,breast_cancer,decision_tree,1,label+missing,2,4,0.5381578947368421,0.543859649122807,0.00858759880065918,398,171,"{""label_flipped"": 119, ""gaussian_cells"": 0, ""outlier_cells"": 0, ""missing_cells"": 4712, ""n_train"": 398, ""n_cells"": 11940}",2026-10-05T13:36:07.029107+00:00,bc936294060c9d60cc9127a37c6fda1969abe1f7004c343bee8fc4c265a83362,1.0,1.0.0,True,ok,
stage2-run,official,stage2,breast_cancer,random_forest,1,label+missing,2,4,0.8031397174254318,0.8070175438596491,0.126878023147583,398,171,"{""label_flipped"": 119, ""gaussian_cells"": 0, ""outlier_cells"": 0, ""missing_cells"": 4712, ""n_train"": 398, ""n_cells"": 11940}",2026-10-05T13:36:07.171748+00:00,bc936294060c9d60cc9127a37c6fda1969abe1f7004c343bee8fc4c265a83362,1.0,1.0.0,True,ok,
stage2-run,official,stage2,breast_cancer,logreg,1,label+missing,2,5,0.9001168224299065,0.9064327485380117,0.0,398,171,"{""label_flipped"": 159, ""gaussian_cells"": 0, ""outlier_cells"": 0, ""missing_cells"": 6080, ""n_train"": 398, ""n_cells"": 11940}",2026-10-05T13:36:07.171748+00:00,bc936294060c9d60cc9127a37c6fda1969abe1f7004c343bee8fc4c265a83362,1.0,1.0.0,True,ok,
stage2-run,official,stage2,breast_cancer,svm_rbf,1,label+missing,2,5,0.8675352112676056,0.8713450292397661,0.015841007232666016,398,171,"{""label_flipped"": 159, ""gaussian_cells"": 0, ""outlier_cells"": 0, ""missing_cells"": 6080, ""n_train"": 398, ""n_cells"": 11940}",2026-10-05T13:36:07.195068+00:00,bc936294060c9d60cc9127a37c6fda1969abe1f7004c343bee8fc4c265a83362,1.0,1.0.0,True,ok,
stage2-run,official,stage2,breast_cancer,decision_tree,1,label+missing,2,5,0.5747444045316386,0.5789473684210527,0.0,398,171,"{""label_flipped"": 159, ""gaussian_cells"": 0, ""outlier_cells"": 0, ""missing_cells"": 6080, ""n_train"": 398, ""n_cells"": 11940}",2026-10-05T13:36:07.195827+00:00,bc936294060c9d60cc9127a37c6fda1969abe1f7004c343bee8fc4c265a83362,1.0,1.0.0,True,ok,
stage2-run,official,stage2,breast_cancer,random_forest,1,label+missing,2,5,0.703125,0.7076023391812866,0.13164567947387695,398,171,"{""label_flipped"": 159, ""gaussian_cells"": 0, ""outlier_cells"": 0, ""missing_cells"": 6080, ""n_train"": 398, ""n_cells"": 11940}",2026-10-05T13:36:07.327473+00:00,bc936294060c9d60cc9127a37c6fda1969abe1f7004c343bee8fc4c265a83362,1.0,1.0.0,True,ok,
stage2-run,official,stage2,breast_cancer,logreg,1,gaussian+outliers,2,1,0.9617734724292102,0.9649122807017544,0.0,398,171,"{""label_flipped"": 0, ""gaussian_cells"": 11940, ""outlier_cells"": 239, ""missing_cells"": 0, ""n_train"": 398, ""n_cells"": 11940}",2026-10-05T13:36:07.327473+00:00,bc936294060c9d60cc9127a37c6fda1969abe1f7004c343bee8fc4c265a83362,1.0,1.0.0,True,ok,
stage2-run,official,stage2,breast_cancer,svm_rbf,1,gaussian+outliers,2,1,0.9552372760928911,0.9590643274853801,0.0,398,171,"{""label_flipped"": 0, ""gaussian_cells"": 11940, ""outlier_cells"": 239, ""missing_cells"": 0, ""n_train"": 398, ""n_cells"": 11940}",2026-10-05T13:36:07.343174+00:00,bc936294060c9d60cc9127a37c6fda1969abe1f7004c343bee8fc4c265a83362,1.0,1.0.0,True,ok,
stage2-run,official,stage2,breast_cancer,decision_tree,1,gaussian+outliers,2,1,0.9561618751144478,0.9590643274853801,0.0,398,171,"{""label_flipped"": 0, ""gaussian_cells"": 11940, ""outlier_cells"": 239, ""missing_cells"": 0, ""n_train"": 398, ""n_cells"": 11940}",2026-10-05T13:36:07.343174+00:00,bc936294060c9d60cc9127a37c6fda1969abe1f7004c343bee8fc4c265a83362,1.0,1.0.0,True,ok,
stage2-run,official,stage2,breast_cancer,random_forest,1,gaussian+outliers,2,1,0.9375730140186915,0.9415204678362573,0.1178274154663086,398,171,"{""label_flipped"": 0, ""gaussian_cells"": 11940, ""outlier_cells"": 239, ""missing_cells"": 0, ""n_train"": 398, ""n_cells"": 11940}",2026-10-05T13:36:07.461001+00:00,bc936294060c9d60cc9127a37c6fda1969abe1f7004c343bee8fc4c265a83362,1.0,1.0.0,True,ok,
stage2-run,official,stage2,breast_cancer,logreg,1,gaussian+outliers,2,2,0.9617734724292102,0.9649122807017544,0.01569509506225586,398,171,"{""label_flipped"": 0, ""gaussian_cells"": 11940, ""outlier_cells"": 597, ""missing_cells"": 0, ""n_train"": 398, ""n_cells"": 11940}",2026-10-05T13:36:07.476696+00:00,bc936294060c9d60cc9127a37c6fda1969abe1f7004c343bee8fc4c265a83362,1.0,1.0.0,True,ok,
stage2-run,official,stage2,breast_cancer,svm_rbf,1,gaussian+outliers,2,2,0.9486486486486487,0.9532163742690059,0.0,398,171,"{""label_flipped"": 0, ""gaussian_cells"": 11940, ""outlier_cells"": 597, ""missing_cells"": 0, ""n_train"": 398, ""n_cells"": 11940}",2026-10-05T13:36:07.476696+00:00,bc936294060c9d60cc9127a37c6fda1969abe1f7004c343bee8fc4c265a83362,1.0,1.0.0,True,ok,
stage2-run,official,stage2,breast_cancer,decision_tree,1,gaussian+outliers,2,2,0.9432626728110599,0.9473684210526315,0.0,398,171,"{""label_flipped"": 0, ""gaussian_cells"": 11940, ""outlier_cells"": 597, ""missing_cells"": 0, ""n_train"": 398, ""n_cells"": 11940}",2026-10-05T13:36:07.492379+00:00,bc936294060c9d60cc9127a37c6fda1969abe1f7004c343bee8fc4c265a83362,1.0,1.0.0,True,ok,
stage2-run,official,stage2,breast_cancer,random_forest,1,gaussian+outliers,2,2,0.942866688940862,0.9473684210526315,0.1206047534942627,398,171,"{""label_flipped"": 0, ""gaussian_cells"": 11940, ""outlier_cells"": 597, ""missing_cells"": 0, ""n_train"": 398, ""n_cells"": 11940}",2026-10-05T13:36:07.612984+00:00,bc936294060c9d60cc9127a37c6fda1969abe1f7004c343bee8fc4c265a83362,1.0,1.0.0,True,ok,
stage2-run,official,stage2,breast_cancer,logreg,1,gaussian+outliers,2,3,0.9420055017522704,0.9473684210526315,0.0,398,171,"{""label_flipped"": 0, ""gaussian_cells"": 11940, ""outlier_cells"": 1194, ""missing_cells"": 0, ""n_train"": 398, ""n_cells"": 11940}",2026-10-05T13:36:07.625503+00:00,bc936294060c9d60cc9127a37c6fda1969abe1f7004c343bee8fc4c265a83362,1.0,1.0.0,True,ok,
stage2-run,official,stage2,breast_cancer,svm_rbf,1,gaussian+outliers,2,3,0.9217271895025938,0.9298245614035088,0.0,398,171,"{""label_flipped"": 0, ""gaussian_cells"": 11940, ""outlier_cells"": 1194, ""missing_cells"": 0, ""n_train"": 398, ""n_cells"": 11940}",2026-10-05T13:36:07.641174+00:00,bc936294060c9d60cc9127a37c6fda1969abe1f7004c343bee8fc4c265a83362,1.0,1.0.0,True,ok,
stage2-run,official,stage2,breast_cancer,decision_tree,1,gaussian+outliers,2,3,0.9353056900726393,0.9415204678362573,0.0,398,171,"{""label_flipped"": 0, ""gaussian_cells"": 11940, ""outlier_cells"": 1194, ""missing_cells"": 0, ""n_train"": 398, ""n_cells"": 11940}",2026-10-05T13:36:07.641174+00:00,bc936294060c9d60cc9127a37c6fda1969abe1f7004c343bee8fc4c265a83362,1.0,1.0.0,True,ok,
stage2-run,official,stage2,breast_cancer,random_forest,1,gaussian+outliers,2,3,0.9420055017522704,0.9473684210526315,0.1174306869506836,398,171,"{""label_flipped"": 0, ""gaussian_cells"": 11940, ""outlier_cells"": 1194, ""missing_cells"": 0, ""n_train"": 398, ""n_cells"": 11940}",2026-10-05T13:36:07.774369+00:00,bc936294060c9d60cc9127a37c6fda1969abe1f7004c343bee8fc4c265a83362,1.0,1.0.0,True,ok,
stage2-run,official,stage2,breast_cancer,logreg,1,gaussian+outliers,2,4,0.9217271895025938,0.9298245614035088,0.0,398,171,"{""label_flipped"": 0, ""gaussian_cells"": 11940, ""outlier_cells"": 1791, ""missing_cells"": 0, ""n_train"": 398, ""n_cells"": 11940}",2026-10-05T13:36:07.774369+00:00,bc936294060c9d60cc9127a37c6fda1969abe1f7004c343bee8fc4c265a83362,1.0,1.0.0,True,ok,
stage2-run,official,stage2,breast_cancer,svm_rbf,1,gaussian+outliers,2,4,0.9217271895025938,0.9298245614035088,0.0,398,171,"{""label_flipped"": 0, ""gaussian_cells"": 11940, ""outlier_cells"": 1791, ""missing_cells"": 0, ""n_train"": 398, ""n_cells"": 11940}",2026-10-05T13:36:07.793070+00:00,bc936294060c9d60cc9127a37c6fda1969abe1f7004c343bee8fc4c265a83362,1.0,1.0.0,True,ok,
stage2-run,official,stage2,breast_cancer,decision_tree,1,gaussian+outliers,2,4,0.8876608571318159,0.9005847953216374,0.0,398,171,"{""label_flipped"": 0, ""gaussian_cells"": 11940, ""outlier_cells"": 1791, ""missing_cells"": 0, ""n_train"": 398, ""n_cells"": 11940}",2026-10-05T13:36:07.793070+00:00,bc936294060c9d60cc9127a37c6fda1969abe1f7004c343bee8fc4c265a83362,1.0,1.0.0,True,ok,
stage2-run,official,stage2,breast_cancer,random_forest,1,gaussian+outliers,2,4,0.8720715045084065,0.8888888888888888,0.13263392448425293,398,171,"{""label_flipped"": 0, ""gaussian_cells"": 11940, ""outlier_cells"": 1791, ""missing_cells"": 0, ""n_train"": 398, ""n_cells"": 11940}",2026-10-05T13:36:07.926538+00:00,bc936294060c9d60cc9127a37c6fda1969abe1f7004c343bee8fc4c265a83362,1.0,1.0.0,True,ok,
stage2-run,official,stage2,breast_cancer,logreg,1,gaussian+outliers,2,5,0.8744444873826178,0.8888888888888888,0.0,398,171,"{""label_flipped"": 0, ""gaussian_cells"": 11940, ""outlier_cells"": 2388, ""missing_cells"": 0, ""n_train"": 398, ""n_cells"": 11940}",2026-10-05T13:36:07.926538+00:00,bc936294060c9d60cc9127a37c6fda1969abe1f7004c343bee8fc4c265a83362,1.0,1.0.0,True,ok,
stage2-run,official,stage2,breast_cancer,svm_rbf,1,gaussian+outliers,2,5,0.8744444873826178,0.8888888888888888,0.014836788177490234,398,171,"{""label_flipped"": 0, ""gaussian_cells"": 11940, ""outlier_cells"": 2388, ""missing_cells"": 0, ""n_train"": 398, ""n_cells"": 11940}",2026-10-05T13:36:07.941374+00:00,bc936294060c9d60cc9127a37c6fda1969abe1f7004c343bee8fc4c265a83362,1.0,1.0.0,True,ok,
stage2-run,official,stage2,breast_cancer,decision_tree,1,gaussian+outliers,2,5,0.8105413105413105,0.8362573099415205,0.0,398,171,"{""label_flipped"": 0, ""gaussian_cells"": 11940, ""outlier_cells"": 2388, ""missing_cells"": 0, ""n_train"": 398, ""n_cells"": 11940}",2026-10-05T13:36:07.941374+00:00,bc936294060c9d60cc9127a37c6fda1969abe1f7004c343bee8fc4c265a83362,1.0,1.0.0,True,ok,
stage2-run,official,stage2,breast_cancer,random_forest,1,gaussian+outliers,2,5,0.8793887147335423,0.8947368421052632,0.13685846328735352,398,171,"{""label_flipped"": 0, ""gaussian_cells"": 11940, ""outlier_cells"": 2388, ""missing_cells"": 0, ""n_train"": 398, ""n_cells"": 11940}",2026-10-05T13:36:08.078233+00:00,bc936294060c9d60cc9127a37c6fda1969abe1f7004c343bee8fc4c265a83362,1.0,1.0.0,True,ok,
stage2-run,official,stage2,breast_cancer,logreg,1,gaussian+missing,2,1,0.942866688940862,0.9473684210526315,0.0,398,171,"{""label_flipped"": 0, ""gaussian_cells"": 11940, ""outlier_cells"": 0, ""missing_cells"": 1247, ""n_train"": 398, ""n_cells"": 11940}",2026-10-05T13:36:08.094276+00:00,bc936294060c9d60cc9127a37c6fda1969abe1f7004c343bee8fc4c265a83362,1.0,1.0.0,True,ok,
stage2-run,official,stage2,breast_cancer,svm_rbf,1,gaussian+missing,2,1,0.9558709677419355,0.9590643274853801,0.0,398,171,"{""label_flipped"": 0, ""gaussian_cells"": 11940, ""outlier_cells"": 0, ""missing_cells"": 1247, ""n_train"": 398, ""n_cells"": 11940}",2026-10-05T13:36:08.095941+00:00,bc936294060c9d60cc9127a37c6fda1969abe1f7004c343bee8fc4c265a83362,1.0,1.0.0,True,ok,
stage2-run,official,stage2,breast_cancer,decision_tree,1,gaussian+missing,2,1,0.931948916464672,0.935672514619883,0.0,398,171,"{""label_flipped"": 0, ""gaussian_cells"": 11940, ""outlier_cells"": 0, ""missing_cells"": 1247, ""n_train"": 398, ""n_cells"": 11940}",2026-10-05T13:36:08.095941+00:00,bc936294060c9d60cc9127a37c6fda1969abe1f7004c343bee8fc4c265a83362,1.0,1.0.0,True,ok,
stage2-run,official,stage2,breast_cancer,random_forest,1,gaussian+missing,2,1,0.9375730140186915,0.9415204678362573,0.1309661865234375,398,171,"{""label_flipped"": 0, ""gaussian_cells"": 11940, ""outlier_cells"": 0, ""missing_cells"": 1247, ""n_train"": 398, ""n_cells"": 11940}",2026-10-05T13:36:08.226907+00:00,bc936294060c9d60cc9127a37c6fda1969abe1f7004c343bee8fc4c265a83362,1.0,1.0.0,True,ok,
stage2-run,official,stage2,breast_cancer,logreg,1,gaussian+missing,2,2,0.9493933116306599,0.9532163742690059,0.010086297988891602,398,171,"{""label_flipped"": 0, ""gaussian_cells"": 11940, ""outlier_cells"": 0, ""missing_cells"": 2407, ""n_train"": 398, ""n_cells"": 11940}",2026-10-05T13:36:08.236993+00:00,bc936294060c9d60cc9127a37c6fda1969abe1f7004c343bee8fc4c265a83362,1.0,1.0.0,True,ok,
stage2-run,official,stage2,breast_cancer,svm_rbf,1,gaussian+missing,2,2,0.9682592716338122,0.9707602339181286,0.0060160160064697266,398,171,"{""label_flipped"": 0, ""gaussian_cells"": 11940, ""outlier_cells"": 0, ""missing_cells"": 2407, ""n_train"": 398, ""n_cells"": 11940}",2026-10-05T13:36:08.244958+00:00,bc936294060c9d60cc9127a37c6fda1969abe1f7004c343bee8fc4c265a83362,1.0,1.0.0,True,ok,
stage2-run,official,stage2,breast_cancer,decision_tree,1,gaussian+missing,2,2,0.9235469448584203,0.9298245614035088,0.0,398,171,"{""label_flipped"": 0, ""gaussian_cells"": 11940, ""outlier_cells"": 0, ""missing_cells"": 2407, ""n_train"": 398, ""n_cells"": 11940}",2026-10-05T13:36:08.244958+00:00,bc936294060c9d60cc9127a37c6fda1969abe1f7004c343bee8fc4c265a83362,1.0,1.0.0,True,ok,
stage2-run,official,stage2,breast_cancer,random_forest,1,gaussian+missing,2,2,0.936741639538325,0.9415204678362573,0.1327660083770752,398,171,"{""label_flipped"": 0, ""gaussian_cells"": 11940, ""outlier_cells"": 0, ""missing_cells"": 2407, ""n_train"": 398, ""n_cells"": 11940}",2026-10-05T13:36:08.377724+00:00,bc936294060c9d60cc9127a37c6fda1969abe1f7004c343bee8fc4c265a83362,1.0,1.0.0,True,ok,
stage2-run,official,stage2,breast_cancer,logreg,1,gaussian+missing,2,3,0.9558709677419355,0.9590643274853801,0.0,398,171,"{""label_flipped"": 0, ""gaussian_cells"": 11940, ""outlier_cells"": 0, ""missing_cells"": 3631, ""n_train"": 398, ""n_cells"": 11940}",2026-10-05T13:36:08.377724+00:00,bc936294060c9d60cc9127a37c6fda1969abe1f7004c343bee8fc4c265a83362,1.0,1.0.0,True,ok,
stage2-run,official,stage2,breast_cancer,svm_rbf,1,gaussian+missing,2,3,0.9362891207153503,0.9415204678362573,0.015687227249145508,398,171,"{""label_flipped"": 0, ""gaussian_cells"": 11940, ""outlier_cells"": 0, ""missing_cells"": 3631, ""n_train"": 398, ""n_cells"": 11940}",2026-10-05T13:36:08.393411+00:00,bc936294060c9d60cc9127a37c6fda1969abe1f7004c343bee8fc4c265a83362,1.0,1.0.0,True,ok,
stage2-run,official,stage2,breast_cancer,decision_tree,1,gaussian+missing,2,3,0.9235469448584203,0.9298245614035088,0.0,398,171,"{""label_flipped"": 0, ""gaussian_cells"": 11940, ""outlier_cells"": 0, ""missing_cells"": 3631, ""n_train"": 398, ""n_cells"": 11940}",2026-10-05T13:36:08.409106+00:00,bc936294060c9d60cc9127a37c6fda1969abe1f7004c343bee8fc4c265a83362,1.0,1.0.0,True,ok,
stage2-run,official,stage2,breast_cancer,random_forest,1,gaussian+missing,2,3,0.922972972972973,0.9298245614035088,0.13512825965881348,398,171,"{""label_flipped"": 0, ""gaussian_cells"": 11940, ""outlier_cells"": 0, ""missing_cells"": 3631, ""n_train"": 398, ""n_cells"": 11940}",2026-10-05T13:36:08.544235+00:00,bc936294060c9d60cc9127a37c6fda1969abe1f7004c343bee8fc4c265a83362,1.0,1.0.0,True,ok,
stage2-run,official,stage2,breast_cancer,logreg,1,gaussian+missing,2,4,0.9296585767174002,0.935672514619883,0.0,398,171,"{""label_flipped"": 0, ""gaussian_cells"": 11940, ""outlier_cells"": 0, ""missing_cells"": 4712, ""n_train"": 398, ""n_cells"": 11940}",2026-10-05T13:36:08.544235+00:00,bc936294060c9d60cc9127a37c6fda1969abe1f7004c343bee8fc4c265a83362,1.0,1.0.0,True,ok,
stage2-run,official,stage2,breast_cancer,svm_rbf,1,gaussian+missing,2,4,0.9155555555555555,0.9239766081871345,0.015705108642578125,398,171,"{""label_flipped"": 0, ""gaussian_cells"": 11940, ""outlier_cells"": 0, ""missing_cells"": 4712, ""n_train"": 398, ""n_cells"": 11940}",2026-10-05T13:36:08.559940+00:00,bc936294060c9d60cc9127a37c6fda1969abe1f7004c343bee8fc4c265a83362,1.0,1.0.0,True,ok,
stage2-run,official,stage2,breast_cancer,decision_tree,1,gaussian+missing,2,4,0.8956362526701251,0.9064327485380117,0.0,398,171,"{""label_flipped"": 0, ""gaussian_cells"": 11940, ""outlier_cells"": 0, ""missing_cells"": 4712, ""n_train"": 398, ""n_cells"": 11940}",2026-10-05T13:36:08.559940+00:00,bc936294060c9d60cc9127a37c6fda1969abe1f7004c343bee8fc4c265a83362,1.0,1.0.0,True,ok,
stage2-run,official,stage2,breast_cancer,random_forest,1,gaussian+missing,2,4,0.914843899636085,0.9239766081871345,0.1354660987854004,398,171,"{""label_flipped"": 0, ""gaussian_cells"": 11940, ""outlier_cells"": 0, ""missing_cells"": 4712, ""n_train"": 398, ""n_cells"": 11940}",2026-10-05T13:36:08.695406+00:00,bc936294060c9d60cc9127a37c6fda1969abe1f7004c343bee8fc4c265a83362,1.0,1.0.0,True,ok,
stage2-run,official,stage2,breast_cancer,logreg,1,gaussian+missing,2,5,0.936741639538325,0.9415204678362573,0.015331745147705078,398,171,"{""label_flipped"": 0, ""gaussian_cells"": 11940, ""outlier_cells"": 0, ""missing_cells"": 6080, ""n_train"": 398, ""n_cells"": 11940}",2026-10-05T13:36:08.713804+00:00,bc936294060c9d60cc9127a37c6fda1969abe1f7004c343bee8fc4c265a83362,1.0,1.0.0,True,ok,
stage2-run,official,stage2,breast_cancer,svm_rbf,1,gaussian+missing,2,5,0.9168692270296548,0.9239766081871345,0.0,398,171,"{""label_flipped"": 0, ""gaussian_cells"": 11940, ""outlier_cells"": 0, ""missing_cells"": 6080, ""n_train"": 398, ""n_cells"": 11940}",2026-10-05T13:36:08.713804+00:00,bc936294060c9d60cc9127a37c6fda1969abe1f7004c343bee8fc4c265a83362,1.0,1.0.0,True,ok,
stage2-run,official,stage2,breast_cancer,decision_tree,1,gaussian+missing,2,5,0.6377281947261664,0.7251461988304093,0.01266789436340332,398,171,"{""label_flipped"": 0, ""gaussian_cells"": 11940, ""outlier_cells"": 0, ""missing_cells"": 6080, ""n_train"": 398, ""n_cells"": 11940}",2026-10-05T13:36:08.726472+00:00,bc936294060c9d60cc9127a37c6fda1969abe1f7004c343bee8fc4c265a83362,1.0,1.0.0,True,ok,
stage2-run,official,stage2,breast_cancer,random_forest,1,gaussian+missing,2,5,0.8586053470882388,0.8771929824561403,0.13568329811096191,398,171,"{""label_flipped"": 0, ""gaussian_cells"": 11940, ""outlier_cells"": 0, ""missing_cells"": 6080, ""n_train"": 398, ""n_cells"": 11940}",2026-10-05T13:36:08.862155+00:00,bc936294060c9d60cc9127a37c6fda1969abe1f7004c343bee8fc4c265a83362,1.0,1.0.0,True,ok,
stage2-run,official,stage2,breast_cancer,logreg,1,outliers+missing,2,1,0.9552372760928911,0.9590643274853801,0.0,398,171,"{""label_flipped"": 0, ""gaussian_cells"": 0, ""outlier_cells"": 239, ""missing_cells"": 1247, ""n_train"": 398, ""n_cells"": 11940}",2026-10-05T13:36:08.862155+00:00,bc936294060c9d60cc9127a37c6fda1969abe1f7004c343bee8fc4c265a83362,1.0,1.0.0,True,ok,
stage2-run,official,stage2,breast_cancer,svm_rbf,1,outliers+missing,2,1,0.9490312965722802,0.9532163742690059,0.0,398,171,"{""label_flipped"": 0, ""gaussian_cells"": 0, ""outlier_cells"": 239, ""missing_cells"": 1247, ""n_train"": 398, ""n_cells"": 11940}",2026-10-05T13:36:08.882622+00:00,bc936294060c9d60cc9127a37c6fda1969abe1f7004c343bee8fc4c265a83362,1.0,1.0.0,True,ok,
stage2-run,official,stage2,breast_cancer,decision_tree,1,outliers+missing,2,1,0.9503628447024673,0.9532163742690059,0.0,398,171,"{""label_flipped"": 0, ""gaussian_cells"": 0, ""outlier_cells"": 239, ""missing_cells"": 1247, ""n_train"": 398, ""n_cells"": 11940}",2026-10-05T13:36:08.893414+00:00,bc936294060c9d60cc9127a37c6fda1969abe1f7004c343bee8fc4c265a83362,1.0,1.0.0,True,ok,
stage2-run,official,stage2,breast_cancer,random_forest,1,outliers+missing,2,1,0.9439895185063871,0.9473684210526315,0.11018800735473633,398,171,"{""label_flipped"": 0, ""gaussian_cells"": 0, ""outlier_cells"": 239, ""missing_cells"": 1247, ""n_train"": 398, ""n_cells"": 11940}",2026-10-05T13:36:09.004317+00:00,bc936294060c9d60cc9127a37c6fda1969abe1f7004c343bee8fc4c265a83362,1.0,1.0.0,True,ok,
stage2-run,official,stage2,breast_cancer,logreg,1,outliers+missing,2,2,0.9558709677419355,0.9590643274853801,0.0020999908447265625,398,171,"{""label_flipped"": 0, ""gaussian_cells"": 0, ""outlier_cells"": 597, ""missing_cells"": 2407, ""n_train"": 398, ""n_cells"": 11940}",2026-10-05T13:36:09.014521+00:00,bc936294060c9d60cc9127a37c6fda1969abe1f7004c343bee8fc4c265a83362,1.0,1.0.0,True,ok,
stage2-run,official,stage2,breast_cancer,svm_rbf,1,outliers+missing,2,2,0.9486486486486487,0.9532163742690059,0.0,398,171,"{""label_flipped"": 0, ""gaussian_cells"": 0, ""outlier_cells"": 597, ""missing_cells"": 2407, ""n_train"": 398, ""n_cells"": 11940}",2026-10-05T13:36:09.028729+00:00,bc936294060c9d60cc9127a37c6fda1969abe1f7004c343bee8fc4c265a83362,1.0,1.0.0,True,ok,
stage2-run,official,stage2,breast_cancer,decision_tree,1,outliers+missing,2,2,0.9443218407438225,0.9473684210526315,0.0,398,171,"{""label_flipped"": 0, ""gaussian_cells"": 0, ""outlier_cells"": 597, ""missing_cells"": 2407, ""n_train"": 398, ""n_cells"": 11940}",2026-10-05T13:36:09.028729+00:00,bc936294060c9d60cc9127a37c6fda1969abe1f7004c343bee8fc4c265a83362,1.0,1.0.0,True,ok,
stage2-run,official,stage2,breast_cancer,random_forest,1,outliers+missing,2,2,0.9439895185063871,0.9473684210526315,0.11447358131408691,398,171,"{""label_flipped"": 0, ""gaussian_cells"": 0, ""outlier_cells"": 597, ""missing_cells"": 2407, ""n_train"": 398, ""n_cells"": 11940}",2026-10-05T13:36:09.143203+00:00,bc936294060c9d60cc9127a37c6fda1969abe1f7004c343bee8fc4c265a83362,1.0,1.0.0,True,ok,
stage2-run,official,stage2,breast_cancer,logreg,1,outliers+missing,2,3,0.9362891207153503,0.9415204678362573,0.01694631576538086,398,171,"{""label_flipped"": 0, ""gaussian_cells"": 0, ""outlier_cells"": 1194, ""missing_cells"": 3631, ""n_train"": 398, ""n_cells"": 11940}",2026-10-05T13:36:09.160149+00:00,bc936294060c9d60cc9127a37c6fda1969abe1f7004c343bee8fc4c265a83362,1.0,1.0.0,True,ok,
stage2-run,official,stage2,breast_cancer,svm_rbf,1,outliers+missing,2,3,0.9223668280871671,0.9298245614035088,0.0,398,171,"{""label_flipped"": 0, ""gaussian_cells"": 0, ""outlier_cells"": 1194, ""missing_cells"": 3631, ""n_train"": 398, ""n_cells"": 11940}",2026-10-05T13:36:09.160149+00:00,bc936294060c9d60cc9127a37c6fda1969abe1f7004c343bee8fc4c265a83362,1.0,1.0.0,True,ok,
stage2-run,official,stage2,breast_cancer,decision_tree,1,outliers+missing,2,3,0.9204508856682769,0.9239766081871345,0.01880788803100586,398,171,"{""label_flipped"": 0, ""gaussian_cells"": 0, ""outlier_cells"": 1194, ""missing_cells"": 3631, ""n_train"": 398, ""n_cells"": 11940}",2026-10-05T13:36:09.178957+00:00,bc936294060c9d60cc9127a37c6fda1969abe1f7004c343bee8fc4c265a83362,1.0,1.0.0,True,ok,
stage2-run,official,stage2,breast_cancer,random_forest,1,outliers+missing,2,3,0.9379535558780843,0.9415204678362573,0.09931421279907227,398,171,"{""label_flipped"": 0, ""gaussian_cells"": 0, ""outlier_cells"": 1194, ""missing_cells"": 3631, ""n_train"": 398, ""n_cells"": 11940}",2026-10-05T13:36:09.278271+00:00,bc936294060c9d60cc9127a37c6fda1969abe1f7004c343bee8fc4c265a83362,1.0,1.0.0,True,ok,
stage2-run,official,stage2,breast_cancer,logreg,1,outliers+missing,2,4,0.9162301691977239,0.9239766081871345,0.0,398,171,"{""label_flipped"": 0, ""gaussian_cells"": 0, ""outlier_cells"": 1791, ""missing_cells"": 4712, ""n_train"": 398, ""n_cells"": 11940}",2026-10-05T13:36:09.294331+00:00,bc936294060c9d60cc9127a37c6fda1969abe1f7004c343bee8fc4c265a83362,1.0,1.0.0,True,ok,
stage2-run,official,stage2,breast_cancer,svm_rbf,1,outliers+missing,2,4,0.9235469448584203,0.9298245614035088,0.0,398,171,"{""label_flipped"": 0, ""gaussian_cells"": 0, ""outlier_cells"": 1791, ""missing_cells"": 4712, ""n_train"": 398, ""n_cells"": 11940}",2026-10-05T13:36:09.310062+00:00,bc936294060c9d60cc9127a37c6fda1969abe1f7004c343bee8fc4c265a83362,1.0,1.0.0,True,ok,
stage2-run,official,stage2,breast_cancer,decision_tree,1,outliers+missing,2,4,0.8734832790766499,0.8830409356725146,0.00471043586730957,398,171,"{""label_flipped"": 0, ""gaussian_cells"": 0, ""outlier_cells"": 1791, ""missing_cells"": 4712, ""n_train"": 398, ""n_cells"": 11940}",2026-10-05T13:36:09.314772+00:00,bc936294060c9d60cc9127a37c6fda1969abe1f7004c343bee8fc4c265a83362,1.0,1.0.0,True,ok,
stage2-run,official,stage2,breast_cancer,random_forest,1,outliers+missing,2,4,0.9379535558780843,0.9415204678362573,0.11355376243591309,398,171,"{""label_flipped"": 0, ""gaussian_cells"": 0, ""outlier_cells"": 1791, ""missing_cells"": 4712, ""n_train"": 398, ""n_cells"": 11940}",2026-10-05T13:36:09.428326+00:00,bc936294060c9d60cc9127a37c6fda1969abe1f7004c343bee8fc4c265a83362,1.0,1.0.0,True,ok,
stage2-run,official,stage2,breast_cancer,logreg,1,outliers+missing,2,5,0.9162301691977239,0.9239766081871345,0.0,398,171,"{""label_flipped"": 0, ""gaussian_cells"": 0, ""outlier_cells"": 2388, ""missing_cells"": 6080, ""n_train"": 398, ""n_cells"": 11940}",2026-10-05T13:36:09.444410+00:00,bc936294060c9d60cc9127a37c6fda1969abe1f7004c343bee8fc4c265a83362,1.0,1.0.0,True,ok,
stage2-run,official,stage2,breast_cancer,svm_rbf,1,outliers+missing,2,5,0.9217271895025938,0.9298245614035088,0.0,398,171,"{""label_flipped"": 0, ""gaussian_cells"": 0, ""outlier_cells"": 2388, ""missing_cells"": 6080, ""n_train"": 398, ""n_cells"": 11940}",2026-10-05T13:36:09.444410+00:00,bc936294060c9d60cc9127a37c6fda1969abe1f7004c343bee8fc4c265a83362,1.0,1.0.0,True,ok,
stage2-run,official,stage2,breast_cancer,decision_tree,1,outliers+missing,2,5,0.8599608331849742,0.8654970760233918,0.016045331954956055,398,171,"{""label_flipped"": 0, ""gaussian_cells"": 0, ""outlier_cells"": 2388, ""missing_cells"": 6080, ""n_train"": 398, ""n_cells"": 11940}",2026-10-05T13:36:09.460455+00:00,bc936294060c9d60cc9127a37c6fda1969abe1f7004c343bee8fc4c265a83362,1.0,1.0.0,True,ok,
stage2-run,official,stage2,breast_cancer,random_forest,1,outliers+missing,2,5,0.9362891207153503,0.9415204678362573,0.09963417053222656,398,171,"{""label_flipped"": 0, ""gaussian_cells"": 0, ""outlier_cells"": 2388, ""missing_cells"": 6080, ""n_train"": 398, ""n_cells"": 11940}",2026-10-05T13:36:09.560089+00:00,bc936294060c9d60cc9127a37c6fda1969abe1f7004c343bee8fc4c265a83362,1.0,1.0.0,True,ok,
stage2-run,official,stage2,breast_cancer,logreg,1,label+gaussian+outliers,3,1,0.9353056900726393,0.9415204678362573,0.0,398,171,"{""label_flipped"": 20, ""gaussian_cells"": 11940, ""outlier_cells"": 239, ""missing_cells"": 0, ""n_train"": 398, ""n_cells"": 11940}",2026-10-05T13:36:09.575761+00:00,bc936294060c9d60cc9127a37c6fda1969abe1f7004c343bee8fc4c265a83362,1.0,1.0.0,True,ok,
stage2-run,official,stage2,breast_cancer,svm_rbf,1,label+gaussian+outliers,3,1,0.9424479264051457,0.9473684210526315,0.0,398,171,"{""label_flipped"": 20, ""gaussian_cells"": 11940, ""outlier_cells"": 239, ""missing_cells"": 0, ""n_train"": 398, ""n_cells"": 11940}",2026-10-05T13:36:09.591484+00:00,bc936294060c9d60cc9127a37c6fda1969abe1f7004c343bee8fc4c265a83362,1.0,1.0.0,True,ok,
stage2-run,official,stage2,breast_cancer,decision_tree,1,label+gaussian+outliers,3,1,0.912037037037037,0.9181286549707602,0.0,398,171,"{""label_flipped"": 20, ""gaussian_cells"": 11940, ""outlier_cells"": 239, ""missing_cells"": 0, ""n_train"": 398, ""n_cells"": 11940}",2026-10-05T13:36:09.591484+00:00,bc936294060c9d60cc9127a37c6fda1969abe1f7004c343bee8fc4c265a83362,1.0,1.0.0,True,ok,
stage2-run,official,stage2,breast_cancer,random_forest,1,label+gaussian+outliers,3,1,0.9436366965757188,0.9473684210526315,0.1356806755065918,398,171,"{""label_flipped"": 20, ""gaussian_cells"": 11940, ""outlier_cells"": 239, ""missing_cells"": 0, ""n_train"": 398, ""n_cells"": 11940}",2026-10-05T13:36:09.743130+00:00,bc936294060c9d60cc9127a37c6fda1969abe1f7004c343bee8fc4c265a83362,1.0,1.0.0,True,ok,
stage2-run,official,stage2,breast_cancer,logreg,1,label+gaussian+outliers,3,2,0.9424479264051457,0.9473684210526315,0.0,398,171,"{""label_flipped"": 40, ""gaussian_cells"": 11940, ""outlier_cells"": 597, ""missing_cells"": 0, ""n_train"": 398, ""n_cells"": 11940}",2026-10-05T13:36:09.743130+00:00,bc936294060c9d60cc9127a37c6fda1969abe1f7004c343bee8fc4c265a83362,1.0,1.0.0,True,ok,
stage2-run,official,stage2,breast_cancer,svm_rbf,1,label+gaussian+outliers,3,2,0.9358108108108107,0.9415204678362573,0.0,398,171,"{""label_flipped"": 40, ""gaussian_cells"": 11940, ""outlier_cells"": 597, ""missing_cells"": 0, ""n_train"": 398, ""n_cells"": 11940}",2026-10-05T13:36:09.758840+00:00,bc936294060c9d60cc9127a37c6fda1969abe1f7004c343bee8fc4c265a83362,1.0,1.0.0,True,ok,
stage2-run,official,stage2,breast_cancer,decision_tree,1,label+gaussian+outliers,3,2,0.9060611609595313,0.9122807017543859,0.01566481590270996,398,171,"{""label_flipped"": 40, ""gaussian_cells"": 11940, ""outlier_cells"": 597, ""missing_cells"": 0, ""n_train"": 398, ""n_cells"": 11940}",2026-10-05T13:36:09.774505+00:00,bc936294060c9d60cc9127a37c6fda1969abe1f7004c343bee8fc4c265a83362,1.0,1.0.0,True,ok,
stage2-run,official,stage2,breast_cancer,random_forest,1,label+gaussian+outliers,3,2,0.9490312965722802,0.9532163742690059,0.14085721969604492,398,171,"{""label_flipped"": 40, ""gaussian_cells"": 11940, ""outlier_cells"": 597, ""missing_cells"": 0, ""n_train"": 398, ""n_cells"": 11940}",2026-10-05T13:36:09.915362+00:00,bc936294060c9d60cc9127a37c6fda1969abe1f7004c343bee8fc4c265a83362,1.0,1.0.0,True,ok,
stage2-run,official,stage2,breast_cancer,logreg,1,label+gaussian+outliers,3,3,0.89878662326132,0.9064327485380117,0.0060214996337890625,398,171,"{""label_flipped"": 80, ""gaussian_cells"": 11940, ""outlier_cells"": 1194, ""missing_cells"": 0, ""n_train"": 398, ""n_cells"": 11940}",2026-10-05T13:36:09.924927+00:00,bc936294060c9d60cc9127a37c6fda1969abe1f7004c343bee8fc4c265a83362,1.0,1.0.0,True,ok,
stage2-run,official,stage2,breast_cancer,svm_rbf,1,label+gaussian+outliers,3,3,0.8805124223602485,0.8947368421052632,0.0006434917449951172,398,171,"{""label_flipped"": 80, ""gaussian_cells"": 11940, ""outlier_cells"": 1194, ""missing_cells"": 0, ""n_train"": 398, ""n_cells"": 11940}",2026-10-05T13:36:09.927316+00:00,bc936294060c9d60cc9127a37c6fda1969abe1f7004c343bee8fc4c265a83362,1.0,1.0.0,True,ok,
stage2-run,official,stage2,breast_cancer,decision_tree,1,label+gaussian+outliers,3,3,0.8059170702179177,0.8245614035087719,0.015319108963012695,398,171,"{""label_flipped"": 80, ""gaussian_cells"": 11940, ""outlier_cells"": 1194, ""missing_cells"": 0, ""n_train"": 398, ""n_cells"": 11940}",2026-10-05T13:36:09.942635+00:00,bc936294060c9d60cc9127a37c6fda1969abe1f7004c343bee8fc4c265a83362,1.0,1.0.0,True,ok,
stage2-run,official,stage2,breast_cancer,random_forest,1,label+gaussian+outliers,3,3,0.9174741062479117,0.9239766081871345,0.13260889053344727,398,171,"{""label_flipped"": 80, ""gaussian_cells"": 11940, ""outlier_cells"": 1194, ""missing_cells"": 0, ""n_train"": 398, ""n_cells"": 11940}",2026-10-05T13:36:10.075244+00:00,bc936294060c9d60cc9127a37c6fda1969abe1f7004c343bee8fc4c265a83362,1.0,1.0.0,True,ok,
stage2-run,official,stage2,breast_cancer,logreg,1,label+gaussian+outliers,3,4,0.8904548366431775,0.9005847953216374,0.0,398,171,"{""label_flipped"": 119, ""gaussian_cells"": 11940, ""outlier_cells"": 1791, ""missing_cells"": 0, ""n_train"": 398, ""n_cells"": 11940}",2026-10-05T13:36:10.075244+00:00,bc936294060c9d60cc9127a37c6fda1969abe1f7004c343bee8fc4c265a83362,1.0,1.0.0,True,ok,
stage2-run,official,stage2,breast_cancer,svm_rbf,1,label+gaussian+outliers,3,4,0.875541084083509,0.8888888888888888,0.0160067081451416,398,171,"{""label_flipped"": 119, ""gaussian_cells"": 11940, ""outlier_cells"": 1791, ""missing_cells"": 0, ""n_train"": 398, ""n_cells"": 11940}",2026-10-05T13:36:10.091250+00:00,bc936294060c9d60cc9127a37c6fda1969abe1f7004c343bee8fc4c265a83362,1.0,1.0.0,True,ok,
stage2-run,official,stage2,breast_cancer,decision_tree,1,label+gaussian+outliers,3,4,0.6196182548794489,0.6374269005847953,0.016124486923217773,398,171,"{""label_flipped"": 119, ""gaussian_cells"": 11940, ""outlier_cells"": 1791, ""missing_cells"": 0, ""n_train"": 398, ""n_cells"": 11940}",2026-10-05T13:36:10.107375+00:00,bc936294060c9d60cc9127a37c6fda1969abe1f7004c343bee8fc4c265a83362,1.0,1.0.0,True,ok,
stage2-run,official,stage2,breast_cancer,random_forest,1,label+gaussian+outliers,3,4,0.8876608571318159,0.9005847953216374,0.13509440422058105,398,171,"{""label_flipped"": 119, ""gaussian_cells"": 11940, ""outlier_cells"": 1791, ""missing_cells"": 0, ""n_train"": 398, ""n_cells"": 11940}",2026-10-05T13:36:10.242469+00:00,bc936294060c9d60cc9127a37c6fda1969abe1f7004c343bee8fc4c265a83362,1.0,1.0.0,True,ok,
stage2-run,official,stage2,breast_cancer,logreg,1,label+gaussian+outliers,3,5,0.6251027678816115,0.6257309941520468,0.0,398,171,"{""label_flipped"": 159, ""gaussian_cells"": 11940, ""outlier_cells"": 2388, ""missing_cells"": 0, ""n_train"": 398, ""n_cells"": 11940}",2026-10-05T13:36:10.242469+00:00,bc936294060c9d60cc9127a37c6fda1969abe1f7004c343bee8fc4c265a83362,1.0,1.0.0,True,ok,
stage2-run,official,stage2,breast_cancer,svm_rbf,1,label+gaussian+outliers,3,5,0.7625422823571302,0.7719298245614035,0.015809297561645508,398,171,"{""label_flipped"": 159, ""gaussian_cells"": 11940, ""outlier_cells"": 2388, ""missing_cells"": 0, ""n_train"": 398, ""n_cells"": 11940}",2026-10-05T13:36:10.258278+00:00,bc936294060c9d60cc9127a37c6fda1969abe1f7004c343bee8fc4c265a83362,1.0,1.0.0,True,ok,
stage2-run,official,stage2,breast_cancer,decision_tree,1,label+gaussian+outliers,3,5,0.4559781000295946,0.49707602339181284,0.006552934646606445,398,171,"{""label_flipped"": 159, ""gaussian_cells"": 11940, ""outlier_cells"": 2388, ""missing_cells"": 0, ""n_train"": 398, ""n_cells"": 11940}",2026-10-05T13:36:10.276619+00:00,bc936294060c9d60cc9127a37c6fda1969abe1f7004c343bee8fc4c265a83362,1.0,1.0.0,True,ok,
stage2-run,official,stage2,breast_cancer,random_forest,1,label+gaussian+outliers,3,5,0.6129629629629629,0.6140350877192983,0.1372671127319336,398,171,"{""label_flipped"": 159, ""gaussian_cells"": 11940, ""outlier_cells"": 2388, ""missing_cells"": 0, ""n_train"": 398, ""n_cells"": 11940}",2026-10-05T13:36:10.416010+00:00,bc936294060c9d60cc9127a37c6fda1969abe1f7004c343bee8fc4c265a83362,1.0,1.0.0,True,ok,
stage2-run,official,stage2,breast_cancer,logreg,1,label+gaussian+missing,3,1,0.9420055017522704,0.9473684210526315,0.011520624160766602,398,171,"{""label_flipped"": 20, ""gaussian_cells"": 11940, ""outlier_cells"": 0, ""missing_cells"": 1247, ""n_train"": 398, ""n_cells"": 11940}",2026-10-05T13:36:10.427531+00:00,bc936294060c9d60cc9127a37c6fda1969abe1f7004c343bee8fc4c265a83362,1.0,1.0.0,True,ok,
stage2-run,official,stage2,breast_cancer,svm_rbf,1,label+gaussian+missing,3,1,0.9617734724292102,0.9649122807017544,0.0,398,171,"{""label_flipped"": 20, ""gaussian_cells"": 11940, ""outlier_cells"": 0, ""missing_cells"": 1247, ""n_train"": 398, ""n_cells"": 11940}",2026-10-05T13:36:10.427531+00:00,bc936294060c9d60cc9127a37c6fda1969abe1f7004c343bee8fc4c265a83362,1.0,1.0.0,True,ok,
stage2-run,official,stage2,breast_cancer,decision_tree,1,label+gaussian+missing,3,1,0.9007256894049347,0.9064327485380117,0.01570582389831543,398,171,"{""label_flipped"": 20, ""gaussian_cells"": 11940, ""outlier_cells"": 0, ""missing_cells"": 1247, ""n_train"": 398, ""n_cells"": 11940}",2026-10-05T13:36:10.443237+00:00,bc936294060c9d60cc9127a37c6fda1969abe1f7004c343bee8fc4c265a83362,1.0,1.0.0,True,ok,
stage2-run,official,stage2,breast_cancer,random_forest,1,label+gaussian+missing,3,1,0.9315427448411399,0.935672514619883,0.13196849822998047,398,171,"{""label_flipped"": 20, ""gaussian_cells"": 11940, ""outlier_cells"": 0, ""missing_cells"": 1247, ""n_train"": 398, ""n_cells"": 11940}",2026-10-05T13:36:10.575205+00:00,bc936294060c9d60cc9127a37c6fda1969abe1f7004c343bee8fc4c265a83362,1.0,1.0.0,True,ok,
stage2-run,official,stage2,breast_cancer,logreg,1,label+gaussian+missing,3,2,0.9424479264051457,0.9473684210526315,0.0,398,171,"{""label_flipped"": 40, ""gaussian_cells"": 11940, ""outlier_cells"": 0, ""missing_cells"": 2407, ""n_train"": 398, ""n_cells"": 11940}",2026-10-05T13:36:10.575205+00:00,bc936294060c9d60cc9127a37c6fda1969abe1f7004c343bee8fc4c265a83362,1.0,1.0.0,True,ok,
stage2-run,official,stage2,breast_cancer,svm_rbf,1,label+gaussian+missing,3,2,0.9493933116306599,0.9532163742690059,0.015880107879638672,398,171,"{""label_flipped"": 40, ""gaussian_cells"": 11940, ""outlier_cells"": 0, ""missing_cells"": 2407, ""n_train"": 398, ""n_cells"": 11940}",2026-10-05T13:36:10.591085+00:00,bc936294060c9d60cc9127a37c6fda1969abe1f7004c343bee8fc4c265a83362,1.0,1.0.0,True,ok,
stage2-run,official,stage2,breast_cancer,decision_tree,1,label+gaussian+missing,3,2,0.9180460829493088,0.9239766081871345,0.015935897827148438,398,171,"{""label_flipped"": 40, ""gaussian_cells"": 11940, ""outlier_cells"": 0, ""missing_cells"": 2407, ""n_train"": 398, ""n_cells"": 11940}",2026-10-05T13:36:10.607021+00:00,bc936294060c9d60cc9127a37c6fda1969abe1f7004c343bee8fc4c265a83362,1.0,1.0.0,True,ok,
stage2-run,official,stage2,breast_cancer,random_forest,1,label+gaussian+missing,3,2,0.942866688940862,0.9473684210526315,0.13564610481262207,398,171,"{""label_flipped"": 40, ""gaussian_cells"": 11940, ""outlier_cells"": 0, ""missing_cells"": 2407, ""n_train"": 398, ""n_cells"": 11940}",2026-10-05T13:36:10.742668+00:00,bc936294060c9d60cc9127a37c6fda1969abe1f7004c343bee8fc4c265a83362,1.0,1.0.0,True,ok,
stage2-run,official,stage2,breast_cancer,logreg,1,label+gaussian+missing,3,3,0.8954203691045797,0.9005847953216374,0.01574397087097168,398,171,"{""label_flipped"": 80, ""gaussian_cells"": 11940, ""outlier_cells"": 0, ""missing_cells"": 3631, ""n_train"": 398, ""n_cells"": 11940}",2026-10-05T13:36:10.758411+00:00,bc936294060c9d60cc9127a37c6fda1969abe1f7004c343bee8fc4c265a83362,1.0,1.0.0,True,ok,
stage2-run,official,stage2,breast_cancer,svm_rbf,1,label+gaussian+missing,3,3,0.8861349511689849,0.8947368421052632,0.0,398,171,"{""label_flipped"": 80, ""gaussian_cells"": 11940, ""outlier_cells"": 0, ""missing_cells"": 3631, ""n_train"": 398, ""n_cells"": 11940}",2026-10-05T13:36:10.758411+00:00,bc936294060c9d60cc9127a37c6fda1969abe1f7004c343bee8fc4c265a83362,1.0,1.0.0,True,ok,
stage2-run,official,stage2,breast_cancer,decision_tree,1,label+gaussian+missing,3,3,0.7642679900744417,0.7660818713450293,0.015987634658813477,398,171,"{""label_flipped"": 80, ""gaussian_cells"": 11940, ""outlier_cells"": 0, ""missing_cells"": 3631, ""n_train"": 398, ""n_cells"": 11940}",2026-10-05T13:36:10.774399+00:00,bc936294060c9d60cc9127a37c6fda1969abe1f7004c343bee8fc4c265a83362,1.0,1.0.0,True,ok,
stage2-run,official,stage2,breast_cancer,random_forest,1,label+gaussian+missing,3,3,0.8954203691045797,0.9005847953216374,0.14252161979675293,398,171,"{""label_flipped"": 80, ""gaussian_cells"": 11940, ""outlier_cells"": 0, ""missing_cells"": 3631, ""n_train"": 398, ""n_cells"": 11940}",2026-10-05T13:36:10.920959+00:00,bc936294060c9d60cc9127a37c6fda1969abe1f7004c343bee8fc4c265a83362,1.0,1.0.0,True,ok,
stage2-run,official,stage2,breast_cancer,logreg,1,label+gaussian+missing,3,4,0.9306543778801843,0.935672514619883,0.0069828033447265625,398,171,"{""label_flipped"": 119, ""gaussian_cells"": 11940, ""outlier_cells"": 0, ""missing_cells"": 4712, ""n_train"": 398, ""n_cells"": 11940}",2026-10-05T13:36:10.927942+00:00,bc936294060c9d60cc9127a37c6fda1969abe1f7004c343bee8fc4c265a83362,1.0,1.0.0,True,ok,
stage2-run,official,stage2,breast_cancer,svm_rbf,1,label+gaussian+missing,3,4,0.8956362526701251,0.9064327485380117,0.0,398,171,"{""label_flipped"": 119, ""gaussian_cells"": 11940, ""outlier_cells"": 0, ""missing_cells"": 4712, ""n_train"": 398, ""n_cells"": 11940}",2026-10-05T13:36:10.927942+00:00,bc936294060c9d60cc9127a37c6fda1969abe1f7004c343bee8fc4c265a83362,1.0,1.0.0,True,ok,
stage2-run,official,stage2,breast_cancer,decision_tree,1,label+gaussian+missing,3,4,0.7561984908022394,0.7602339181286549,0.0,398,171,"{""label_flipped"": 119, ""gaussian_cells"": 11940, ""outlier_cells"": 0, ""missing_cells"": 4712, ""n_train"": 398, ""n_cells"": 11940}",2026-10-05T13:36:10.943175+00:00,bc936294060c9d60cc9127a37c6fda1969abe1f7004c343bee8fc4c265a83362,1.0,1.0.0,True,ok,
stage2-run,official,stage2,breast_cancer,random_forest,1,label+gaussian+missing,3,4,0.8876608571318159,0.9005847953216374,0.1322951316833496,398,171,"{""label_flipped"": 119, ""gaussian_cells"": 11940, ""outlier_cells"": 0, ""missing_cells"": 4712, ""n_train"": 398, ""n_cells"": 11940}",2026-10-05T13:36:11.075470+00:00,bc936294060c9d60cc9127a37c6fda1969abe1f7004c343bee8fc4c265a83362,1.0,1.0.0,True,ok,
stage2-run,official,stage2,breast_cancer,logreg,1,label+gaussian+missing,3,5,0.7771604938271605,0.7777777777777778,0.015714168548583984,398,171,"{""label_flipped"": 159, ""gaussian_cells"": 11940, ""outlier_cells"": 0, ""missing_cells"": 6080, ""n_train"": 398, ""n_cells"": 11940}",2026-10-05T13:36:11.091185+00:00,bc936294060c9d60cc9127a37c6fda1969abe1f7004c343bee8fc4c265a83362,1.0,1.0.0,True,ok,
stage2-run,official,stage2,breast_cancer,svm_rbf,1,label+gaussian+missing,3,5,0.7485036084413585,0.7485380116959064,0.0,398,171,"{""label_flipped"": 159, ""gaussian_cells"": 11940, ""outlier_cells"": 0, ""missing_cells"": 6080, ""n_train"": 398, ""n_cells"": 11940}",2026-10-05T13:36:11.106892+00:00,bc936294060c9d60cc9127a37c6fda1969abe1f7004c343bee8fc4c265a83362,1.0,1.0.0,True,ok,
stage2-run,official,stage2,breast_cancer,decision_tree,1,label+gaussian+missing,3,5,0.8046830382638492,0.8128654970760234,0.010027647018432617,398,171,"{""label_flipped"": 159, ""gaussian_cells"": 11940, ""outlier_cells"": 0, ""missing_cells"": 6080, ""n_train"": 398, ""n_cells"": 11940}",2026-10-05T13:36:11.116920+00:00,bc936294060c9d60cc9127a37c6fda1969abe1f7004c343bee8fc4c265a83362,1.0,1.0.0,True,ok,
stage2-run,official,stage2,breast_cancer,random_forest,1,label+gaussian+missing,3,5,0.6607142857142857,0.6608187134502924,0.12499141693115234,398,171,"{""label_flipped"": 159, ""gaussian_cells"": 11940, ""outlier_cells"": 0, ""missing_cells"": 6080, ""n_train"": 398, ""n_cells"": 11940}",2026-10-05T13:36:11.241911+00:00,bc936294060c9d60cc9127a37c6fda1969abe1f7004c343bee8fc4c265a83362,1.0,1.0.0,True,ok,
stage2-run,official,stage2,breast_cancer,logreg,1,label+outliers+missing,3,1,0.9285470085470086,0.935672514619883,0.0,398,171,"{""label_flipped"": 20, ""gaussian_cells"": 0, ""outlier_cells"": 239, ""missing_cells"": 1247, ""n_train"": 398, ""n_cells"": 11940}",2026-10-05T13:36:11.258025+00:00,bc936294060c9d60cc9127a37c6fda1969abe1f7004c343bee8fc4c265a83362,1.0,1.0.0,True,ok,
stage2-run,official,stage2,breast_cancer,svm_rbf,1,label+outliers+missing,3,1,0.9493933116306599,0.9532163742690059,0.003436565399169922,398,171,"{""label_flipped"": 20, ""gaussian_cells"": 0, ""outlier_cells"": 239, ""missing_cells"": 1247, ""n_train"": 398, ""n_cells"": 11940}",2026-10-05T13:36:11.261461+00:00,bc936294060c9d60cc9127a37c6fda1969abe1f7004c343bee8fc4c265a83362,1.0,1.0.0,True,ok,
stage2-run,official,stage2,breast_cancer,decision_tree,1,label+outliers+missing,3,1,0.8617724867724867,0.8713450292397661,0.0,398,171,"{""label_flipped"": 20, ""gaussian_cells"": 0, ""outlier_cells"": 239, ""missing_cells"": 1247, ""n_train"": 398, ""n_cells"": 11940}",2026-10-05T13:36:11.261461+00:00,bc936294060c9d60cc9127a37c6fda1969abe1f7004c343bee8fc4c265a83362,1.0,1.0.0,True,ok,
stage2-run,official,stage2,breast_cancer,random_forest,1,label+outliers+missing,3,1,0.9443218407438225,0.9473684210526315,0.1165475845336914,398,171,"{""label_flipped"": 20, ""gaussian_cells"": 0, ""outlier_cells"": 239, ""missing_cells"": 1247, ""n_train"": 398, ""n_cells"": 11940}",2026-10-05T13:36:11.393962+00:00,bc936294060c9d60cc9127a37c6fda1969abe1f7004c343bee8fc4c265a83362,1.0,1.0.0,True,ok,
stage2-run,official,stage2,breast_cancer,logreg,1,label+outliers+missing,3,2,0.9306543778801843,0.935672514619883,0.0,398,171,"{""label_flipped"": 40, ""gaussian_cells"": 0, ""outlier_cells"": 597, ""missing_cells"": 2407, ""n_train"": 398, ""n_cells"": 11940}",2026-10-05T13:36:11.409683+00:00,bc936294060c9d60cc9127a37c6fda1969abe1f7004c343bee8fc4c265a83362,1.0,1.0.0,True,ok,
stage2-run,official,stage2,breast_cancer,svm_rbf,1,label+outliers+missing,3,2,0.9493933116306599,0.9532163742690059,0.0,398,171,"{""label_flipped"": 40, ""gaussian_cells"": 0, ""outlier_cells"": 597, ""missing_cells"": 2407, ""n_train"": 398, ""n_cells"": 11940}",2026-10-05T13:36:11.425794+00:00,bc936294060c9d60cc9127a37c6fda1969abe1f7004c343bee8fc4c265a83362,1.0,1.0.0,True,ok,
stage2-run,official,stage2,breast_cancer,decision_tree,1,label+outliers+missing,3,2,0.8159443168771527,0.8245614035087719,0.0,398,171,"{""label_flipped"": 40, ""gaussian_cells"": 0, ""outlier_cells"": 597, ""missing_cells"": 2407, ""n_train"": 398, ""n_cells"": 11940}",2026-10-05T13:36:11.425794+00:00,bc936294060c9d60cc9127a37c6fda1969abe1f7004c343bee8fc4c265a83362,1.0,1.0.0,True,ok,
stage2-run,official,stage2,breast_cancer,random_forest,1,label+outliers+missing,3,2,0.9379535558780843,0.9415204678362573,0.13423776626586914,398,171,"{""label_flipped"": 40, ""gaussian_cells"": 0, ""outlier_cells"": 597, ""missing_cells"": 2407, ""n_train"": 398, ""n_cells"": 11940}",2026-10-05T13:36:11.560032+00:00,bc936294060c9d60cc9127a37c6fda1969abe1f7004c343bee8fc4c265a83362,1.0,1.0.0,True,ok,
stage2-run,official,stage2,breast_cancer,logreg,1,label+outliers+missing,3,3,0.9174741062479117,0.9239766081871345,0.015671491622924805,398,171,"{""label_flipped"": 80, ""gaussian_cells"": 0, ""outlier_cells"": 1194, ""missing_cells"": 3631, ""n_train"": 398, ""n_cells"": 11940}",2026-10-05T13:36:11.575703+00:00,bc936294060c9d60cc9127a37c6fda1969abe1f7004c343bee8fc4c265a83362,1.0,1.0.0,True,ok,
stage2-run,official,stage2,breast_cancer,svm_rbf,1,label+outliers+missing,3,3,0.9047778149014367,0.9122807017543859,0.0,398,171,"{""label_flipped"": 80, ""gaussian_cells"": 0, ""outlier_cells"": 1194, ""missing_cells"": 3631, ""n_train"": 398, ""n_cells"": 11940}",2026-10-05T13:36:11.575703+00:00,bc936294060c9d60cc9127a37c6fda1969abe1f7004c343bee8fc4c265a83362,1.0,1.0.0,True,ok,
stage2-run,official,stage2,breast_cancer,decision_tree,1,label+outliers+missing,3,3,0.8319685555191614,0.8421052631578947,0.01603412628173828,398,171,"{""label_flipped"": 80, ""gaussian_cells"": 0, ""outlier_cells"": 1194, ""missing_cells"": 3631, ""n_train"": 398, ""n_cells"": 11940}",2026-10-05T13:36:11.591737+00:00,bc936294060c9d60cc9127a37c6fda1969abe1f7004c343bee8fc4c265a83362,1.0,1.0.0,True,ok,
stage2-run,official,stage2,breast_cancer,random_forest,1,label+outliers+missing,3,3,0.931948916464672,0.935672514619883,0.1259303092956543,398,171,"{""label_flipped"": 80, ""gaussian_cells"": 0, ""outlier_cells"": 1194, ""missing_cells"": 3631, ""n_train"": 398, ""n_cells"": 11940}",2026-10-05T13:36:11.717667+00:00,bc936294060c9d60cc9127a37c6fda1969abe1f7004c343bee8fc4c265a83362,1.0,1.0.0,True,ok,
stage2-run,official,stage2,breast_cancer,logreg,1,label+outliers+missing,3,4,0.9362891207153503,0.9415204678362573,0.009047985076904297,398,171,"{""label_flipped"": 119, ""gaussian_cells"": 0, ""outlier_cells"": 1791, ""missing_cells"": 4712, ""n_train"": 398, ""n_cells"": 11940}",2026-10-05T13:36:11.726715+00:00,bc936294060c9d60cc9127a37c6fda1969abe1f7004c343bee8fc4c265a83362,1.0,1.0.0,True,ok,
stage2-run,official,stage2,breast_cancer,svm_rbf,1,label+outliers+missing,3,4,0.9174741062479117,0.9239766081871345,0.0,398,171,"{""label_flipped"": 119, ""gaussian_cells"": 0, ""outlier_cells"": 1791, ""missing_cells"": 4712, ""n_train"": 398, ""n_cells"": 11940}",2026-10-05T13:36:11.726715+00:00,bc936294060c9d60cc9127a37c6fda1969abe1f7004c343bee8fc4c265a83362,1.0,1.0.0,True,ok,
stage2-run,official,stage2,breast_cancer,decision_tree,1,label+outliers+missing,3,4,0.6424495871283269,0.6549707602339181,0.0,398,171,"{""label_flipped"": 119, ""gaussian_cells"": 0, ""outlier_cells"": 1791, ""missing_cells"": 4712, ""n_train"": 398, ""n_cells"": 11940}",2026-10-05T13:36:11.742574+00:00,bc936294060c9d60cc9127a37c6fda1969abe1f7004c343bee8fc4c265a83362,1.0,1.0.0,True,ok,
stage2-run,official,stage2,breast_cancer,random_forest,1,label+outliers+missing,3,4,0.8954203691045797,0.9005847953216374,0.1196284294128418,398,171,"{""label_flipped"": 119, ""gaussian_cells"": 0, ""outlier_cells"": 1791, ""missing_cells"": 4712, ""n_train"": 398, ""n_cells"": 11940}",2026-10-05T13:36:11.877544+00:00,bc936294060c9d60cc9127a37c6fda1969abe1f7004c343bee8fc4c265a83362,1.0,1.0.0,True,ok,
stage2-run,official,stage2,breast_cancer,logreg,1,label+outliers+missing,3,5,0.8280572795672827,0.8304093567251462,0.0060749053955078125,398,171,"{""label_flipped"": 159, ""gaussian_cells"": 0, ""outlier_cells"": 2388, ""missing_cells"": 6080, ""n_train"": 398, ""n_cells"": 11940}",2026-10-05T13:36:11.883619+00:00,bc936294060c9d60cc9127a37c6fda1969abe1f7004c343bee8fc4c265a83362,1.0,1.0.0,True,ok,
stage2-run,official,stage2,breast_cancer,svm_rbf,1,label+outliers+missing,3,5,0.8599608331849742,0.8654970760233918,0.0,398,171,"{""label_flipped"": 159, ""gaussian_cells"": 0, ""outlier_cells"": 2388, ""missing_cells"": 6080, ""n_train"": 398, ""n_cells"": 11940}",2026-10-05T13:36:11.894299+00:00,bc936294060c9d60cc9127a37c6fda1969abe1f7004c343bee8fc4c265a83362,1.0,1.0.0,True,ok,
stage2-run,official,stage2,breast_cancer,decision_tree,1,label+outliers+missing,3,5,0.4401913875598086,0.4678362573099415,0.0,398,171,"{""label_flipped"": 159, ""gaussian_cells"": 0, ""outlier_cells"": 2388, ""missing_cells"": 6080, ""n_train"": 398, ""n_cells"": 11940}",2026-10-05T13:36:11.894299+00:00,bc936294060c9d60cc9127a37c6fda1969abe1f7004c343bee8fc4c265a83362,1.0,1.0.0,True,ok,
stage2-run,official,stage2,breast_cancer,random_forest,1,label+outliers+missing,3,5,0.8529224785909277,0.8654970760233918,0.12400984764099121,398,171,"{""label_flipped"": 159, ""gaussian_cells"": 0, ""outlier_cells"": 2388, ""missing_cells"": 6080, ""n_train"": 398, ""n_cells"": 11940}",2026-10-05T13:36:12.018308+00:00,bc936294060c9d60cc9127a37c6fda1969abe1f7004c343bee8fc4c265a83362,1.0,1.0.0,True,ok,
stage2-run,official,stage2,breast_cancer,logreg,1,gaussian+outliers+missing,3,1,0.9617734724292102,0.9649122807017544,0.010248899459838867,398,171,"{""label_flipped"": 0, ""gaussian_cells"": 11940, ""outlier_cells"": 239, ""missing_cells"": 1247, ""n_train"": 398, ""n_cells"": 11940}",2026-10-05T13:36:12.028557+00:00,bc936294060c9d60cc9127a37c6fda1969abe1f7004c343bee8fc4c265a83362,1.0,1.0.0,True,ok,
stage2-run,official,stage2,breast_cancer,svm_rbf,1,gaussian+outliers+missing,3,1,0.9486486486486487,0.9532163742690059,0.0,398,171,"{""label_flipped"": 0, ""gaussian_cells"": 11940, ""outlier_cells"": 239, ""missing_cells"": 1247, ""n_train"": 398, ""n_cells"": 11940}",2026-10-05T13:36:12.028557+00:00,bc936294060c9d60cc9127a37c6fda1969abe1f7004c343bee8fc4c265a83362,1.0,1.0.0,True,ok,
stage2-run,official,stage2,breast_cancer,decision_tree,1,gaussian+outliers+missing,3,1,0.9323308270676691,0.935672514619883,0.016218185424804688,398,171,"{""label_flipped"": 0, ""gaussian_cells"": 11940, ""outlier_cells"": 239, ""missing_cells"": 1247, ""n_train"": 398, ""n_cells"": 11940}",2026-10-05T13:36:12.044775+00:00,bc936294060c9d60cc9127a37c6fda1969abe1f7004c343bee8fc4c265a83362,1.0,1.0.0,True,ok,
stage2-run,official,stage2,breast_cancer,random_forest,1,gaussian+outliers+missing,3,1,0.9436366965757188,0.9473684210526315,0.11055493354797363,398,171,"{""label_flipped"": 0, ""gaussian_cells"": 11940, ""outlier_cells"": 239, ""missing_cells"": 1247, ""n_train"": 398, ""n_cells"": 11940}",2026-10-05T13:36:12.155330+00:00,bc936294060c9d60cc9127a37c6fda1969abe1f7004c343bee8fc4c265a83362,1.0,1.0.0,True,ok,
stage2-run,official,stage2,breast_cancer,logreg,1,gaussian+outliers+missing,3,2,0.9555629802873371,0.9590643274853801,0.0,398,171,"{""label_flipped"": 0, ""gaussian_cells"": 11940, ""outlier_cells"": 597, ""missing_cells"": 2407, ""n_train"": 398, ""n_cells"": 11940}",2026-10-05T13:36:12.155330+00:00,bc936294060c9d60cc9127a37c6fda1969abe1f7004c343bee8fc4c265a83362,1.0,1.0.0,True,ok,
stage2-run,official,stage2,breast_cancer,svm_rbf,1,gaussian+outliers+missing,3,2,0.9424479264051457,0.9473684210526315,0.0,398,171,"{""label_flipped"": 0, ""gaussian_cells"": 11940, ""outlier_cells"": 597, ""missing_cells"": 2407, ""n_train"": 398, ""n_cells"": 11940}",2026-10-05T13:36:12.178771+00:00,bc936294060c9d60cc9127a37c6fda1969abe1f7004c343bee8fc4c265a83362,1.0,1.0.0,True,ok,
stage2-run,official,stage2,breast_cancer,decision_tree,1,gaussian+outliers+missing,3,2,0.9301703975943869,0.935672514619883,0.0,398,171,"{""label_flipped"": 0, ""gaussian_cells"": 11940, ""outlier_cells"": 597, ""missing_cells"": 2407, ""n_train"": 398, ""n_cells"": 11940}",2026-10-05T13:36:12.178771+00:00,bc936294060c9d60cc9127a37c6fda1969abe1f7004c343bee8fc4c265a83362,1.0,1.0.0,True,ok,
stage2-run,official,stage2,breast_cancer,random_forest,1,gaussian+outliers+missing,3,2,0.9432626728110599,0.9473684210526315,0.11528706550598145,398,171,"{""label_flipped"": 0, ""gaussian_cells"": 11940, ""outlier_cells"": 597, ""missing_cells"": 2407, ""n_train"": 398, ""n_cells"": 11940}",2026-10-05T13:36:12.294058+00:00,bc936294060c9d60cc9127a37c6fda1969abe1f7004c343bee8fc4c265a83362,1.0,1.0.0,True,ok,
stage2-run,official,stage2,breast_cancer,logreg,1,gaussian+outliers+missing,3,3,0.942866688940862,0.9473684210526315,0.01604485511779785,398,171,"{""label_flipped"": 0, ""gaussian_cells"": 11940, ""outlier_cells"": 1194, ""missing_cells"": 3631, ""n_train"": 398, ""n_cells"": 11940}",2026-10-05T13:36:12.310103+00:00,bc936294060c9d60cc9127a37c6fda1969abe1f7004c343bee8fc4c265a83362,1.0,1.0.0,True,ok,
stage2-run,official,stage2,breast_cancer,svm_rbf,1,gaussian+outliers+missing,3,3,0.9291178354749972,0.935672514619883,0.008575201034545898,398,171,"{""label_flipped"": 0, ""gaussian_cells"": 11940, ""outlier_cells"": 1194, ""missing_cells"": 3631, ""n_train"": 398, ""n_cells"": 11940}",2026-10-05T13:36:12.318678+00:00,bc936294060c9d60cc9127a37c6fda1969abe1f7004c343bee8fc4c265a83362,1.0,1.0.0,True,ok,
stage2-run,official,stage2,breast_cancer,decision_tree,1,gaussian+outliers+missing,3,3,0.8447336561743342,0.8596491228070176,0.007519960403442383,398,171,"{""label_flipped"": 0, ""gaussian_cells"": 11940, ""outlier_cells"": 1194, ""missing_cells"": 3631, ""n_train"": 398, ""n_cells"": 11940}",2026-10-05T13:36:12.326198+00:00,bc936294060c9d60cc9127a37c6fda1969abe1f7004c343bee8fc4c265a83362,1.0,1.0.0,True,ok,
stage2-run,official,stage2,breast_cancer,random_forest,1,gaussian+outliers+missing,3,3,0.9223668280871671,0.9298245614035088,0.11309361457824707,398,171,"{""label_flipped"": 0, ""gaussian_cells"": 11940, ""outlier_cells"": 1194, ""missing_cells"": 3631, ""n_train"": 398, ""n_cells"": 11940}",2026-10-05T13:36:12.439292+00:00,bc936294060c9d60cc9127a37c6fda1969abe1f7004c343bee8fc4c265a83362,1.0,1.0.0,True,ok,
stage2-run,official,stage2,breast_cancer,logreg,1,gaussian+outliers+missing,3,4,0.9223668280871671,0.9298245614035088,0.0,398,171,"{""label_flipped"": 0, ""gaussian_cells"": 11940, ""outlier_cells"": 1791, ""missing_cells"": 4712, ""n_train"": 398, ""n_cells"": 11940}",2026-10-05T13:36:12.454980+00:00,bc936294060c9d60cc9127a37c6fda1969abe1f7004c343bee8fc4c265a83362,1.0,1.0.0,True,ok,
stage2-run,official,stage2,breast_cancer,svm_rbf,1,gaussian+outliers+missing,3,4,0.9291178354749972,0.935672514619883,0.0,398,171,"{""label_flipped"": 0, ""gaussian_cells"": 11940, ""outlier_cells"": 1791, ""missing_cells"": 4712, ""n_train"": 398, ""n_cells"": 11940}",2026-10-05T13:36:12.470922+00:00,bc936294060c9d60cc9127a37c6fda1969abe1f7004c343bee8fc4c265a83362,1.0,1.0.0,True,ok,
stage2-run,official,stage2,breast_cancer,decision_tree,1,gaussian+outliers+missing,3,4,0.8391849529780564,0.8596491228070176,0.007430553436279297,398,171,"{""label_flipped"": 0, ""gaussian_cells"": 11940, ""outlier_cells"": 1791, ""missing_cells"": 4712, ""n_train"": 398, ""n_cells"": 11940}",2026-10-05T13:36:12.478353+00:00,bc936294060c9d60cc9127a37c6fda1969abe1f7004c343bee8fc4c265a83362,1.0,1.0.0,True,ok,
stage2-run,official,stage2,breast_cancer,random_forest,1,gaussian+outliers+missing,3,4,0.9078947368421053,0.9181286549707602,0.1148219108581543,398,171,"{""label_flipped"": 0, ""gaussian_cells"": 11940, ""outlier_cells"": 1791, ""missing_cells"": 4712, ""n_train"": 398, ""n_cells"": 11940}",2026-10-05T13:36:12.593174+00:00,bc936294060c9d60cc9127a37c6fda1969abe1f7004c343bee8fc4c265a83362,1.0,1.0.0,True,ok,
stage2-run,official,stage2,breast_cancer,logreg,1,gaussian+outliers+missing,3,5,0.8886420226010343,0.9005847953216374,0.0,398,171,"{""label_flipped"": 0, ""gaussian_cells"": 11940, ""outlier_cells"": 2388, ""missing_cells"": 6080, ""n_train"": 398, ""n_cells"": 11940}",2026-10-05T13:36:12.593174+00:00,bc936294060c9d60cc9127a37c6fda1969abe1f7004c343bee8fc4c265a83362,1.0,1.0.0,True,ok,
stage2-run,official,stage2,breast_cancer,svm_rbf,1,gaussian+outliers+missing,3,5,0.8947368421052632,0.9064327485380117,0.01578998565673828,398,171,"{""label_flipped"": 0, ""gaussian_cells"": 11940, ""outlier_cells"": 2388, ""missing_cells"": 6080, ""n_train"": 398, ""n_cells"": 11940}",2026-10-05T13:36:12.608964+00:00,bc936294060c9d60cc9127a37c6fda1969abe1f7004c343bee8fc4c265a83362,1.0,1.0.0,True,ok,
stage2-run,official,stage2,breast_cancer,decision_tree,1,gaussian+outliers+missing,3,5,0.7904778575179415,0.7953216374269005,0.0,398,171,"{""label_flipped"": 0, ""gaussian_cells"": 11940, ""outlier_cells"": 2388, ""missing_cells"": 6080, ""n_train"": 398, ""n_cells"": 11940}",2026-10-05T13:36:12.624732+00:00,bc936294060c9d60cc9127a37c6fda1969abe1f7004c343bee8fc4c265a83362,1.0,1.0.0,True,ok,
stage2-run,official,stage2,breast_cancer,random_forest,1,gaussian+outliers+missing,3,5,0.8586053470882388,0.8771929824561403,0.10251164436340332,398,171,"{""label_flipped"": 0, ""gaussian_cells"": 11940, ""outlier_cells"": 2388, ""missing_cells"": 6080, ""n_train"": 398, ""n_cells"": 11940}",2026-10-05T13:36:12.727244+00:00,bc936294060c9d60cc9127a37c6fda1969abe1f7004c343bee8fc4c265a83362,1.0,1.0.0,True,ok,
stage2-run,official,stage2,breast_cancer,logreg,1,label+gaussian+outliers+missing,4,1,0.9285470085470086,0.935672514619883,0.0,398,171,"{""label_flipped"": 20, ""gaussian_cells"": 11940, ""outlier_cells"": 239, ""missing_cells"": 1247, ""n_train"": 398, ""n_cells"": 11940}",2026-10-05T13:36:12.742942+00:00,bc936294060c9d60cc9127a37c6fda1969abe1f7004c343bee8fc4c265a83362,1.0,1.0.0,True,ok,
stage2-run,official,stage2,breast_cancer,svm_rbf,1,label+gaussian+outliers+missing,4,1,0.9490312965722802,0.9532163742690059,0.0,398,171,"{""label_flipped"": 20, ""gaussian_cells"": 11940, ""outlier_cells"": 239, ""missing_cells"": 1247, ""n_train"": 398, ""n_cells"": 11940}",2026-10-05T13:36:12.742942+00:00,bc936294060c9d60cc9127a37c6fda1969abe1f7004c343bee8fc4c265a83362,1.0,1.0.0,True,ok,
stage2-run,official,stage2,breast_cancer,decision_tree,1,label+gaussian+outliers+missing,4,1,0.9141073478760047,0.9181286549707602,0.0,398,171,"{""label_flipped"": 20, ""gaussian_cells"": 11940, ""outlier_cells"": 239, ""missing_cells"": 1247, ""n_train"": 398, ""n_cells"": 11940}",2026-10-05T13:36:12.758915+00:00,bc936294060c9d60cc9127a37c6fda1969abe1f7004c343bee8fc4c265a83362,1.0,1.0.0,True,ok,
stage2-run,official,stage2,breast_cancer,random_forest,1,label+gaussian+outliers+missing,4,1,0.9375730140186915,0.9415204678362573,0.1346435546875,398,171,"{""label_flipped"": 20, ""gaussian_cells"": 11940, ""outlier_cells"": 239, ""missing_cells"": 1247, ""n_train"": 398, ""n_cells"": 11940}",2026-10-05T13:36:12.893559+00:00,bc936294060c9d60cc9127a37c6fda1969abe1f7004c343bee8fc4c265a83362,1.0,1.0.0,True,ok,
stage2-run,official,stage2,breast_cancer,logreg,1,label+gaussian+outliers+missing,4,2,0.936741639538325,0.9415204678362573,0.0,398,171,"{""label_flipped"": 40, ""gaussian_cells"": 11940, ""outlier_cells"": 597, ""missing_cells"": 2407, ""n_train"": 398, ""n_cells"": 11940}",2026-10-05T13:36:12.893559+00:00,bc936294060c9d60cc9127a37c6fda1969abe1f7004c343bee8fc4c265a83362,1.0,1.0.0,True,ok,
stage2-run,official,stage2,breast_cancer,svm_rbf,1,label+gaussian+outliers+missing,4,2,0.9358108108108107,0.9415204678362573,0.003279447555541992,398,171,"{""label_flipped"": 40, ""gaussian_cells"": 11940, ""outlier_cells"": 597, ""missing_cells"": 2407, ""n_train"": 398, ""n_cells"": 11940}",2026-10-05T13:36:12.911372+00:00,bc936294060c9d60cc9127a37c6fda1969abe1f7004c343bee8fc4c265a83362,1.0,1.0.0,True,ok,
stage2-run,official,stage2,breast_cancer,decision_tree,1,label+gaussian+outliers+missing,4,2,0.9168692270296548,0.9239766081871345,0.007608175277709961,398,171,"{""label_flipped"": 40, ""gaussian_cells"": 11940, ""outlier_cells"": 597, ""missing_cells"": 2407, ""n_train"": 398, ""n_cells"": 11940}",2026-10-05T13:36:12.928134+00:00,bc936294060c9d60cc9127a37c6fda1969abe1f7004c343bee8fc4c265a83362,1.0,1.0.0,True,ok,
stage2-run,official,stage2,breast_cancer,random_forest,1,label+gaussian+outliers+missing,4,2,0.936741639538325,0.9415204678362573,0.13169097900390625,398,171,"{""label_flipped"": 40, ""gaussian_cells"": 11940, ""outlier_cells"": 597, ""missing_cells"": 2407, ""n_train"": 398, ""n_cells"": 11940}",2026-10-05T13:36:13.059825+00:00,bc936294060c9d60cc9127a37c6fda1969abe1f7004c343bee8fc4c265a83362,1.0,1.0.0,True,ok,
stage2-run,official,stage2,breast_cancer,logreg,1,label+gaussian+outliers+missing,4,3,0.911438295353655,0.9181286549707602,0.015683650970458984,398,171,"{""label_flipped"": 80, ""gaussian_cells"": 11940, ""outlier_cells"": 1194, ""missing_cells"": 3631, ""n_train"": 398, ""n_cells"": 11940}",2026-10-05T13:36:13.075508+00:00,bc936294060c9d60cc9127a37c6fda1969abe1f7004c343bee8fc4c265a83362,1.0,1.0.0,True,ok,
stage2-run,official,stage2,breast_cancer,svm_rbf,1,label+gaussian+outliers+missing,4,3,0.891290527654164,0.9005847953216374,0.0,398,171,"{""label_flipped"": 80, ""gaussian_cells"": 11940, ""outlier_cells"": 1194, ""missing_cells"": 3631, ""n_train"": 398, ""n_cells"": 11940}",2026-10-05T13:36:13.075508+00:00,bc936294060c9d60cc9127a37c6fda1969abe1f7004c343bee8fc4c265a83362,1.0,1.0.0,True,ok,
stage2-run,official,stage2,breast_cancer,decision_tree,1,label+gaussian+outliers+missing,4,3,0.8121345288301378,0.8187134502923976,0.015894651412963867,398,171,"{""label_flipped"": 80, ""gaussian_cells"": 11940, ""outlier_cells"": 1194, ""missing_cells"": 3631, ""n_train"": 398, ""n_cells"": 11940}",2026-10-05T13:36:13.091403+00:00,bc936294060c9d60cc9127a37c6fda1969abe1f7004c343bee8fc4c265a83362,1.0,1.0.0,True,ok,
stage2-run,official,stage2,breast_cancer,random_forest,1,label+gaussian+outliers+missing,4,3,0.893535982420802,0.9005847953216374,0.13525390625,398,171,"{""label_flipped"": 80, ""gaussian_cells"": 11940, ""outlier_cells"": 1194, ""missing_cells"": 3631, ""n_train"": 398, ""n_cells"": 11940}",2026-10-05T13:36:13.226657+00:00,bc936294060c9d60cc9127a37c6fda1969abe1f7004c343bee8fc4c265a83362,1.0,1.0.0,True,ok,
stage2-run,official,stage2,breast_cancer,logreg,1,label+gaussian+outliers+missing,4,4,0.9424479264051457,0.9473684210526315,0.0,398,171,"{""label_flipped"": 119, ""gaussian_cells"": 11940, ""outlier_cells"": 1791, ""missing_cells"": 4712, ""n_train"": 398, ""n_cells"": 11940}",2026-10-05T13:36:13.242353+00:00,bc936294060c9d60cc9127a37c6fda1969abe1f7004c343bee8fc4c265a83362,1.0,1.0.0,True,ok,
stage2-run,official,stage2,breast_cancer,svm_rbf,1,label+gaussian+outliers+missing,4,4,0.9162301691977239,0.9239766081871345,0.002367258071899414,398,171,"{""label_flipped"": 119, ""gaussian_cells"": 11940, ""outlier_cells"": 1791, ""missing_cells"": 4712, ""n_train"": 398, ""n_cells"": 11940}",2026-10-05T13:36:13.244721+00:00,bc936294060c9d60cc9127a37c6fda1969abe1f7004c343bee8fc4c265a83362,1.0,1.0.0,True,ok,
stage2-run,official,stage2,breast_cancer,decision_tree,1,label+gaussian+outliers+missing,4,4,0.7989811912225706,0.8245614035087719,0.016060352325439453,398,171,"{""label_flipped"": 119, ""gaussian_cells"": 11940, ""outlier_cells"": 1791, ""missing_cells"": 4712, ""n_train"": 398, ""n_cells"": 11940}",2026-10-05T13:36:13.260781+00:00,bc936294060c9d60cc9127a37c6fda1969abe1f7004c343bee8fc4c265a83362,1.0,1.0.0,True,ok,
stage2-run,official,stage2,breast_cancer,random_forest,1,label+gaussian+outliers+missing,4,4,0.8552631578947368,0.8713450292397661,0.13281893730163574,398,171,"{""label_flipped"": 119, ""gaussian_cells"": 11940, ""outlier_cells"": 1791, ""missing_cells"": 4712, ""n_train"": 398, ""n_cells"": 11940}",2026-10-05T13:36:13.393600+00:00,bc936294060c9d60cc9127a37c6fda1969abe1f7004c343bee8fc4c265a83362,1.0,1.0.0,True,ok,
stage2-run,official,stage2,breast_cancer,logreg,1,label+gaussian+outliers+missing,4,5,0.670610897083104,0.672514619883041,0.0,398,171,"{""label_flipped"": 159, ""gaussian_cells"": 11940, ""outlier_cells"": 2388, ""missing_cells"": 6080, ""n_train"": 398, ""n_cells"": 11940}",2026-10-05T13:36:13.409263+00:00,bc936294060c9d60cc9127a37c6fda1969abe1f7004c343bee8fc4c265a83362,1.0,1.0.0,True,ok,
stage2-run,official,stage2,breast_cancer,svm_rbf,1,label+gaussian+outliers+missing,4,5,0.6950617283950618,0.695906432748538,0.0,398,171,"{""label_flipped"": 159, ""gaussian_cells"": 11940, ""outlier_cells"": 2388, ""missing_cells"": 6080, ""n_train"": 398, ""n_cells"": 11940}",2026-10-05T13:36:13.419753+00:00,bc936294060c9d60cc9127a37c6fda1969abe1f7004c343bee8fc4c265a83362,1.0,1.0.0,True,ok,
stage2-run,official,stage2,breast_cancer,decision_tree,1,label+gaussian+outliers+missing,4,5,0.4388694823753573,0.45614035087719296,0.007517576217651367,398,171,"{""label_flipped"": 159, ""gaussian_cells"": 11940, ""outlier_cells"": 2388, ""missing_cells"": 6080, ""n_train"": 398, ""n_cells"": 11940}",2026-10-05T13:36:13.427270+00:00,bc936294060c9d60cc9127a37c6fda1969abe1f7004c343bee8fc4c265a83362,1.0,1.0.0,True,ok,
stage2-run,official,stage2,breast_cancer,random_forest,1,label+gaussian+outliers+missing,4,5,0.6313772455089821,0.631578947368421,0.11687731742858887,398,171,"{""label_flipped"": 159, ""gaussian_cells"": 11940, ""outlier_cells"": 2388, ""missing_cells"": 6080, ""n_train"": 398, ""n_cells"": 11940}",2026-10-05T13:36:13.544148+00:00,bc936294060c9d60cc9127a37c6fda1969abe1f7004c343bee8fc4c265a83362,1.0,1.0.0,True,ok,
stage2-run,official,stage2,breast_cancer,logreg,2,clean,0,0,0.962044983722995,0.9649122807017544,0.0,398,171,{},2026-10-05T13:36:13.544148+00:00,bc936294060c9d60cc9127a37c6fda1969abe1f7004c343bee8fc4c265a83362,1.0,1.0.0,True,ok,
stage2-run,official,stage2,breast_cancer,svm_rbf,2,clean,0,0,0.962044983722995,0.9649122807017544,0.0,398,171,{},2026-10-05T13:36:13.559904+00:00,bc936294060c9d60cc9127a37c6fda1969abe1f7004c343bee8fc4c265a83362,1.0,1.0.0,True,ok,
stage2-run,official,stage2,breast_cancer,decision_tree,2,clean,0,0,0.9301703975943869,0.935672514619883,0.0,398,171,{},2026-10-05T13:36:13.559904+00:00,bc936294060c9d60cc9127a37c6fda1969abe1f7004c343bee8fc4c265a83362,1.0,1.0.0,True,ok,
stage2-run,official,stage2,breast_cancer,random_forest,2,clean,0,0,0.9617734724292102,0.9649122807017544,0.11903786659240723,398,171,{},2026-10-05T13:36:13.678941+00:00,bc936294060c9d60cc9127a37c6fda1969abe1f7004c343bee8fc4c265a83362,1.0,1.0.0,True,ok,
stage2-run,official,stage2,breast_cancer,logreg,2,label,1,1,0.9424479264051457,0.9473684210526315,0.0,398,171,"{""label_flipped"": 20, ""gaussian_cells"": 0, ""outlier_cells"": 0, ""missing_cells"": 0, ""n_train"": 398, ""n_cells"": 11940}",2026-10-05T13:36:13.695308+00:00,bc936294060c9d60cc9127a37c6fda1969abe1f7004c343bee8fc4c265a83362,1.0,1.0.0,True,ok,
stage2-run,official,stage2,breast_cancer,svm_rbf,2,label,1,1,0.9617734724292102,0.9649122807017544,0.0,398,171,"{""label_flipped"": 20, ""gaussian_cells"": 0, ""outlier_cells"": 0, ""missing_cells"": 0, ""n_train"": 398, ""n_cells"": 11940}",2026-10-05T13:36:13.695308+00:00,bc936294060c9d60cc9127a37c6fda1969abe1f7004c343bee8fc4c265a83362,1.0,1.0.0,True,ok,
stage2-run,official,stage2,breast_cancer,decision_tree,2,label,1,1,0.8396103896103896,0.847953216374269,0.015181303024291992,398,171,"{""label_flipped"": 20, ""gaussian_cells"": 0, ""outlier_cells"": 0, ""missing_cells"": 0, ""n_train"": 398, ""n_cells"": 11940}",2026-10-05T13:36:13.710489+00:00,bc936294060c9d60cc9127a37c6fda1969abe1f7004c343bee8fc4c265a83362,1.0,1.0.0,True,ok,
stage2-run,official,stage2,breast_cancer,random_forest,2,label,1,1,0.9420055017522704,0.9473684210526315,0.13512945175170898,398,171,"{""label_flipped"": 20, ""gaussian_cells"": 0, ""outlier_cells"": 0, ""missing_cells"": 0, ""n_train"": 398, ""n_cells"": 11940}",2026-10-05T13:36:13.845618+00:00,bc936294060c9d60cc9127a37c6fda1969abe1f7004c343bee8fc4c265a83362,1.0,1.0.0,True,ok,
stage2-run,official,stage2,breast_cancer,logreg,2,label,1,2,0.9371693121693121,0.9415204678362573,0.0,398,171,"{""label_flipped"": 40, ""gaussian_cells"": 0, ""outlier_cells"": 0, ""missing_cells"": 0, ""n_train"": 398, ""n_cells"": 11940}",2026-10-05T13:36:13.845618+00:00,bc936294060c9d60cc9127a37c6fda1969abe1f7004c343bee8fc4c265a83362,1.0,1.0.0,True,ok,
stage2-run,official,stage2,breast_cancer,svm_rbf,2,label,1,2,0.9682592716338122,0.9707602339181286,0.0,398,171,"{""label_flipped"": 40, ""gaussian_cells"": 0, ""outlier_cells"": 0, ""missing_cells"": 0, ""n_train"": 398, ""n_cells"": 11940}",2026-10-05T13:36:13.861823+00:00,bc936294060c9d60cc9127a37c6fda1969abe1f7004c343bee8fc4c265a83362,1.0,1.0.0,True,ok,
stage2-run,official,stage2,breast_cancer,decision_tree,2,label,1,2,0.8092959671907041,0.8187134502923976,0.015396595001220703,398,171,"{""label_flipped"": 40, ""gaussian_cells"": 0, ""outlier_cells"": 0, ""missing_cells"": 0, ""n_train"": 398, ""n_cells"": 11940}",2026-10-05T13:36:13.877220+00:00,bc936294060c9d60cc9127a37c6fda1969abe1f7004c343bee8fc4c265a83362,1.0,1.0.0,True,ok,
stage2-run,official,stage2,breast_cancer,random_forest,2,label,1,2,0.9486486486486487,0.9532163742690059,0.1350090503692627,398,171,"{""label_flipped"": 40, ""gaussian_cells"": 0, ""outlier_cells"": 0, ""missing_cells"": 0, ""n_train"": 398, ""n_cells"": 11940}",2026-10-05T13:36:14.012229+00:00,bc936294060c9d60cc9127a37c6fda1969abe1f7004c343bee8fc4c265a83362,1.0,1.0.0,True,ok,
stage2-run,official,stage2,breast_cancer,logreg,2,label,1,3,0.9623015873015872,0.9649122807017544,0.007817268371582031,398,171,"{""label_flipped"": 80, ""gaussian_cells"": 0, ""outlier_cells"": 0, ""missing_cells"": 0, ""n_train"": 398, ""n_cells"": 11940}",2026-10-05T13:36:14.028527+00:00,bc936294060c9d60cc9127a37c6fda1969abe1f7004c343bee8fc4c265a83362,1.0,1.0.0,True,ok,
stage2-run,official,stage2,breast_cancer,svm_rbf,2,label,1,3,0.9617734724292102,0.9649122807017544,0.0,398,171,"{""label_flipped"": 80, ""gaussian_cells"": 0, ""outlier_cells"": 0, ""missing_cells"": 0, ""n_train"": 398, ""n_cells"": 11940}",2026-10-05T13:36:14.028527+00:00,bc936294060c9d60cc9127a37c6fda1969abe1f7004c343bee8fc4c265a83362,1.0,1.0.0,True,ok,
stage2-run,official,stage2,breast_cancer,decision_tree,2,label,1,3,0.7327365728900256,0.7426900584795322,0.015327692031860352,398,171,"{""label_flipped"": 80, ""gaussian_cells"": 0, ""outlier_cells"": 0, ""missing_cells"": 0, ""n_train"": 398, ""n_cells"": 11940}",2026-10-05T13:36:14.043855+00:00,bc936294060c9d60cc9127a37c6fda1969abe1f7004c343bee8fc4c265a83362,1.0,1.0.0,True,ok,
stage2-run,official,stage2,breast_cancer,random_forest,2,label,1,3,0.968479262672811,0.9707602339181286,0.1518101692199707,398,171,"{""label_flipped"": 80, ""gaussian_cells"": 0, ""outlier_cells"": 0, ""missing_cells"": 0, ""n_train"": 398, ""n_cells"": 11940}",2026-10-05T13:36:14.195666+00:00,bc936294060c9d60cc9127a37c6fda1969abe1f7004c343bee8fc4c265a83362,1.0,1.0.0,True,ok,
stage2-run,official,stage2,breast_cancer,logreg,2,label,1,4,0.8775671703659043,0.8888888888888888,0.014873504638671875,398,171,"{""label_flipped"": 119, ""gaussian_cells"": 0, ""outlier_cells"": 0, ""missing_cells"": 0, ""n_train"": 398, ""n_cells"": 11940}",2026-10-05T13:36:14.210539+00:00,bc936294060c9d60cc9127a37c6fda1969abe1f7004c343bee8fc4c265a83362,1.0,1.0.0,True,ok,
stage2-run,official,stage2,breast_cancer,svm_rbf,2,label,1,4,0.9086817210863595,0.9181286549707602,0.010600805282592773,398,171,"{""label_flipped"": 119, ""gaussian_cells"": 0, ""outlier_cells"": 0, ""missing_cells"": 0, ""n_train"": 398, ""n_cells"": 11940}",2026-10-05T13:36:14.226181+00:00,bc936294060c9d60cc9127a37c6fda1969abe1f7004c343bee8fc4c265a83362,1.0,1.0.0,True,ok,
stage2-run,official,stage2,breast_cancer,decision_tree,2,label,1,4,0.6921052631578948,0.695906432748538,0.0,398,171,"{""label_flipped"": 119, ""gaussian_cells"": 0, ""outlier_cells"": 0, ""missing_cells"": 0, ""n_train"": 398, ""n_cells"": 11940}",2026-10-05T13:36:14.226181+00:00,bc936294060c9d60cc9127a37c6fda1969abe1f7004c343bee8fc4c265a83362,1.0,1.0.0,True,ok,
stage2-run,official,stage2,breast_cancer,random_forest,2,label,1,4,0.8559604468046145,0.8654970760233918,0.15107011795043945,398,171,"{""label_flipped"": 119, ""gaussian_cells"": 0, ""outlier_cells"": 0, ""missing_cells"": 0, ""n_train"": 398, ""n_cells"": 11940}",2026-10-05T13:36:14.377251+00:00,bc936294060c9d60cc9127a37c6fda1969abe1f7004c343bee8fc4c265a83362,1.0,1.0.0,True,ok,
stage2-run,official,stage2,breast_cancer,logreg,2,label,1,5,0.7075008188666885,0.7251461988304093,0.015700340270996094,398,171,"{""label_flipped"": 159, ""gaussian_cells"": 0, ""outlier_cells"": 0, ""missing_cells"": 0, ""n_train"": 398, ""n_cells"": 11940}",2026-10-05T13:36:14.392951+00:00,bc936294060c9d60cc9127a37c6fda1969abe1f7004c343bee8fc4c265a83362,1.0,1.0.0,True,ok,
stage2-run,official,stage2,breast_cancer,svm_rbf,2,label,1,5,0.8341952165481578,0.8596491228070176,0.01839590072631836,398,171,"{""label_flipped"": 159, ""gaussian_cells"": 0, ""outlier_cells"": 0, ""missing_cells"": 0, ""n_train"": 398, ""n_cells"": 11940}",2026-10-05T13:36:14.411347+00:00,bc936294060c9d60cc9127a37c6fda1969abe1f7004c343bee8fc4c265a83362,1.0,1.0.0,True,ok,
stage2-run,official,stage2,breast_cancer,decision_tree,2,label,1,5,0.5629966742517066,0.5730994152046783,0.016002893447875977,398,171,"{""label_flipped"": 159, ""gaussian_cells"": 0, ""outlier_cells"": 0, ""missing_cells"": 0, ""n_train"": 398, ""n_cells"": 11940}",2026-10-05T13:36:14.427350+00:00,bc936294060c9d60cc9127a37c6fda1969abe1f7004c343bee8fc4c265a83362,1.0,1.0.0,True,ok,
stage2-run,official,stage2,breast_cancer,random_forest,2,label,1,5,0.7339821279982635,0.7485380116959064,0.1489572525024414,398,171,"{""label_flipped"": 159, ""gaussian_cells"": 0, ""outlier_cells"": 0, ""missing_cells"": 0, ""n_train"": 398, ""n_cells"": 11940}",2026-10-05T13:36:14.576307+00:00,bc936294060c9d60cc9127a37c6fda1969abe1f7004c343bee8fc4c265a83362,1.0,1.0.0,True,ok,
stage2-run,official,stage2,breast_cancer,logreg,2,gaussian,1,1,0.9617734724292102,0.9649122807017544,0.0026972293853759766,398,171,"{""label_flipped"": 0, ""gaussian_cells"": 11940, ""outlier_cells"": 0, ""missing_cells"": 0, ""n_train"": 398, ""n_cells"": 11940}",2026-10-05T13:36:14.594690+00:00,bc936294060c9d60cc9127a37c6fda1969abe1f7004c343bee8fc4c265a83362,1.0,1.0.0,True,ok,
stage2-run,official,stage2,breast_cancer,svm_rbf,2,gaussian,1,1,0.962044983722995,0.9649122807017544,0.0,398,171,"{""label_flipped"": 0, ""gaussian_cells"": 11940, ""outlier_cells"": 0, ""missing_cells"": 0, ""n_train"": 398, ""n_cells"": 11940}",2026-10-05T13:36:14.594690+00:00,bc936294060c9d60cc9127a37c6fda1969abe1f7004c343bee8fc4c265a83362,1.0,1.0.0,True,ok,
stage2-run,official,stage2,breast_cancer,decision_tree,2,gaussian,1,1,0.9500584112149533,0.9532163742690059,0.016011714935302734,398,171,"{""label_flipped"": 0, ""gaussian_cells"": 11940, ""outlier_cells"": 0, ""missing_cells"": 0, ""n_train"": 398, ""n_cells"": 11940}",2026-10-05T13:36:14.610702+00:00,bc936294060c9d60cc9127a37c6fda1969abe1f7004c343bee8fc4c265a83362,1.0,1.0.0,True,ok,
stage2-run,official,stage2,breast_cancer,random_forest,2,gaussian,1,1,0.9420055017522704,0.9473684210526315,0.11702156066894531,398,171,"{""label_flipped"": 0, ""gaussian_cells"": 11940, ""outlier_cells"": 0, ""missing_cells"": 0, ""n_train"": 398, ""n_cells"": 11940}",2026-10-05T13:36:14.730750+00:00,bc936294060c9d60cc9127a37c6fda1969abe1f7004c343bee8fc4c265a83362,1.0,1.0.0,True,ok,
stage2-run,official,stage2,breast_cancer,logreg,2,gaussian,1,2,0.962044983722995,0.9649122807017544,0.004494905471801758,398,171,"{""label_flipped"": 0, ""gaussian_cells"": 11940, ""outlier_cells"": 0, ""missing_cells"": 0, ""n_train"": 398, ""n_cells"": 11940}",2026-10-05T13:36:14.738442+00:00,bc936294060c9d60cc9127a37c6fda1969abe1f7004c343bee8fc4c265a83362,1.0,1.0.0,True,ok,
stage2-run,official,stage2,breast_cancer,svm_rbf,2,gaussian,1,2,0.9617734724292102,0.9649122807017544,0.0030794143676757812,398,171,"{""label_flipped"": 0, ""gaussian_cells"": 11940, ""outlier_cells"": 0, ""missing_cells"": 0, ""n_train"": 398, ""n_cells"": 11940}",2026-10-05T13:36:14.745548+00:00,bc936294060c9d60cc9127a37c6fda1969abe1f7004c343bee8fc4c265a83362,1.0,1.0.0,True,ok,
stage2-run,official,stage2,breast_cancer,decision_tree,2,gaussian,1,2,0.9246031746031746,0.9298245614035088,0.008198738098144531,398,171,"{""label_flipped"": 0, ""gaussian_cells"": 11940, ""outlier_cells"": 0, ""missing_cells"": 0, ""n_train"": 398, ""n_cells"": 11940}",2026-10-05T13:36:14.756054+00:00,bc936294060c9d60cc9127a37c6fda1969abe1f7004c343bee8fc4c265a83362,1.0,1.0.0,True,ok,
stage2-run,official,stage2,breast_cancer,random_forest,2,gaussian,1,2,0.9353056900726393,0.9415204678362573,0.12012767791748047,398,171,"{""label_flipped"": 0, ""gaussian_cells"": 11940, ""outlier_cells"": 0, ""missing_cells"": 0, ""n_train"": 398, ""n_cells"": 11940}",2026-10-05T13:36:14.884782+00:00,bc936294060c9d60cc9127a37c6fda1969abe1f7004c343bee8fc4c265a83362,1.0,1.0.0,True,ok,
stage2-run,official,stage2,breast_cancer,logreg,2,gaussian,1,3,0.9552372760928911,0.9590643274853801,0.0,398,171,"{""label_flipped"": 0, ""gaussian_cells"": 11940, ""outlier_cells"": 0, ""missing_cells"": 0, ""n_train"": 398, ""n_cells"": 11940}",2026-10-05T13:36:14.884782+00:00,bc936294060c9d60cc9127a37c6fda1969abe1f7004c343bee8fc4c265a83362,1.0,1.0.0,True,ok,
stage2-run,official,stage2,breast_cancer,svm_rbf,2,gaussian,1,3,0.9420055017522704,0.9473684210526315,0.0,398,171,"{""label_flipped"": 0, ""gaussian_cells"": 11940, ""outlier_cells"": 0, ""missing_cells"": 0, ""n_train"": 398, ""n_cells"": 11940}",2026-10-05T13:36:14.894822+00:00,bc936294060c9d60cc9127a37c6fda1969abe1f7004c343bee8fc4c265a83362,1.0,1.0.0,True,ok,
stage2-run,official,stage2,breast_cancer,decision_tree,2,gaussian,1,3,0.8419529837251356,0.8654970760233918,0.013014078140258789,398,171,"{""label_flipped"": 0, ""gaussian_cells"": 11940, ""outlier_cells"": 0, ""missing_cells"": 0, ""n_train"": 398, ""n_cells"": 11940}",2026-10-05T13:36:14.910962+00:00,bc936294060c9d60cc9127a37c6fda1969abe1f7004c343bee8fc4c265a83362,1.0,1.0.0,True,ok,
stage2-run,official,stage2,breast_cancer,random_forest,2,gaussian,1,3,0.8937888198757764,0.9064327485380117,0.13293814659118652,398,171,"{""label_flipped"": 0, ""gaussian_cells"": 11940, ""outlier_cells"": 0, ""missing_cells"": 0, ""n_train"": 398, ""n_cells"": 11940}",2026-10-05T13:36:15.043900+00:00,bc936294060c9d60cc9127a37c6fda1969abe1f7004c343bee8fc4c265a83362,1.0,1.0.0,True,ok,
stage2-run,official,stage2,breast_cancer,logreg,2,gaussian,1,4,0.9420055017522704,0.9473684210526315,0.0,398,171,"{""label_flipped"": 0, ""gaussian_cells"": 11940, ""outlier_cells"": 0, ""missing_cells"": 0, ""n_train"": 398, ""n_cells"": 11940}",2026-10-05T13:36:15.043900+00:00,bc936294060c9d60cc9127a37c6fda1969abe1f7004c343bee8fc4c265a83362,1.0,1.0.0,True,ok,
stage2-run,official,stage2,breast_cancer,svm_rbf,2,gaussian,1,4,0.9420055017522704,0.9473684210526315,0.0010540485382080078,398,171,"{""label_flipped"": 0, ""gaussian_cells"": 11940, ""outlier_cells"": 0, ""missing_cells"": 0, ""n_train"": 398, ""n_cells"": 11940}",2026-10-05T13:36:15.062903+00:00,bc936294060c9d60cc9127a37c6fda1969abe1f7004c343bee8fc4c265a83362,1.0,1.0.0,True,ok,
stage2-run,official,stage2,breast_cancer,decision_tree,2,gaussian,1,4,0.7682926829268293,0.8128654970760234,0.012428045272827148,398,171,"{""label_flipped"": 0, ""gaussian_cells"": 11940, ""outlier_cells"": 0, ""missing_cells"": 0, ""n_train"": 398, ""n_cells"": 11940}",2026-10-05T13:36:15.075331+00:00,bc936294060c9d60cc9127a37c6fda1969abe1f7004c343bee8fc4c265a83362,1.0,1.0.0,True,ok,
stage2-run,official,stage2,breast_cancer,random_forest,2,gaussian,1,4,0.8496162456028142,0.8713450292397661,0.1198418140411377,398,171,"{""label_flipped"": 0, ""gaussian_cells"": 11940, ""outlier_cells"": 0, ""missing_cells"": 0, ""n_train"": 398, ""n_cells"": 11940}",2026-10-05T13:36:15.210542+00:00,bc936294060c9d60cc9127a37c6fda1969abe1f7004c343bee8fc4c265a83362,1.0,1.0.0,True,ok,
stage2-run,official,stage2,breast_cancer,logreg,2,gaussian,1,5,0.9285470085470086,0.935672514619883,0.004494905471801758,398,171,"{""label_flipped"": 0, ""gaussian_cells"": 11940, ""outlier_cells"": 0, ""missing_cells"": 0, ""n_train"": 398, ""n_cells"": 11940}",2026-10-05T13:36:15.221330+00:00,bc936294060c9d60cc9127a37c6fda1969abe1f7004c343bee8fc4c265a83362,1.0,1.0.0,True,ok,
stage2-run,official,stage2,breast_cancer,svm_rbf,2,gaussian,1,5,0.914843899636085,0.9239766081871345,0.0032532215118408203,398,171,"{""label_flipped"": 0, ""gaussian_cells"": 11940, ""outlier_cells"": 0, ""missing_cells"": 0, ""n_train"": 398, ""n_cells"": 11940}",2026-10-05T13:36:15.226171+00:00,bc936294060c9d60cc9127a37c6fda1969abe1f7004c343bee8fc4c265a83362,1.0,1.0.0,True,ok,
stage2-run,official,stage2,breast_cancer,decision_tree,2,gaussian,1,5,0.7769408794445614,0.8187134502923976,0.0,398,171,"{""label_flipped"": 0, ""gaussian_cells"": 11940, ""outlier_cells"": 0, ""missing_cells"": 0, ""n_train"": 398, ""n_cells"": 11940}",2026-10-05T13:36:15.226171+00:00,bc936294060c9d60cc9127a37c6fda1969abe1f7004c343bee8fc4c265a83362,1.0,1.0.0,True,ok,
stage2-run,official,stage2,breast_cancer,random_forest,2,gaussian,1,5,0.8103200361529929,0.8421052631578947,0.13552212715148926,398,171,"{""label_flipped"": 0, ""gaussian_cells"": 11940, ""outlier_cells"": 0, ""missing_cells"": 0, ""n_train"": 398, ""n_cells"": 11940}",2026-10-05T13:36:15.377488+00:00,bc936294060c9d60cc9127a37c6fda1969abe1f7004c343bee8fc4c265a83362,1.0,1.0.0,True,ok,
stage2-run,official,stage2,breast_cancer,logreg,2,outliers,1,1,0.968479262672811,0.9707602339181286,0.0,398,171,"{""label_flipped"": 0, ""gaussian_cells"": 0, ""outlier_cells"": 239, ""missing_cells"": 0, ""n_train"": 398, ""n_cells"": 11940}",2026-10-05T13:36:15.393330+00:00,bc936294060c9d60cc9127a37c6fda1969abe1f7004c343bee8fc4c265a83362,1.0,1.0.0,True,ok,
stage2-run,official,stage2,breast_cancer,svm_rbf,2,outliers,1,1,0.962044983722995,0.9649122807017544,0.0,398,171,"{""label_flipped"": 0, ""gaussian_cells"": 0, ""outlier_cells"": 239, ""missing_cells"": 0, ""n_train"": 398, ""n_cells"": 11940}",2026-10-05T13:36:15.393330+00:00,bc936294060c9d60cc9127a37c6fda1969abe1f7004c343bee8fc4c265a83362,1.0,1.0.0,True,ok,
stage2-run,official,stage2,breast_cancer,decision_tree,2,outliers,1,1,0.931948916464672,0.935672514619883,0.0,398,171,"{""label_flipped"": 0, ""gaussian_cells"": 0, ""outlier_cells"": 239, ""missing_cells"": 0, ""n_train"": 398, ""n_cells"": 11940}",2026-10-05T13:36:15.393330+00:00,bc936294060c9d60cc9127a37c6fda1969abe1f7004c343bee8fc4c265a83362,1.0,1.0.0,True,ok,
stage2-run,official,stage2,breast_cancer,random_forest,2,outliers,1,1,0.9486486486486487,0.9532163742690059,0.1290290355682373,398,171,"{""label_flipped"": 0, ""gaussian_cells"": 0, ""outlier_cells"": 239, ""missing_cells"": 0, ""n_train"": 398, ""n_cells"": 11940}",2026-10-05T13:36:15.525690+00:00,bc936294060c9d60cc9127a37c6fda1969abe1f7004c343bee8fc4c265a83362,1.0,1.0.0,True,ok,
stage2-run,official,stage2,breast_cancer,logreg,2,outliers,1,2,0.9555629802873371,0.9590643274853801,0.0043354034423828125,398,171,"{""label_flipped"": 0, ""gaussian_cells"": 0, ""outlier_cells"": 597, ""missing_cells"": 0, ""n_train"": 398, ""n_cells"": 11940}",2026-10-05T13:36:15.532118+00:00,bc936294060c9d60cc9127a37c6fda1969abe1f7004c343bee8fc4c265a83362,1.0,1.0.0,True,ok,
stage2-run,official,stage2,breast_cancer,svm_rbf,2,outliers,1,2,0.9420055017522704,0.9473684210526315,0.004029750823974609,398,171,"{""label_flipped"": 0, ""gaussian_cells"": 0, ""outlier_cells"": 597, ""missing_cells"": 0, ""n_train"": 398, ""n_cells"": 11940}",2026-10-05T13:36:15.540170+00:00,bc936294060c9d60cc9127a37c6fda1969abe1f7004c343bee8fc4c265a83362,1.0,1.0.0,True,ok,
stage2-run,official,stage2,breast_cancer,decision_tree,2,outliers,1,2,0.9296585767174002,0.935672514619883,0.004029035568237305,398,171,"{""label_flipped"": 0, ""gaussian_cells"": 0, ""outlier_cells"": 597, ""missing_cells"": 0, ""n_train"": 398, ""n_cells"": 11940}",2026-10-05T13:36:15.545206+00:00,bc936294060c9d60cc9127a37c6fda1969abe1f7004c343bee8fc4c265a83362,1.0,1.0.0,True,ok,
stage2-run,official,stage2,breast_cancer,random_forest,2,outliers,1,2,0.9420055017522704,0.9473684210526315,0.09537816047668457,398,171,"{""label_flipped"": 0, ""gaussian_cells"": 0, ""outlier_cells"": 597, ""missing_cells"": 0, ""n_train"": 398, ""n_cells"": 11940}",2026-10-05T13:36:15.656304+00:00,bc936294060c9d60cc9127a37c6fda1969abe1f7004c343bee8fc4c265a83362,1.0,1.0.0,True,ok,
stage2-run,official,stage2,breast_cancer,logreg,2,outliers,1,3,0.9353056900726393,0.9415204678362573,0.0,398,171,"{""label_flipped"": 0, ""gaussian_cells"": 0, ""outlier_cells"": 1194, ""missing_cells"": 0, ""n_train"": 398, ""n_cells"": 11940}",2026-10-05T13:36:15.656304+00:00,bc936294060c9d60cc9127a37c6fda1969abe1f7004c343bee8fc4c265a83362,1.0,1.0.0,True,ok,
stage2-run,official,stage2,breast_cancer,svm_rbf,2,outliers,1,3,0.9420055017522704,0.9473684210526315,0.0,398,171,"{""label_flipped"": 0, ""gaussian_cells"": 0, ""outlier_cells"": 1194, ""missing_cells"": 0, ""n_train"": 398, ""n_cells"": 11940}",2026-10-05T13:36:15.672009+00:00,bc936294060c9d60cc9127a37c6fda1969abe1f7004c343bee8fc4c265a83362,1.0,1.0.0,True,ok,
stage2-run,official,stage2,breast_cancer,decision_tree,2,outliers,1,3,0.968479262672811,0.9707602339181286,0.006916046142578125,398,171,"{""label_flipped"": 0, ""gaussian_cells"": 0, ""outlier_cells"": 1194, ""missing_cells"": 0, ""n_train"": 398, ""n_cells"": 11940}",2026-10-05T13:36:15.678925+00:00,bc936294060c9d60cc9127a37c6fda1969abe1f7004c343bee8fc4c265a83362,1.0,1.0.0,True,ok,
stage2-run,official,stage2,breast_cancer,random_forest,2,outliers,1,3,0.9486486486486487,0.9532163742690059,0.0951228141784668,398,171,"{""label_flipped"": 0, ""gaussian_cells"": 0, ""outlier_cells"": 1194, ""missing_cells"": 0, ""n_train"": 398, ""n_cells"": 11940}",2026-10-05T13:36:15.774047+00:00,bc936294060c9d60cc9127a37c6fda1969abe1f7004c343bee8fc4c265a83362,1.0,1.0.0,True,ok,
stage2-run,official,stage2,breast_cancer,logreg,2,outliers,1,4,0.9420055017522704,0.9473684210526315,0.015689849853515625,398,171,"{""label_flipped"": 0, ""gaussian_cells"": 0, ""outlier_cells"": 1791, ""missing_cells"": 0, ""n_train"": 398, ""n_cells"": 11940}",2026-10-05T13:36:15.793315+00:00,bc936294060c9d60cc9127a37c6fda1969abe1f7004c343bee8fc4c265a83362,1.0,1.0.0,True,ok,
stage2-run,official,stage2,breast_cancer,svm_rbf,2,outliers,1,4,0.9420055017522704,0.9473684210526315,0.0,398,171,"{""label_flipped"": 0, ""gaussian_cells"": 0, ""outlier_cells"": 1791, ""missing_cells"": 0, ""n_train"": 398, ""n_cells"": 11940}",2026-10-05T13:36:15.793315+00:00,bc936294060c9d60cc9127a37c6fda1969abe1f7004c343bee8fc4c265a83362,1.0,1.0.0,True,ok,
stage2-run,official,stage2,breast_cancer,decision_tree,2,outliers,1,4,0.9223668280871671,0.9298245614035088,0.014714241027832031,398,171,"{""label_flipped"": 0, ""gaussian_cells"": 0, ""outlier_cells"": 1791, ""missing_cells"": 0, ""n_train"": 398, ""n_cells"": 11940}",2026-10-05T13:36:15.808030+00:00,bc936294060c9d60cc9127a37c6fda1969abe1f7004c343bee8fc4c265a83362,1.0,1.0.0,True,ok,
stage2-run,official,stage2,breast_cancer,random_forest,2,outliers,1,4,0.9420055017522704,0.9473684210526315,0.10066485404968262,398,171,"{""label_flipped"": 0, ""gaussian_cells"": 0, ""outlier_cells"": 1791, ""missing_cells"": 0, ""n_train"": 398, ""n_cells"": 11940}",2026-10-05T13:36:15.908695+00:00,bc936294060c9d60cc9127a37c6fda1969abe1f7004c343bee8fc4c265a83362,1.0,1.0.0,True,ok,
stage2-run,official,stage2,breast_cancer,logreg,2,outliers,1,5,0.9217271895025938,0.9298245614035088,0.010113000869750977,398,171,"{""label_flipped"": 0, ""gaussian_cells"": 0, ""outlier_cells"": 2388, ""missing_cells"": 0, ""n_train"": 398, ""n_cells"": 11940}",2026-10-05T13:36:15.918808+00:00,bc936294060c9d60cc9127a37c6fda1969abe1f7004c343bee8fc4c265a83362,1.0,1.0.0,True,ok,
stage2-run,official,stage2,breast_cancer,svm_rbf,2,outliers,1,5,0.9285470085470086,0.935672514619883,0.005760669708251953,398,171,"{""label_flipped"": 0, ""gaussian_cells"": 0, ""outlier_cells"": 2388, ""missing_cells"": 0, ""n_train"": 398, ""n_cells"": 11940}",2026-10-05T13:36:15.929799+00:00,bc936294060c9d60cc9127a37c6fda1969abe1f7004c343bee8fc4c265a83362,1.0,1.0.0,True,ok,
stage2-run,official,stage2,breast_cancer,decision_tree,2,outliers,1,5,0.942866688940862,0.9473684210526315,0.0,398,171,"{""label_flipped"": 0, ""gaussian_cells"": 0, ""outlier_cells"": 2388, ""missing_cells"": 0, ""n_train"": 398, ""n_cells"": 11940}",2026-10-05T13:36:15.929799+00:00,bc936294060c9d60cc9127a37c6fda1969abe1f7004c343bee8fc4c265a83362,1.0,1.0.0,True,ok,
stage2-run,official,stage2,breast_cancer,random_forest,2,outliers,1,5,0.9486486486486487,0.9532163742690059,0.0985877513885498,398,171,"{""label_flipped"": 0, ""gaussian_cells"": 0, ""outlier_cells"": 2388, ""missing_cells"": 0, ""n_train"": 398, ""n_cells"": 11940}",2026-10-05T13:36:16.028386+00:00,bc936294060c9d60cc9127a37c6fda1969abe1f7004c343bee8fc4c265a83362,1.0,1.0.0,True,ok,
stage2-run,official,stage2,breast_cancer,logreg,2,missing,1,1,0.968479262672811,0.9707602339181286,0.0026404857635498047,398,171,"{""label_flipped"": 0, ""gaussian_cells"": 0, ""outlier_cells"": 0, ""missing_cells"": 1072, ""n_train"": 398, ""n_cells"": 11940}",2026-10-05T13:36:16.046388+00:00,bc936294060c9d60cc9127a37c6fda1969abe1f7004c343bee8fc4c265a83362,1.0,1.0.0,True,ok,
stage2-run,official,stage2,breast_cancer,svm_rbf,2,missing,1,1,0.9623015873015872,0.9649122807017544,0.0,398,171,"{""label_flipped"": 0, ""gaussian_cells"": 0, ""outlier_cells"": 0, ""missing_cells"": 1072, ""n_train"": 398, ""n_cells"": 11940}",2026-10-05T13:36:16.056805+00:00,bc936294060c9d60cc9127a37c6fda1969abe1f7004c343bee8fc4c265a83362,1.0,1.0.0,True,ok,
stage2-run,official,stage2,breast_cancer,decision_tree,2,missing,1,1,0.9371693121693121,0.9415204678362573,0.002787351608276367,398,171,"{""label_flipped"": 0, ""gaussian_cells"": 0, ""outlier_cells"": 0, ""missing_cells"": 1072, ""n_train"": 398, ""n_cells"": 11940}",2026-10-05T13:36:16.059593+00:00,bc936294060c9d60cc9127a37c6fda1969abe1f7004c343bee8fc4c265a83362,1.0,1.0.0,True,ok,
stage2-run,official,stage2,breast_cancer,random_forest,2,missing,1,1,0.97469665581533,0.9766081871345029,0.1210317611694336,398,171,"{""label_flipped"": 0, ""gaussian_cells"": 0, ""outlier_cells"": 0, ""missing_cells"": 1072, ""n_train"": 398, ""n_cells"": 11940}",2026-10-05T13:36:16.180624+00:00,bc936294060c9d60cc9127a37c6fda1969abe1f7004c343bee8fc4c265a83362,1.0,1.0.0,True,ok,
stage2-run,official,stage2,breast_cancer,logreg,2,missing,1,2,0.9555629802873371,0.9590643274853801,0.016215801239013672,398,171,"{""label_flipped"": 0, ""gaussian_cells"": 0, ""outlier_cells"": 0, ""missing_cells"": 2440, ""n_train"": 398, ""n_cells"": 11940}",2026-10-05T13:36:16.196840+00:00,bc936294060c9d60cc9127a37c6fda1969abe1f7004c343bee8fc4c265a83362,1.0,1.0.0,True,ok,
stage2-run,official,stage2,breast_cancer,svm_rbf,2,missing,1,2,0.9682592716338122,0.9707602339181286,0.0,398,171,"{""label_flipped"": 0, ""gaussian_cells"": 0, ""outlier_cells"": 0, ""missing_cells"": 2440, ""n_train"": 398, ""n_cells"": 11940}",2026-10-05T13:36:16.196840+00:00,bc936294060c9d60cc9127a37c6fda1969abe1f7004c343bee8fc4c265a83362,1.0,1.0.0,True,ok,
stage2-run,official,stage2,breast_cancer,decision_tree,2,missing,1,2,0.9250876168224299,0.9298245614035088,0.016553163528442383,398,171,"{""label_flipped"": 0, ""gaussian_cells"": 0, ""outlier_cells"": 0, ""missing_cells"": 2440, ""n_train"": 398, ""n_cells"": 11940}",2026-10-05T13:36:16.213393+00:00,bc936294060c9d60cc9127a37c6fda1969abe1f7004c343bee8fc4c265a83362,1.0,1.0.0,True,ok,
stage2-run,official,stage2,breast_cancer,random_forest,2,missing,1,2,0.9682592716338122,0.9707602339181286,0.11535429954528809,398,171,"{""label_flipped"": 0, ""gaussian_cells"": 0, ""outlier_cells"": 0, ""missing_cells"": 2440, ""n_train"": 398, ""n_cells"": 11940}",2026-10-05T13:36:16.346729+00:00,bc936294060c9d60cc9127a37c6fda1969abe1f7004c343bee8fc4c265a83362,1.0,1.0.0,True,ok,
stage2-run,official,stage2,breast_cancer,logreg,2,missing,1,3,0.962044983722995,0.9649122807017544,0.0,398,171,"{""label_flipped"": 0, ""gaussian_cells"": 0, ""outlier_cells"": 0, ""missing_cells"": 3729, ""n_train"": 398, ""n_cells"": 11940}",2026-10-05T13:36:16.346729+00:00,bc936294060c9d60cc9127a37c6fda1969abe1f7004c343bee8fc4c265a83362,1.0,1.0.0,True,ok,
stage2-run,official,stage2,breast_cancer,svm_rbf,2,missing,1,3,0.9558709677419355,0.9590643274853801,0.015124797821044922,398,171,"{""label_flipped"": 0, ""gaussian_cells"": 0, ""outlier_cells"": 0, ""missing_cells"": 3729, ""n_train"": 398, ""n_cells"": 11940}",2026-10-05T13:36:16.361853+00:00,bc936294060c9d60cc9127a37c6fda1969abe1f7004c343bee8fc4c265a83362,1.0,1.0.0,True,ok,
stage2-run,official,stage2,breast_cancer,decision_tree,2,missing,1,3,0.912037037037037,0.9181286549707602,0.0,398,171,"{""label_flipped"": 0, ""gaussian_cells"": 0, ""outlier_cells"": 0, ""missing_cells"": 3729, ""n_train"": 398, ""n_cells"": 11940}",2026-10-05T13:36:16.361853+00:00,bc936294060c9d60cc9127a37c6fda1969abe1f7004c343bee8fc4c265a83362,1.0,1.0.0,True,ok,
stage2-run,official,stage2,breast_cancer,random_forest,2,missing,1,3,0.9617734724292102,0.9649122807017544,0.13477849960327148,398,171,"{""label_flipped"": 0, ""gaussian_cells"": 0, ""outlier_cells"": 0, ""missing_cells"": 3729, ""n_train"": 398, ""n_cells"": 11940}",2026-10-05T13:36:16.496632+00:00,bc936294060c9d60cc9127a37c6fda1969abe1f7004c343bee8fc4c265a83362,1.0,1.0.0,True,ok,
stage2-run,official,stage2,breast_cancer,logreg,2,missing,1,4,0.97469665581533,0.9766081871345029,0.0,398,171,"{""label_flipped"": 0, ""gaussian_cells"": 0, ""outlier_cells"": 0, ""missing_cells"": 4804, ""n_train"": 398, ""n_cells"": 11940}",2026-10-05T13:36:16.496632+00:00,bc936294060c9d60cc9127a37c6fda1969abe1f7004c343bee8fc4c265a83362,1.0,1.0.0,True,ok,
stage2-run,official,stage2,breast_cancer,svm_rbf,2,missing,1,4,0.9617734724292102,0.9649122807017544,0.01716446876525879,398,171,"{""label_flipped"": 0, ""gaussian_cells"": 0, ""outlier_cells"": 0, ""missing_cells"": 4804, ""n_train"": 398, ""n_cells"": 11940}",2026-10-05T13:36:16.513796+00:00,bc936294060c9d60cc9127a37c6fda1969abe1f7004c343bee8fc4c265a83362,1.0,1.0.0,True,ok,
stage2-run,official,stage2,breast_cancer,decision_tree,2,missing,1,4,0.9246031746031746,0.9298245614035088,0.009042978286743164,398,171,"{""label_flipped"": 0, ""gaussian_cells"": 0, ""outlier_cells"": 0, ""missing_cells"": 4804, ""n_train"": 398, ""n_cells"": 11940}",2026-10-05T13:36:16.522839+00:00,bc936294060c9d60cc9127a37c6fda1969abe1f7004c343bee8fc4c265a83362,1.0,1.0.0,True,ok,
stage2-run,official,stage2,breast_cancer,random_forest,2,missing,1,4,0.9552372760928911,0.9590643274853801,0.11959028244018555,398,171,"{""label_flipped"": 0, ""gaussian_cells"": 0, ""outlier_cells"": 0, ""missing_cells"": 4804, ""n_train"": 398, ""n_cells"": 11940}",2026-10-05T13:36:16.647832+00:00,bc936294060c9d60cc9127a37c6fda1969abe1f7004c343bee8fc4c265a83362,1.0,1.0.0,True,ok,
stage2-run,official,stage2,breast_cancer,logreg,2,missing,1,5,0.968479262672811,0.9707602339181286,0.014186859130859375,398,171,"{""label_flipped"": 0, ""gaussian_cells"": 0, ""outlier_cells"": 0, ""missing_cells"": 5918, ""n_train"": 398, ""n_cells"": 11940}",2026-10-05T13:36:16.664427+00:00,bc936294060c9d60cc9127a37c6fda1969abe1f7004c343bee8fc4c265a83362,1.0,1.0.0,True,ok,
stage2-run,official,stage2,breast_cancer,svm_rbf,2,missing,1,5,0.9561618751144478,0.9590643274853801,0.0,398,171,"{""label_flipped"": 0, ""gaussian_cells"": 0, ""outlier_cells"": 0, ""missing_cells"": 5918, ""n_train"": 398, ""n_cells"": 11940}",2026-10-05T13:36:16.664427+00:00,bc936294060c9d60cc9127a37c6fda1969abe1f7004c343bee8fc4c265a83362,1.0,1.0.0,True,ok,
stage2-run,official,stage2,breast_cancer,decision_tree,2,missing,1,5,0.9066491975106452,0.9122807017543859,0.013871908187866211,398,171,"{""label_flipped"": 0, ""gaussian_cells"": 0, ""outlier_cells"": 0, ""missing_cells"": 5918, ""n_train"": 398, ""n_cells"": 11940}",2026-10-05T13:36:16.680311+00:00,bc936294060c9d60cc9127a37c6fda1969abe1f7004c343bee8fc4c265a83362,1.0,1.0.0,True,ok,
stage2-run,official,stage2,breast_cancer,random_forest,2,missing,1,5,0.9682592716338122,0.9707602339181286,0.11148643493652344,398,171,"{""label_flipped"": 0, ""gaussian_cells"": 0, ""outlier_cells"": 0, ""missing_cells"": 5918, ""n_train"": 398, ""n_cells"": 11940}",2026-10-05T13:36:16.795484+00:00,bc936294060c9d60cc9127a37c6fda1969abe1f7004c343bee8fc4c265a83362,1.0,1.0.0,True,ok,
stage2-run,official,stage2,breast_cancer,logreg,2,label+gaussian,2,1,0.9353056900726393,0.9415204678362573,0.0,398,171,"{""label_flipped"": 20, ""gaussian_cells"": 11940, ""outlier_cells"": 0, ""missing_cells"": 0, ""n_train"": 398, ""n_cells"": 11940}",2026-10-05T13:36:16.795484+00:00,bc936294060c9d60cc9127a37c6fda1969abe1f7004c343bee8fc4c265a83362,1.0,1.0.0,True,ok,
stage2-run,official,stage2,breast_cancer,svm_rbf,2,label+gaussian,2,1,0.9617734724292102,0.9649122807017544,0.0,398,171,"{""label_flipped"": 20, ""gaussian_cells"": 11940, ""outlier_cells"": 0, ""missing_cells"": 0, ""n_train"": 398, ""n_cells"": 11940}",2026-10-05T13:36:16.813237+00:00,bc936294060c9d60cc9127a37c6fda1969abe1f7004c343bee8fc4c265a83362,1.0,1.0.0,True,ok,
stage2-run,official,stage2,breast_cancer,decision_tree,2,label+gaussian,2,1,0.9047778149014367,0.9122807017543859,0.009417295455932617,398,171,"{""label_flipped"": 20, ""gaussian_cells"": 11940, ""outlier_cells"": 0, ""missing_cells"": 0, ""n_train"": 398, ""n_cells"": 11940}",2026-10-05T13:36:16.823605+00:00,bc936294060c9d60cc9127a37c6fda1969abe1f7004c343bee8fc4c265a83362,1.0,1.0.0,True,ok,
stage2-run,official,stage2,breast_cancer,random_forest,2,label+gaussian,2,1,0.9353056900726393,0.9415204678362573,0.14012789726257324,398,171,"{""label_flipped"": 20, ""gaussian_cells"": 11940, ""outlier_cells"": 0, ""missing_cells"": 0, ""n_train"": 398, ""n_cells"": 11940}",2026-10-05T13:36:16.963733+00:00,bc936294060c9d60cc9127a37c6fda1969abe1f7004c343bee8fc4c265a83362,1.0,1.0.0,True,ok,
stage2-run,official,stage2,breast_cancer,logreg,2,label+gaussian,2,2,0.9497354497354498,0.9532163742690059,0.016531705856323242,398,171,"{""label_flipped"": 40, ""gaussian_cells"": 11940, ""outlier_cells"": 0, ""missing_cells"": 0, ""n_train"": 398, ""n_cells"": 11940}",2026-10-05T13:36:16.980265+00:00,bc936294060c9d60cc9127a37c6fda1969abe1f7004c343bee8fc4c265a83362,1.0,1.0.0,True,ok,
stage2-run,official,stage2,breast_cancer,svm_rbf,2,label+gaussian,2,2,0.9490312965722802,0.9532163742690059,0.0,398,171,"{""label_flipped"": 40, ""gaussian_cells"": 11940, ""outlier_cells"": 0, ""missing_cells"": 0, ""n_train"": 398, ""n_cells"": 11940}",2026-10-05T13:36:16.980265+00:00,bc936294060c9d60cc9127a37c6fda1969abe1f7004c343bee8fc4c265a83362,1.0,1.0.0,True,ok,
stage2-run,official,stage2,breast_cancer,decision_tree,2,label+gaussian,2,2,0.8751460280373832,0.8830409356725146,0.01665210723876953,398,171,"{""label_flipped"": 40, ""gaussian_cells"": 11940, ""outlier_cells"": 0, ""missing_cells"": 0, ""n_train"": 398, ""n_cells"": 11940}",2026-10-05T13:36:16.996917+00:00,bc936294060c9d60cc9127a37c6fda1969abe1f7004c343bee8fc4c265a83362,1.0,1.0.0,True,ok,
stage2-run,official,stage2,breast_cancer,random_forest,2,label+gaussian,2,2,0.9285470085470086,0.935672514619883,0.16610932350158691,398,171,"{""label_flipped"": 40, ""gaussian_cells"": 11940, ""outlier_cells"": 0, ""missing_cells"": 0, ""n_train"": 398, ""n_cells"": 11940}",2026-10-05T13:36:17.163625+00:00,bc936294060c9d60cc9127a37c6fda1969abe1f7004c343bee8fc4c265a83362,1.0,1.0.0,True,ok,
stage2-run,official,stage2,breast_cancer,logreg,2,label+gaussian,2,3,0.9617734724292102,0.9649122807017544,0.0,398,171,"{""label_flipped"": 80, ""gaussian_cells"": 11940, ""outlier_cells"": 0, ""missing_cells"": 0, ""n_train"": 398, ""n_cells"": 11940}",2026-10-05T13:36:17.163625+00:00,bc936294060c9d60cc9127a37c6fda1969abe1f7004c343bee8fc4c265a83362,1.0,1.0.0,True,ok,
stage2-run,official,stage2,breast_cancer,svm_rbf,2,label+gaussian,2,3,0.9420055017522704,0.9473684210526315,0.01688981056213379,398,171,"{""label_flipped"": 80, ""gaussian_cells"": 11940, ""outlier_cells"": 0, ""missing_cells"": 0, ""n_train"": 398, ""n_cells"": 11940}",2026-10-05T13:36:17.180515+00:00,bc936294060c9d60cc9127a37c6fda1969abe1f7004c343bee8fc4c265a83362,1.0,1.0.0,True,ok,
stage2-run,official,stage2,breast_cancer,decision_tree,2,label+gaussian,2,3,0.7855799373040753,0.8128654970760234,0.015577554702758789,398,171,"{""label_flipped"": 80, ""gaussian_cells"": 11940, ""outlier_cells"": 0, ""missing_cells"": 0, ""n_train"": 398, ""n_cells"": 11940}",2026-10-05T13:36:17.197219+00:00,bc936294060c9d60cc9127a37c6fda1969abe1f7004c343bee8fc4c265a83362,1.0,1.0.0,True,ok,
stage2-run,official,stage2,breast_cancer,random_forest,2,label+gaussian,2,3,0.900877226881014,0.9122807017543859,0.1667637825012207,398,171,"{""label_flipped"": 80, ""gaussian_cells"": 11940, ""outlier_cells"": 0, ""missing_cells"": 0, ""n_train"": 398, ""n_cells"": 11940}",2026-10-05T13:36:17.363983+00:00,bc936294060c9d60cc9127a37c6fda1969abe1f7004c343bee8fc4c265a83362,1.0,1.0.0,True,ok,
stage2-run,official,stage2,breast_cancer,logreg,2,label+gaussian,2,4,0.8937888198757764,0.9064327485380117,0.01434779167175293,398,171,"{""label_flipped"": 119, ""gaussian_cells"": 11940, ""outlier_cells"": 0, ""missing_cells"": 0, ""n_train"": 398, ""n_cells"": 11940}",2026-10-05T13:36:17.378330+00:00,bc936294060c9d60cc9127a37c6fda1969abe1f7004c343bee8fc4c265a83362,1.0,1.0.0,True,ok,
stage2-run,official,stage2,breast_cancer,svm_rbf,2,label+gaussian,2,4,0.922972972972973,0.9298245614035088,0.0,398,171,"{""label_flipped"": 119, ""gaussian_cells"": 11940, ""outlier_cells"": 0, ""missing_cells"": 0, ""n_train"": 398, ""n_cells"": 11940}",2026-10-05T13:36:17.378330+00:00,bc936294060c9d60cc9127a37c6fda1969abe1f7004c343bee8fc4c265a83362,1.0,1.0.0,True,ok,
stage2-run,official,stage2,breast_cancer,decision_tree,2,label+gaussian,2,4,0.8131288389795379,0.8304093567251462,0.015401124954223633,398,171,"{""label_flipped"": 119, ""gaussian_cells"": 11940, ""outlier_cells"": 0, ""missing_cells"": 0, ""n_train"": 398, ""n_cells"": 11940}",2026-10-05T13:36:17.393732+00:00,bc936294060c9d60cc9127a37c6fda1969abe1f7004c343bee8fc4c265a83362,1.0,1.0.0,True,ok,
stage2-run,official,stage2,breast_cancer,random_forest,2,label+gaussian,2,4,0.9424479264051457,0.9473684210526315,0.15231871604919434,398,171,"{""label_flipped"": 119, ""gaussian_cells"": 11940, ""outlier_cells"": 0, ""missing_cells"": 0, ""n_train"": 398, ""n_cells"": 11940}",2026-10-05T13:36:17.546050+00:00,bc936294060c9d60cc9127a37c6fda1969abe1f7004c343bee8fc4c265a83362,1.0,1.0.0,True,ok,
stage2-run,official,stage2,breast_cancer,logreg,2,label+gaussian,2,5,0.8586053470882388,0.8771929824561403,0.015321969985961914,398,171,"{""label_flipped"": 159, ""gaussian_cells"": 11940, ""outlier_cells"": 0, ""missing_cells"": 0, ""n_train"": 398, ""n_cells"": 11940}",2026-10-05T13:36:17.561372+00:00,bc936294060c9d60cc9127a37c6fda1969abe1f7004c343bee8fc4c265a83362,1.0,1.0.0,True,ok,
stage2-run,official,stage2,breast_cancer,svm_rbf,2,label+gaussian,2,5,0.7323478260869565,0.7894736842105263,0.0,398,171,"{""label_flipped"": 159, ""gaussian_cells"": 11940, ""outlier_cells"": 0, ""missing_cells"": 0, ""n_train"": 398, ""n_cells"": 11940}",2026-10-05T13:36:17.578493+00:00,bc936294060c9d60cc9127a37c6fda1969abe1f7004c343bee8fc4c265a83362,1.0,1.0.0,True,ok,
stage2-run,official,stage2,breast_cancer,decision_tree,2,label+gaussian,2,5,0.8480117478842215,0.8654970760233918,0.0,398,171,"{""label_flipped"": 159, ""gaussian_cells"": 11940, ""outlier_cells"": 0, ""missing_cells"": 0, ""n_train"": 398, ""n_cells"": 11940}",2026-10-05T13:36:17.578493+00:00,bc936294060c9d60cc9127a37c6fda1969abe1f7004c343bee8fc4c265a83362,1.0,1.0.0,True,ok,
stage2-run,official,stage2,breast_cancer,random_forest,2,label+gaussian,2,5,0.6685598377281947,0.7485380116959064,0.18911004066467285,398,171,"{""label_flipped"": 159, ""gaussian_cells"": 11940, ""outlier_cells"": 0, ""missing_cells"": 0, ""n_train"": 398, ""n_cells"": 11940}",2026-10-05T13:36:17.769284+00:00,bc936294060c9d60cc9127a37c6fda1969abe1f7004c343bee8fc4c265a83362,1.0,1.0.0,True,ok,
stage2-run,official,stage2,breast_cancer,logreg,2,label+outliers,2,1,0.942866688940862,0.9473684210526315,0.01799631118774414,398,171,"{""label_flipped"": 20, ""gaussian_cells"": 0, ""outlier_cells"": 239, ""missing_cells"": 0, ""n_train"": 398, ""n_cells"": 11940}",2026-10-05T13:36:17.787281+00:00,bc936294060c9d60cc9127a37c6fda1969abe1f7004c343bee8fc4c265a83362,1.0,1.0.0,True,ok,
stage2-run,official,stage2,breast_cancer,svm_rbf,2,label+outliers,2,1,0.9555629802873371,0.9590643274853801,0.00835418701171875,398,171,"{""label_flipped"": 20, ""gaussian_cells"": 0, ""outlier_cells"": 239, ""missing_cells"": 0, ""n_train"": 398, ""n_cells"": 11940}",2026-10-05T13:36:17.804379+00:00,bc936294060c9d60cc9127a37c6fda1969abe1f7004c343bee8fc4c265a83362,1.0,1.0.0,True,ok,
stage2-run,official,stage2,breast_cancer,decision_tree,2,label+outliers,2,1,0.9246031746031746,0.9298245614035088,0.013233661651611328,398,171,"{""label_flipped"": 20, ""gaussian_cells"": 0, ""outlier_cells"": 239, ""missing_cells"": 0, ""n_train"": 398, ""n_cells"": 11940}",2026-10-05T13:36:17.820664+00:00,bc936294060c9d60cc9127a37c6fda1969abe1f7004c343bee8fc4c265a83362,1.0,1.0.0,True,ok,
stage2-run,official,stage2,breast_cancer,random_forest,2,label+outliers,2,1,0.9353056900726393,0.9415204678362573,0.13591527938842773,398,171,"{""label_flipped"": 20, ""gaussian_cells"": 0, ""outlier_cells"": 239, ""missing_cells"": 0, ""n_train"": 398, ""n_cells"": 11940}",2026-10-05T13:36:17.958540+00:00,bc936294060c9d60cc9127a37c6fda1969abe1f7004c343bee8fc4c265a83362,1.0,1.0.0,True,ok,
stage2-run,official,stage2,breast_cancer,logreg,2,label+outliers,2,2,0.942866688940862,0.9473684210526315,0.0,398,171,"{""label_flipped"": 40, ""gaussian_cells"": 0, ""outlier_cells"": 597, ""missing_cells"": 0, ""n_train"": 398, ""n_cells"": 11940}",2026-10-05T13:36:17.958540+00:00,bc936294060c9d60cc9127a37c6fda1969abe1f7004c343bee8fc4c265a83362,1.0,1.0.0,True,ok,
stage2-run,official,stage2,breast_cancer,svm_rbf,2,label+outliers,2,2,0.9420055017522704,0.9473684210526315,0.015984535217285156,398,171,"{""label_flipped"": 40, ""gaussian_cells"": 0, ""outlier_cells"": 597, ""missing_cells"": 0, ""n_train"": 398, ""n_cells"": 11940}",2026-10-05T13:36:17.978964+00:00,bc936294060c9d60cc9127a37c6fda1969abe1f7004c343bee8fc4c265a83362,1.0,1.0.0,True,ok,
stage2-run,official,stage2,breast_cancer,decision_tree,2,label+outliers,2,2,0.8646795040886309,0.8771929824561403,0.0,398,171,"{""label_flipped"": 40, ""gaussian_cells"": 0, ""outlier_cells"": 597, ""missing_cells"": 0, ""n_train"": 398, ""n_cells"": 11940}",2026-10-05T13:36:17.978964+00:00,bc936294060c9d60cc9127a37c6fda1969abe1f7004c343bee8fc4c265a83362,1.0,1.0.0,True,ok,
stage2-run,official,stage2,breast_cancer,random_forest,2,label+outliers,2,2,0.9285470085470086,0.935672514619883,0.12592625617980957,398,171,"{""label_flipped"": 40, ""gaussian_cells"": 0, ""outlier_cells"": 597, ""missing_cells"": 0, ""n_train"": 398, ""n_cells"": 11940}",2026-10-05T13:36:18.120598+00:00,bc936294060c9d60cc9127a37c6fda1969abe1f7004c343bee8fc4c265a83362,1.0,1.0.0,True,ok,
stage2-run,official,stage2,breast_cancer,logreg,2,label+outliers,2,3,0.9424479264051457,0.9473684210526315,0.004537820816040039,398,171,"{""label_flipped"": 80, ""gaussian_cells"": 0, ""outlier_cells"": 1194, ""missing_cells"": 0, ""n_train"": 398, ""n_cells"": 11940}",2026-10-05T13:36:18.125136+00:00,bc936294060c9d60cc9127a37c6fda1969abe1f7004c343bee8fc4c265a83362,1.0,1.0.0,True,ok,
stage2-run,official,stage2,breast_cancer,svm_rbf,2,label+outliers,2,3,0.9623015873015872,0.9649122807017544,0.0,398,171,"{""label_flipped"": 80, ""gaussian_cells"": 0, ""outlier_cells"": 1194, ""missing_cells"": 0, ""n_train"": 398, ""n_cells"": 11940}",2026-10-05T13:36:18.136652+00:00,bc936294060c9d60cc9127a37c6fda1969abe1f7004c343bee8fc4c265a83362,1.0,1.0.0,True,ok,
stage2-run,official,stage2,breast_cancer,decision_tree,2,label+outliers,2,3,0.8434352682658854,0.8538011695906432,0.008661746978759766,398,171,"{""label_flipped"": 80, ""gaussian_cells"": 0, ""outlier_cells"": 1194, ""missing_cells"": 0, ""n_train"": 398, ""n_cells"": 11940}",2026-10-05T13:36:18.145313+00:00,bc936294060c9d60cc9127a37c6fda1969abe1f7004c343bee8fc4c265a83362,1.0,1.0.0,True,ok,
stage2-run,official,stage2,breast_cancer,random_forest,2,label+outliers,2,3,0.9617734724292102,0.9649122807017544,0.1416926383972168,398,171,"{""label_flipped"": 80, ""gaussian_cells"": 0, ""outlier_cells"": 1194, ""missing_cells"": 0, ""n_train"": 398, ""n_cells"": 11940}",2026-10-05T13:36:18.287006+00:00,bc936294060c9d60cc9127a37c6fda1969abe1f7004c343bee8fc4c265a83362,1.0,1.0.0,True,ok,
stage2-run,official,stage2,breast_cancer,logreg,2,label+outliers,2,4,0.942866688940862,0.9473684210526315,0.0,398,171,"{""label_flipped"": 119, ""gaussian_cells"": 0, ""outlier_cells"": 1791, ""missing_cells"": 0, ""n_train"": 398, ""n_cells"": 11940}",2026-10-05T13:36:18.287006+00:00,bc936294060c9d60cc9127a37c6fda1969abe1f7004c343bee8fc4c265a83362,1.0,1.0.0,True,ok,
stage2-run,official,stage2,breast_cancer,svm_rbf,2,label+outliers,2,4,0.9420055017522704,0.9473684210526315,0.015731096267700195,398,171,"{""label_flipped"": 119, ""gaussian_cells"": 0, ""outlier_cells"": 1791, ""missing_cells"": 0, ""n_train"": 398, ""n_cells"": 11940}",2026-10-05T13:36:18.302737+00:00,bc936294060c9d60cc9127a37c6fda1969abe1f7004c343bee8fc4c265a83362,1.0,1.0.0,True,ok,
stage2-run,official,stage2,breast_cancer,decision_tree,2,label+outliers,2,4,0.798941798941799,0.8128654970760234,0.0,398,171,"{""label_flipped"": 119, ""gaussian_cells"": 0, ""outlier_cells"": 1791, ""missing_cells"": 0, ""n_train"": 398, ""n_cells"": 11940}",2026-10-05T13:36:18.312168+00:00,bc936294060c9d60cc9127a37c6fda1969abe1f7004c343bee8fc4c265a83362,1.0,1.0.0,True,ok,
stage2-run,official,stage2,breast_cancer,random_forest,2,label+outliers,2,4,0.8817556501801507,0.8888888888888888,0.12919402122497559,398,171,"{""label_flipped"": 119, ""gaussian_cells"": 0, ""outlier_cells"": 1791, ""missing_cells"": 0, ""n_train"": 398, ""n_cells"": 11940}",2026-10-05T13:36:18.457441+00:00,bc936294060c9d60cc9127a37c6fda1969abe1f7004c343bee8fc4c265a83362,1.0,1.0.0,True,ok,
stage2-run,official,stage2,breast_cancer,logreg,2,label+outliers,2,5,0.8835502421307506,0.8947368421052632,0.0,398,171,"{""label_flipped"": 159, ""gaussian_cells"": 0, ""outlier_cells"": 2388, ""missing_cells"": 0, ""n_train"": 398, ""n_cells"": 11940}",2026-10-05T13:36:18.461138+00:00,bc936294060c9d60cc9127a37c6fda1969abe1f7004c343bee8fc4c265a83362,1.0,1.0.0,True,ok,
stage2-run,official,stage2,breast_cancer,svm_rbf,2,label+outliers,2,5,0.8263395214689035,0.8538011695906432,0.0,398,171,"{""label_flipped"": 159, ""gaussian_cells"": 0, ""outlier_cells"": 2388, ""missing_cells"": 0, ""n_train"": 398, ""n_cells"": 11940}",2026-10-05T13:36:18.477204+00:00,bc936294060c9d60cc9127a37c6fda1969abe1f7004c343bee8fc4c265a83362,1.0,1.0.0,True,ok,
stage2-run,official,stage2,breast_cancer,decision_tree,2,label+outliers,2,5,0.587468982630273,0.5906432748538012,0.0,398,171,"{""label_flipped"": 159, ""gaussian_cells"": 0, ""outlier_cells"": 2388, ""missing_cells"": 0, ""n_train"": 398, ""n_cells"": 11940}",2026-10-05T13:36:18.478838+00:00,bc936294060c9d60cc9127a37c6fda1969abe1f7004c343bee8fc4c265a83362,1.0,1.0.0,True,ok,
stage2-run,official,stage2,breast_cancer,random_forest,2,label+outliers,2,5,0.81993681993682,0.8421052631578947,0.12602543830871582,398,171,"{""label_flipped"": 159, ""gaussian_cells"": 0, ""outlier_cells"": 2388, ""missing_cells"": 0, ""n_train"": 398, ""n_cells"": 11940}",2026-10-05T13:36:18.620556+00:00,bc936294060c9d60cc9127a37c6fda1969abe1f7004c343bee8fc4c265a83362,1.0,1.0.0,True,ok,
stage2-run,official,stage2,breast_cancer,logreg,2,label+missing,2,1,0.9424479264051457,0.9473684210526315,0.0,398,171,"{""label_flipped"": 20, ""gaussian_cells"": 0, ""outlier_cells"": 0, ""missing_cells"": 1072, ""n_train"": 398, ""n_cells"": 11940}",2026-10-05T13:36:18.625629+00:00,bc936294060c9d60cc9127a37c6fda1969abe1f7004c343bee8fc4c265a83362,1.0,1.0.0,True,ok,
stage2-run,official,stage2,breast_cancer,svm_rbf,2,label+missing,2,1,0.962044983722995,0.9649122807017544,0.01104283332824707,398,171,"{""label_flipped"": 20, ""gaussian_cells"": 0, ""outlier_cells"": 0, ""missing_cells"": 1072, ""n_train"": 398, ""n_cells"": 11940}",2026-10-05T13:36:18.636672+00:00,bc936294060c9d60cc9127a37c6fda1969abe1f7004c343bee8fc4c265a83362,1.0,1.0.0,True,ok,
stage2-run,official,stage2,breast_cancer,decision_tree,2,label+missing,2,1,0.888961038961039,0.8947368421052632,0.008616447448730469,398,171,"{""label_flipped"": 20, ""gaussian_cells"": 0, ""outlier_cells"": 0, ""missing_cells"": 1072, ""n_train"": 398, ""n_cells"": 11940}",2026-10-05T13:36:18.645288+00:00,bc936294060c9d60cc9127a37c6fda1969abe1f7004c343bee8fc4c265a83362,1.0,1.0.0,True,ok,
stage2-run,official,stage2,breast_cancer,random_forest,2,label+missing,2,1,0.9486486486486487,0.9532163742690059,0.13741612434387207,398,171,"{""label_flipped"": 20, ""gaussian_cells"": 0, ""outlier_cells"": 0, ""missing_cells"": 1072, ""n_train"": 398, ""n_cells"": 11940}",2026-10-05T13:36:18.795104+00:00,bc936294060c9d60cc9127a37c6fda1969abe1f7004c343bee8fc4c265a83362,1.0,1.0.0,True,ok,
stage2-run,official,stage2,breast_cancer,logreg,2,label+missing,2,2,0.9558709677419355,0.9590643274853801,0.0,398,171,"{""label_flipped"": 40, ""gaussian_cells"": 0, ""outlier_cells"": 0, ""missing_cells"": 2440, ""n_train"": 398, ""n_cells"": 11940}",2026-10-05T13:36:18.795104+00:00,bc936294060c9d60cc9127a37c6fda1969abe1f7004c343bee8fc4c265a83362,1.0,1.0.0,True,ok,
stage2-run,official,stage2,breast_cancer,svm_rbf,2,label+missing,2,2,0.968479262672811,0.9707602339181286,0.0,398,171,"{""label_flipped"": 40, ""gaussian_cells"": 0, ""outlier_cells"": 0, ""missing_cells"": 2440, ""n_train"": 398, ""n_cells"": 11940}",2026-10-05T13:36:18.810499+00:00,bc936294060c9d60cc9127a37c6fda1969abe1f7004c343bee8fc4c265a83362,1.0,1.0.0,True,ok,
stage2-run,official,stage2,breast_cancer,decision_tree,2,label+missing,2,2,0.8413049685893774,0.847953216374269,0.0,398,171,"{""label_flipped"": 40, ""gaussian_cells"": 0, ""outlier_cells"": 0, ""missing_cells"": 2440, ""n_train"": 398, ""n_cells"": 11940}",2026-10-05T13:36:18.810499+00:00,bc936294060c9d60cc9127a37c6fda1969abe1f7004c343bee8fc4c265a83362,1.0,1.0.0,True,ok,
stage2-run,official,stage2,breast_cancer,random_forest,2,label+missing,2,2,0.9552372760928911,0.9590643274853801,0.15189456939697266,398,171,"{""label_flipped"": 40, ""gaussian_cells"": 0, ""outlier_cells"": 0, ""missing_cells"": 2440, ""n_train"": 398, ""n_cells"": 11940}",2026-10-05T13:36:18.962393+00:00,bc936294060c9d60cc9127a37c6fda1969abe1f7004c343bee8fc4c265a83362,1.0,1.0.0,True,ok,
stage2-run,official,stage2,breast_cancer,logreg,2,label+missing,2,3,0.968479262672811,0.9707602339181286,0.0,398,171,"{""label_flipped"": 80, ""gaussian_cells"": 0, ""outlier_cells"": 0, ""missing_cells"": 3729, ""n_train"": 398, ""n_cells"": 11940}",2026-10-05T13:36:18.978525+00:00,bc936294060c9d60cc9127a37c6fda1969abe1f7004c343bee8fc4c265a83362,1.0,1.0.0,True,ok,
stage2-run,official,stage2,breast_cancer,svm_rbf,2,label+missing,2,3,0.968479262672811,0.9707602339181286,0.0,398,171,"{""label_flipped"": 80, ""gaussian_cells"": 0, ""outlier_cells"": 0, ""missing_cells"": 3729, ""n_train"": 398, ""n_cells"": 11940}",2026-10-05T13:36:19.000493+00:00,bc936294060c9d60cc9127a37c6fda1969abe1f7004c343bee8fc4c265a83362,1.0,1.0.0,True,ok,
stage2-run,official,stage2,breast_cancer,decision_tree,2,label+missing,2,3,0.73875,0.7426900584795322,0.014034748077392578,398,171,"{""label_flipped"": 80, ""gaussian_cells"": 0, ""outlier_cells"": 0, ""missing_cells"": 3729, ""n_train"": 398, ""n_cells"": 11940}",2026-10-05T13:36:19.016759+00:00,bc936294060c9d60cc9127a37c6fda1969abe1f7004c343bee8fc4c265a83362,1.0,1.0.0,True,ok,
stage2-run,official,stage2,breast_cancer,random_forest,2,label+missing,2,3,0.962543808411215,0.9649122807017544,0.14234089851379395,398,171,"{""label_flipped"": 80, ""gaussian_cells"": 0, ""outlier_cells"": 0, ""missing_cells"": 3729, ""n_train"": 398, ""n_cells"": 11940}",2026-10-05T13:36:19.161117+00:00,bc936294060c9d60cc9127a37c6fda1969abe1f7004c343bee8fc4c265a83362,1.0,1.0.0,True,ok,
stage2-run,official,stage2,breast_cancer,logreg,2,label+missing,2,4,0.8765811965811966,0.8888888888888888,0.0,398,171,"{""label_flipped"": 119, ""gaussian_cells"": 0, ""outlier_cells"": 0, ""missing_cells"": 4804, ""n_train"": 398, ""n_cells"": 11940}",2026-10-05T13:36:19.161117+00:00,bc936294060c9d60cc9127a37c6fda1969abe1f7004c343bee8fc4c265a83362,1.0,1.0.0,True,ok,
stage2-run,official,stage2,breast_cancer,svm_rbf,2,label+missing,2,4,0.9033425029204507,0.9122807017543859,0.01595163345336914,398,171,"{""label_flipped"": 119, ""gaussian_cells"": 0, ""outlier_cells"": 0, ""missing_cells"": 4804, ""n_train"": 398, ""n_cells"": 11940}",2026-10-05T13:36:19.177069+00:00,bc936294060c9d60cc9127a37c6fda1969abe1f7004c343bee8fc4c265a83362,1.0,1.0.0,True,ok,
stage2-run,official,stage2,breast_cancer,decision_tree,2,label+missing,2,4,0.5605368360936608,0.5789473684210527,0.01571345329284668,398,171,"{""label_flipped"": 119, ""gaussian_cells"": 0, ""outlier_cells"": 0, ""missing_cells"": 4804, ""n_train"": 398, ""n_cells"": 11940}",2026-10-05T13:36:19.195388+00:00,bc936294060c9d60cc9127a37c6fda1969abe1f7004c343bee8fc4c265a83362,1.0,1.0.0,True,ok,
stage2-run,official,stage2,breast_cancer,random_forest,2,label+missing,2,4,0.893535982420802,0.9005847953216374,0.13080167770385742,398,171,"{""label_flipped"": 119, ""gaussian_cells"": 0, ""outlier_cells"": 0, ""missing_cells"": 4804, ""n_train"": 398, ""n_cells"": 11940}",2026-10-05T13:36:19.326189+00:00,bc936294060c9d60cc9127a37c6fda1969abe1f7004c343bee8fc4c265a83362,1.0,1.0.0,True,ok,
stage2-run,official,stage2,breast_cancer,logreg,2,label+missing,2,5,0.7627774532710281,0.7777777777777778,0.0,398,171,"{""label_flipped"": 159, ""gaussian_cells"": 0, ""outlier_cells"": 0, ""missing_cells"": 5918, ""n_train"": 398, ""n_cells"": 11940}",2026-10-05T13:36:19.342071+00:00,bc936294060c9d60cc9127a37c6fda1969abe1f7004c343bee8fc4c265a83362,1.0,1.0.0,True,ok,
stage2-run,official,stage2,breast_cancer,svm_rbf,2,label+missing,2,5,0.8434543790051876,0.8596491228070176,0.0023865699768066406,398,171,"{""label_flipped"": 159, ""gaussian_cells"": 0, ""outlier_cells"": 0, ""missing_cells"": 5918, ""n_train"": 398, ""n_cells"": 11940}",2026-10-05T13:36:19.344457+00:00,bc936294060c9d60cc9127a37c6fda1969abe1f7004c343bee8fc4c265a83362,1.0,1.0.0,True,ok,
stage2-run,official,stage2,breast_cancer,decision_tree,2,label+missing,2,5,0.5646393210749646,0.5789473684210527,0.017458200454711914,398,171,"{""label_flipped"": 159, ""gaussian_cells"": 0, ""outlier_cells"": 0, ""missing_cells"": 5918, ""n_train"": 398, ""n_cells"": 11940}",2026-10-05T13:36:19.361915+00:00,bc936294060c9d60cc9127a37c6fda1969abe1f7004c343bee8fc4c265a83362,1.0,1.0.0,True,ok,
stage2-run,official,stage2,breast_cancer,random_forest,2,label+missing,2,5,0.7986324786324787,0.8187134502923976,0.12714290618896484,398,171,"{""label_flipped"": 159, ""gaussian_cells"": 0, ""outlier_cells"": 0, ""missing_cells"": 5918, ""n_train"": 398, ""n_cells"": 11940}",2026-10-05T13:36:19.504876+00:00,bc936294060c9d60cc9127a37c6fda1969abe1f7004c343bee8fc4c265a83362,1.0,1.0.0,True,ok,
stage2-run,official,stage2,breast_cancer,logreg,2,gaussian+outliers,2,1,0.962044983722995,0.9649122807017544,0.0,398,171,"{""label_flipped"": 0, ""gaussian_cells"": 11940, ""outlier_cells"": 239, ""missing_cells"": 0, ""n_train"": 398, ""n_cells"": 11940}",2026-10-05T13:36:19.504876+00:00,bc936294060c9d60cc9127a37c6fda1969abe1f7004c343bee8fc4c265a83362,1.0,1.0.0,True,ok,
stage2-run,official,stage2,breast_cancer,svm_rbf,2,gaussian+outliers,2,1,0.968479262672811,0.9707602339181286,0.016108274459838867,398,171,"{""label_flipped"": 0, ""gaussian_cells"": 11940, ""outlier_cells"": 239, ""missing_cells"": 0, ""n_train"": 398, ""n_cells"": 11940}",2026-10-05T13:36:19.520984+00:00,bc936294060c9d60cc9127a37c6fda1969abe1f7004c343bee8fc4c265a83362,1.0,1.0.0,True,ok,
stage2-run,official,stage2,breast_cancer,decision_tree,2,gaussian+outliers,2,1,0.9235469448584203,0.9298245614035088,0.002855539321899414,398,171,"{""label_flipped"": 0, ""gaussian_cells"": 11940, ""outlier_cells"": 239, ""missing_cells"": 0, ""n_train"": 398, ""n_cells"": 11940}",2026-10-05T13:36:19.528921+00:00,bc936294060c9d60cc9127a37c6fda1969abe1f7004c343bee8fc4c265a83362,1.0,1.0.0,True,ok,
stage2-run,official,stage2,breast_cancer,random_forest,2,gaussian+outliers,2,1,0.9420055017522704,0.9473684210526315,0.11061763763427734,398,171,"{""label_flipped"": 0, ""gaussian_cells"": 11940, ""outlier_cells"": 239, ""missing_cells"": 0, ""n_train"": 398, ""n_cells"": 11940}",2026-10-05T13:36:19.639538+00:00,bc936294060c9d60cc9127a37c6fda1969abe1f7004c343bee8fc4c265a83362,1.0,1.0.0,True,ok,
stage2-run,official,stage2,breast_cancer,logreg,2,gaussian+outliers,2,2,0.9493933116306599,0.9532163742690059,0.0,398,171,"{""label_flipped"": 0, ""gaussian_cells"": 11940, ""outlier_cells"": 597, ""missing_cells"": 0, ""n_train"": 398, ""n_cells"": 11940}",2026-10-05T13:36:19.655258+00:00,bc936294060c9d60cc9127a37c6fda1969abe1f7004c343bee8fc4c265a83362,1.0,1.0.0,True,ok,
stage2-run,official,stage2,breast_cancer,svm_rbf,2,gaussian+outliers,2,2,0.9420055017522704,0.9473684210526315,0.0,398,171,"{""label_flipped"": 0, ""gaussian_cells"": 11940, ""outlier_cells"": 597, ""missing_cells"": 0, ""n_train"": 398, ""n_cells"": 11940}",2026-10-05T13:36:19.671033+00:00,bc936294060c9d60cc9127a37c6fda1969abe1f7004c343bee8fc4c265a83362,1.0,1.0.0,True,ok,
stage2-run,official,stage2,breast_cancer,decision_tree,2,gaussian+outliers,2,2,0.9500584112149533,0.9532163742690059,0.0,398,171,"{""label_flipped"": 0, ""gaussian_cells"": 11940, ""outlier_cells"": 597, ""missing_cells"": 0, ""n_train"": 398, ""n_cells"": 11940}",2026-10-05T13:36:19.671033+00:00,bc936294060c9d60cc9127a37c6fda1969abe1f7004c343bee8fc4c265a83362,1.0,1.0.0,True,ok,
stage2-run,official,stage2,breast_cancer,random_forest,2,gaussian+outliers,2,2,0.9353056900726393,0.9415204678362573,0.12273287773132324,398,171,"{""label_flipped"": 0, ""gaussian_cells"": 11940, ""outlier_cells"": 597, ""missing_cells"": 0, ""n_train"": 398, ""n_cells"": 11940}",2026-10-05T13:36:19.793766+00:00,bc936294060c9d60cc9127a37c6fda1969abe1f7004c343bee8fc4c265a83362,1.0,1.0.0,True,ok,
stage2-run,official,stage2,breast_cancer,logreg,2,gaussian+outliers,2,3,0.9285470085470086,0.935672514619883,0.0,398,171,"{""label_flipped"": 0, ""gaussian_cells"": 11940, ""outlier_cells"": 1194, ""missing_cells"": 0, ""n_train"": 398, ""n_cells"": 11940}",2026-10-05T13:36:19.808821+00:00,bc936294060c9d60cc9127a37c6fda1969abe1f7004c343bee8fc4c265a83362,1.0,1.0.0,True,ok,
stage2-run,official,stage2,breast_cancer,svm_rbf,2,gaussian+outliers,2,3,0.9420055017522704,0.9473684210526315,0.0,398,171,"{""label_flipped"": 0, ""gaussian_cells"": 11940, ""outlier_cells"": 1194, ""missing_cells"": 0, ""n_train"": 398, ""n_cells"": 11940}",2026-10-05T13:36:19.808821+00:00,bc936294060c9d60cc9127a37c6fda1969abe1f7004c343bee8fc4c265a83362,1.0,1.0.0,True,ok,
stage2-run,official,stage2,breast_cancer,decision_tree,2,gaussian+outliers,2,3,0.8222737448033259,0.847953216374269,0.01810908317565918,398,171,"{""label_flipped"": 0, ""gaussian_cells"": 11940, ""outlier_cells"": 1194, ""missing_cells"": 0, ""n_train"": 398, ""n_cells"": 11940}",2026-10-05T13:36:19.828889+00:00,bc936294060c9d60cc9127a37c6fda1969abe1f7004c343bee8fc4c265a83362,1.0,1.0.0,True,ok,
stage2-run,official,stage2,breast_cancer,random_forest,2,gaussian+outliers,2,3,0.9078947368421053,0.9181286549707602,0.11464619636535645,398,171,"{""label_flipped"": 0, ""gaussian_cells"": 11940, ""outlier_cells"": 1194, ""missing_cells"": 0, ""n_train"": 398, ""n_cells"": 11940}",2026-10-05T13:36:19.944699+00:00,bc936294060c9d60cc9127a37c6fda1969abe1f7004c343bee8fc4c265a83362,1.0,1.0.0,True,ok,
stage2-run,official,stage2,breast_cancer,logreg,2,gaussian+outliers,2,4,0.9420055017522704,0.9473684210526315,0.015015602111816406,398,171,"{""label_flipped"": 0, ""gaussian_cells"": 11940, ""outlier_cells"": 1791, ""missing_cells"": 0, ""n_train"": 398, ""n_cells"": 11940}",2026-10-05T13:36:19.959715+00:00,bc936294060c9d60cc9127a37c6fda1969abe1f7004c343bee8fc4c265a83362,1.0,1.0.0,True,ok,
stage2-run,official,stage2,breast_cancer,svm_rbf,2,gaussian+outliers,2,4,0.9078947368421053,0.9181286549707602,0.0,398,171,"{""label_flipped"": 0, ""gaussian_cells"": 11940, ""outlier_cells"": 1791, ""missing_cells"": 0, ""n_train"": 398, ""n_cells"": 11940}",2026-10-05T13:36:19.959715+00:00,bc936294060c9d60cc9127a37c6fda1969abe1f7004c343bee8fc4c265a83362,1.0,1.0.0,True,ok,
stage2-run,official,stage2,breast_cancer,decision_tree,2,gaussian+outliers,2,4,0.881578947368421,0.8947368421052632,0.015932321548461914,398,171,"{""label_flipped"": 0, ""gaussian_cells"": 11940, ""outlier_cells"": 1791, ""missing_cells"": 0, ""n_train"": 398, ""n_cells"": 11940}",2026-10-05T13:36:19.975648+00:00,bc936294060c9d60cc9127a37c6fda1969abe1f7004c343bee8fc4c265a83362,1.0,1.0.0,True,ok,
stage2-run,official,stage2,breast_cancer,random_forest,2,gaussian+outliers,2,4,0.8793887147335423,0.8947368421052632,0.1319890022277832,398,171,"{""label_flipped"": 0, ""gaussian_cells"": 11940, ""outlier_cells"": 1791, ""missing_cells"": 0, ""n_train"": 398, ""n_cells"": 11940}",2026-10-05T13:36:20.111202+00:00,bc936294060c9d60cc9127a37c6fda1969abe1f7004c343bee8fc4c265a83362,1.0,1.0.0,True,ok,
stage2-run,official,stage2,breast_cancer,logreg,2,gaussian+outliers,2,5,0.8937888198757764,0.9064327485380117,0.0045053958892822266,398,171,"{""label_flipped"": 0, ""gaussian_cells"": 11940, ""outlier_cells"": 2388, ""missing_cells"": 0, ""n_train"": 398, ""n_cells"": 11940}",2026-10-05T13:36:20.115708+00:00,bc936294060c9d60cc9127a37c6fda1969abe1f7004c343bee8fc4c265a83362,1.0,1.0.0,True,ok,
stage2-run,official,stage2,breast_cancer,svm_rbf,2,gaussian+outliers,2,5,0.8496162456028142,0.8713450292397661,0.0,398,171,"{""label_flipped"": 0, ""gaussian_cells"": 11940, ""outlier_cells"": 2388, ""missing_cells"": 0, ""n_train"": 398, ""n_cells"": 11940}",2026-10-05T13:36:20.127811+00:00,bc936294060c9d60cc9127a37c6fda1969abe1f7004c343bee8fc4c265a83362,1.0,1.0.0,True,ok,
stage2-run,official,stage2,breast_cancer,decision_tree,2,gaussian+outliers,2,5,0.8765811965811966,0.8888888888888888,0.0,398,171,"{""label_flipped"": 0, ""gaussian_cells"": 11940, ""outlier_cells"": 2388, ""missing_cells"": 0, ""n_train"": 398, ""n_cells"": 11940}",2026-10-05T13:36:20.127811+00:00,bc936294060c9d60cc9127a37c6fda1969abe1f7004c343bee8fc4c265a83362,1.0,1.0.0,True,ok,
stage2-run,official,stage2,breast_cancer,random_forest,2,gaussian+outliers,2,5,0.8341952165481578,0.8596491228070176,0.14600086212158203,398,171,"{""label_flipped"": 0, ""gaussian_cells"": 11940, ""outlier_cells"": 2388, ""missing_cells"": 0, ""n_train"": 398, ""n_cells"": 11940}",2026-10-05T13:36:20.273811+00:00,bc936294060c9d60cc9127a37c6fda1969abe1f7004c343bee8fc4c265a83362,1.0,1.0.0,True,ok,
stage2-run,official,stage2,breast_cancer,logreg,2,gaussian+missing,2,1,0.9617734724292102,0.9649122807017544,0.0,398,171,"{""label_flipped"": 0, ""gaussian_cells"": 11940, ""outlier_cells"": 0, ""missing_cells"": 1072, ""n_train"": 398, ""n_cells"": 11940}",2026-10-05T13:36:20.273811+00:00,bc936294060c9d60cc9127a37c6fda1969abe1f7004c343bee8fc4c265a83362,1.0,1.0.0,True,ok,
stage2-run,official,stage2,breast_cancer,svm_rbf,2,gaussian+missing,2,1,0.968479262672811,0.9707602339181286,0.015693187713623047,398,171,"{""label_flipped"": 0, ""gaussian_cells"": 11940, ""outlier_cells"": 0, ""missing_cells"": 1072, ""n_train"": 398, ""n_cells"": 11940}",2026-10-05T13:36:20.289505+00:00,bc936294060c9d60cc9127a37c6fda1969abe1f7004c343bee8fc4c265a83362,1.0,1.0.0,True,ok,
stage2-run,official,stage2,breast_cancer,decision_tree,2,gaussian+missing,2,1,0.911438295353655,0.9181286549707602,0.0,398,171,"{""label_flipped"": 0, ""gaussian_cells"": 11940, ""outlier_cells"": 0, ""missing_cells"": 1072, ""n_train"": 398, ""n_cells"": 11940}",2026-10-05T13:36:20.289505+00:00,bc936294060c9d60cc9127a37c6fda1969abe1f7004c343bee8fc4c265a83362,1.0,1.0.0,True,ok,
stage2-run,official,stage2,breast_cancer,random_forest,2,gaussian+missing,2,1,0.9358108108108107,0.9415204678362573,0.12093830108642578,398,171,"{""label_flipped"": 0, ""gaussian_cells"": 11940, ""outlier_cells"": 0, ""missing_cells"": 1072, ""n_train"": 398, ""n_cells"": 11940}",2026-10-05T13:36:20.425457+00:00,bc936294060c9d60cc9127a37c6fda1969abe1f7004c343bee8fc4c265a83362,1.0,1.0.0,True,ok,
stage2-run,official,stage2,breast_cancer,logreg,2,gaussian+missing,2,2,0.9555629802873371,0.9590643274853801,0.0,398,171,"{""label_flipped"": 0, ""gaussian_cells"": 11940, ""outlier_cells"": 0, ""missing_cells"": 2440, ""n_train"": 398, ""n_cells"": 11940}",2026-10-05T13:36:20.426971+00:00,bc936294060c9d60cc9127a37c6fda1969abe1f7004c343bee8fc4c265a83362,1.0,1.0.0,True,ok,
stage2-run,official,stage2,breast_cancer,svm_rbf,2,gaussian+missing,2,2,0.9617734724292102,0.9649122807017544,0.0,398,171,"{""label_flipped"": 0, ""gaussian_cells"": 11940, ""outlier_cells"": 0, ""missing_cells"": 2440, ""n_train"": 398, ""n_cells"": 11940}",2026-10-05T13:36:20.426971+00:00,bc936294060c9d60cc9127a37c6fda1969abe1f7004c343bee8fc4c265a83362,1.0,1.0.0,True,ok,
stage2-run,official,stage2,breast_cancer,decision_tree,2,gaussian+missing,2,2,0.9235469448584203,0.9298245614035088,0.0,398,171,"{""label_flipped"": 0, ""gaussian_cells"": 11940, ""outlier_cells"": 0, ""missing_cells"": 2440, ""n_train"": 398, ""n_cells"": 11940}",2026-10-05T13:36:20.441230+00:00,bc936294060c9d60cc9127a37c6fda1969abe1f7004c343bee8fc4c265a83362,1.0,1.0.0,True,ok,
stage2-run,official,stage2,breast_cancer,random_forest,2,gaussian+missing,2,2,0.9420055017522704,0.9473684210526315,0.11900758743286133,398,171,"{""label_flipped"": 0, ""gaussian_cells"": 11940, ""outlier_cells"": 0, ""missing_cells"": 2440, ""n_train"": 398, ""n_cells"": 11940}",2026-10-05T13:36:20.560237+00:00,bc936294060c9d60cc9127a37c6fda1969abe1f7004c343bee8fc4c265a83362,1.0,1.0.0,True,ok,
stage2-run,official,stage2,breast_cancer,logreg,2,gaussian+missing,2,3,0.9617734724292102,0.9649122807017544,0.015691757202148438,398,171,"{""label_flipped"": 0, ""gaussian_cells"": 11940, ""outlier_cells"": 0, ""missing_cells"": 3729, ""n_train"": 398, ""n_cells"": 11940}",2026-10-05T13:36:20.575929+00:00,bc936294060c9d60cc9127a37c6fda1969abe1f7004c343bee8fc4c265a83362,1.0,1.0.0,True,ok,
stage2-run,official,stage2,breast_cancer,svm_rbf,2,gaussian+missing,2,3,0.9420055017522704,0.9473684210526315,0.0,398,171,"{""label_flipped"": 0, ""gaussian_cells"": 11940, ""outlier_cells"": 0, ""missing_cells"": 3729, ""n_train"": 398, ""n_cells"": 11940}",2026-10-05T13:36:20.575929+00:00,bc936294060c9d60cc9127a37c6fda1969abe1f7004c343bee8fc4c265a83362,1.0,1.0.0,True,ok,
stage2-run,official,stage2,breast_cancer,decision_tree,2,gaussian+missing,2,3,0.8947368421052632,0.9064327485380117,0.015683889389038086,398,171,"{""label_flipped"": 0, ""gaussian_cells"": 11940, ""outlier_cells"": 0, ""missing_cells"": 3729, ""n_train"": 398, ""n_cells"": 11940}",2026-10-05T13:36:20.591613+00:00,bc936294060c9d60cc9127a37c6fda1969abe1f7004c343bee8fc4c265a83362,1.0,1.0.0,True,ok,
stage2-run,official,stage2,breast_cancer,random_forest,2,gaussian+missing,2,3,0.9086817210863595,0.9181286549707602,0.1199791431427002,398,171,"{""label_flipped"": 0, ""gaussian_cells"": 11940, ""outlier_cells"": 0, ""missing_cells"": 3729, ""n_train"": 398, ""n_cells"": 11940}",2026-10-05T13:36:20.711592+00:00,bc936294060c9d60cc9127a37c6fda1969abe1f7004c343bee8fc4c265a83362,1.0,1.0.0,True,ok,
stage2-run,official,stage2,breast_cancer,logreg,2,gaussian+missing,2,4,0.9420055017522704,0.9473684210526315,0.0,398,171,"{""label_flipped"": 0, ""gaussian_cells"": 11940, ""outlier_cells"": 0, ""missing_cells"": 4804, ""n_train"": 398, ""n_cells"": 11940}",2026-10-05T13:36:20.727353+00:00,bc936294060c9d60cc9127a37c6fda1969abe1f7004c343bee8fc4c265a83362,1.0,1.0.0,True,ok,
stage2-run,official,stage2,breast_cancer,svm_rbf,2,gaussian+missing,2,4,0.9486486486486487,0.9532163742690059,0.004550457000732422,398,171,"{""label_flipped"": 0, ""gaussian_cells"": 11940, ""outlier_cells"": 0, ""missing_cells"": 4804, ""n_train"": 398, ""n_cells"": 11940}",2026-10-05T13:36:20.744072+00:00,bc936294060c9d60cc9127a37c6fda1969abe1f7004c343bee8fc4c265a83362,1.0,1.0.0,True,ok,
stage2-run,official,stage2,breast_cancer,decision_tree,2,gaussian+missing,2,4,0.8222737448033259,0.847953216374269,0.0,398,171,"{""label_flipped"": 0, ""gaussian_cells"": 11940, ""outlier_cells"": 0, ""missing_cells"": 4804, ""n_train"": 398, ""n_cells"": 11940}",2026-10-05T13:36:20.746599+00:00,bc936294060c9d60cc9127a37c6fda1969abe1f7004c343bee8fc4c265a83362,1.0,1.0.0,True,ok,
stage2-run,official,stage2,breast_cancer,random_forest,2,gaussian+missing,2,4,0.8646723646723646,0.8830409356725146,0.13588547706604004,398,171,"{""label_flipped"": 0, ""gaussian_cells"": 11940, ""outlier_cells"": 0, ""missing_cells"": 4804, ""n_train"": 398, ""n_cells"": 11940}",2026-10-05T13:36:20.894360+00:00,bc936294060c9d60cc9127a37c6fda1969abe1f7004c343bee8fc4c265a83362,1.0,1.0.0,True,ok,
stage2-run,official,stage2,breast_cancer,logreg,2,gaussian+missing,2,5,0.9420055017522704,0.9473684210526315,0.013589620590209961,398,171,"{""label_flipped"": 0, ""gaussian_cells"": 11940, ""outlier_cells"": 0, ""missing_cells"": 5918, ""n_train"": 398, ""n_cells"": 11940}",2026-10-05T13:36:20.907949+00:00,bc936294060c9d60cc9127a37c6fda1969abe1f7004c343bee8fc4c265a83362,1.0,1.0.0,True,ok,
stage2-run,official,stage2,breast_cancer,svm_rbf,2,gaussian+missing,2,5,0.914843899636085,0.9239766081871345,0.0,398,171,"{""label_flipped"": 0, ""gaussian_cells"": 11940, ""outlier_cells"": 0, ""missing_cells"": 5918, ""n_train"": 398, ""n_cells"": 11940}",2026-10-05T13:36:20.920600+00:00,bc936294060c9d60cc9127a37c6fda1969abe1f7004c343bee8fc4c265a83362,1.0,1.0.0,True,ok,
stage2-run,official,stage2,breast_cancer,decision_tree,2,gaussian+missing,2,5,0.7654320987654321,0.8070175438596491,0.0073604583740234375,398,171,"{""label_flipped"": 0, ""gaussian_cells"": 11940, ""outlier_cells"": 0, ""missing_cells"": 5918, ""n_train"": 398, ""n_cells"": 11940}",2026-10-05T13:36:20.929977+00:00,bc936294060c9d60cc9127a37c6fda1969abe1f7004c343bee8fc4c265a83362,1.0,1.0.0,True,ok,
stage2-run,official,stage2,breast_cancer,random_forest,2,gaussian+missing,2,5,0.8496162456028142,0.8713450292397661,0.11708760261535645,398,171,"{""label_flipped"": 0, ""gaussian_cells"": 11940, ""outlier_cells"": 0, ""missing_cells"": 5918, ""n_train"": 398, ""n_cells"": 11940}",2026-10-05T13:36:21.061615+00:00,bc936294060c9d60cc9127a37c6fda1969abe1f7004c343bee8fc4c265a83362,1.0,1.0.0,True,ok,
stage2-run,official,stage2,breast_cancer,logreg,2,outliers+missing,2,1,0.962044983722995,0.9649122807017544,0.0,398,171,"{""label_flipped"": 0, ""gaussian_cells"": 0, ""outlier_cells"": 239, ""missing_cells"": 1072, ""n_train"": 398, ""n_cells"": 11940}",2026-10-05T13:36:21.061615+00:00,bc936294060c9d60cc9127a37c6fda1969abe1f7004c343bee8fc4c265a83362,1.0,1.0.0,True,ok,
stage2-run,official,stage2,breast_cancer,svm_rbf,2,outliers+missing,2,1,0.942866688940862,0.9473684210526315,0.01547098159790039,398,171,"{""label_flipped"": 0, ""gaussian_cells"": 0, ""outlier_cells"": 239, ""missing_cells"": 1072, ""n_train"": 398, ""n_cells"": 11940}",2026-10-05T13:36:21.077086+00:00,bc936294060c9d60cc9127a37c6fda1969abe1f7004c343bee8fc4c265a83362,1.0,1.0.0,True,ok,
stage2-run,official,stage2,breast_cancer,decision_tree,2,outliers+missing,2,1,0.9311115180369895,0.935672514619883,0.0,398,171,"{""label_flipped"": 0, ""gaussian_cells"": 0, ""outlier_cells"": 239, ""missing_cells"": 1072, ""n_train"": 398, ""n_cells"": 11940}",2026-10-05T13:36:21.077086+00:00,bc936294060c9d60cc9127a37c6fda1969abe1f7004c343bee8fc4c265a83362,1.0,1.0.0,True,ok,
stage2-run,official,stage2,breast_cancer,random_forest,2,outliers+missing,2,1,0.97469665581533,0.9766081871345029,0.11089754104614258,398,171,"{""label_flipped"": 0, ""gaussian_cells"": 0, ""outlier_cells"": 239, ""missing_cells"": 1072, ""n_train"": 398, ""n_cells"": 11940}",2026-10-05T13:36:21.187983+00:00,bc936294060c9d60cc9127a37c6fda1969abe1f7004c343bee8fc4c265a83362,1.0,1.0.0,True,ok,
stage2-run,official,stage2,breast_cancer,logreg,2,outliers+missing,2,2,0.9493933116306599,0.9532163742690059,0.0,398,171,"{""label_flipped"": 0, ""gaussian_cells"": 0, ""outlier_cells"": 597, ""missing_cells"": 2440, ""n_train"": 398, ""n_cells"": 11940}",2026-10-05T13:36:21.203676+00:00,bc936294060c9d60cc9127a37c6fda1969abe1f7004c343bee8fc4c265a83362,1.0,1.0.0,True,ok,
stage2-run,official,stage2,breast_cancer,svm_rbf,2,outliers+missing,2,2,0.9424479264051457,0.9473684210526315,0.008426189422607422,398,171,"{""label_flipped"": 0, ""gaussian_cells"": 0, ""outlier_cells"": 597, ""missing_cells"": 2440, ""n_train"": 398, ""n_cells"": 11940}",2026-10-05T13:36:21.212102+00:00,bc936294060c9d60cc9127a37c6fda1969abe1f7004c343bee8fc4c265a83362,1.0,1.0.0,True,ok,
stage2-run,official,stage2,breast_cancer,decision_tree,2,outliers+missing,2,2,0.9436366965757188,0.9473684210526315,0.0,398,171,"{""label_flipped"": 0, ""gaussian_cells"": 0, ""outlier_cells"": 597, ""missing_cells"": 2440, ""n_train"": 398, ""n_cells"": 11940}",2026-10-05T13:36:21.212102+00:00,bc936294060c9d60cc9127a37c6fda1969abe1f7004c343bee8fc4c265a83362,1.0,1.0.0,True,ok,
stage2-run,official,stage2,breast_cancer,random_forest,2,outliers+missing,2,2,0.9486486486486487,0.9532163742690059,0.11005282402038574,398,171,"{""label_flipped"": 0, ""gaussian_cells"": 0, ""outlier_cells"": 597, ""missing_cells"": 2440, ""n_train"": 398, ""n_cells"": 11940}",2026-10-05T13:36:21.338347+00:00,bc936294060c9d60cc9127a37c6fda1969abe1f7004c343bee8fc4c265a83362,1.0,1.0.0,True,ok,
stage2-run,official,stage2,breast_cancer,logreg,2,outliers+missing,2,3,0.9353056900726393,0.9415204678362573,0.0,398,171,"{""label_flipped"": 0, ""gaussian_cells"": 0, ""outlier_cells"": 1194, ""missing_cells"": 3729, ""n_train"": 398, ""n_cells"": 11940}",2026-10-05T13:36:21.338347+00:00,bc936294060c9d60cc9127a37c6fda1969abe1f7004c343bee8fc4c265a83362,1.0,1.0.0,True,ok,
stage2-run,official,stage2,breast_cancer,svm_rbf,2,outliers+missing,2,3,0.9353056900726393,0.9415204678362573,0.016066789627075195,398,171,"{""label_flipped"": 0, ""gaussian_cells"": 0, ""outlier_cells"": 1194, ""missing_cells"": 3729, ""n_train"": 398, ""n_cells"": 11940}",2026-10-05T13:36:21.354413+00:00,bc936294060c9d60cc9127a37c6fda1969abe1f7004c343bee8fc4c265a83362,1.0,1.0.0,True,ok,
stage2-run,official,stage2,breast_cancer,decision_tree,2,outliers+missing,2,3,0.9240899674459899,0.9298245614035088,0.0,398,171,"{""label_flipped"": 0, ""gaussian_cells"": 0, ""outlier_cells"": 1194, ""missing_cells"": 3729, ""n_train"": 398, ""n_cells"": 11940}",2026-10-05T13:36:21.354413+00:00,bc936294060c9d60cc9127a37c6fda1969abe1f7004c343bee8fc4c265a83362,1.0,1.0.0,True,ok,
stage2-run,official,stage2,breast_cancer,random_forest,2,outliers+missing,2,3,0.9486486486486487,0.9532163742690059,0.12005424499511719,398,171,"{""label_flipped"": 0, ""gaussian_cells"": 0, ""outlier_cells"": 1194, ""missing_cells"": 3729, ""n_train"": 398, ""n_cells"": 11940}",2026-10-05T13:36:21.474468+00:00,bc936294060c9d60cc9127a37c6fda1969abe1f7004c343bee8fc4c265a83362,1.0,1.0.0,True,ok,
stage2-run,official,stage2,breast_cancer,logreg,2,outliers+missing,2,4,0.9486486486486487,0.9532163742690059,0.0,398,171,"{""label_flipped"": 0, ""gaussian_cells"": 0, ""outlier_cells"": 1791, ""missing_cells"": 4804, ""n_train"": 398, ""n_cells"": 11940}",2026-10-05T13:36:21.474468+00:00,bc936294060c9d60cc9127a37c6fda1969abe1f7004c343bee8fc4c265a83362,1.0,1.0.0,True,ok,
stage2-run,official,stage2,breast_cancer,svm_rbf,2,outliers+missing,2,4,0.9353056900726393,0.9415204678362573,0.0,398,171,"{""label_flipped"": 0, ""gaussian_cells"": 0, ""outlier_cells"": 1791, ""missing_cells"": 4804, ""n_train"": 398, ""n_cells"": 11940}",2026-10-05T13:36:21.490260+00:00,bc936294060c9d60cc9127a37c6fda1969abe1f7004c343bee8fc4c265a83362,1.0,1.0.0,True,ok,
stage2-run,official,stage2,breast_cancer,decision_tree,2,outliers+missing,2,4,0.936741639538325,0.9415204678362573,0.0,398,171,"{""label_flipped"": 0, ""gaussian_cells"": 0, ""outlier_cells"": 1791, ""missing_cells"": 4804, ""n_train"": 398, ""n_cells"": 11940}",2026-10-05T13:36:21.506375+00:00,bc936294060c9d60cc9127a37c6fda1969abe1f7004c343bee8fc4c265a83362,1.0,1.0.0,True,ok,
stage2-run,official,stage2,breast_cancer,random_forest,2,outliers+missing,2,4,0.9420055017522704,0.9473684210526315,0.10213494300842285,398,171,"{""label_flipped"": 0, ""gaussian_cells"": 0, ""outlier_cells"": 1791, ""missing_cells"": 4804, ""n_train"": 398, ""n_cells"": 11940}",2026-10-05T13:36:21.608510+00:00,bc936294060c9d60cc9127a37c6fda1969abe1f7004c343bee8fc4c265a83362,1.0,1.0.0,True,ok,
stage2-run,official,stage2,breast_cancer,logreg,2,outliers+missing,2,5,0.9217271895025938,0.9298245614035088,0.0157163143157959,398,171,"{""label_flipped"": 0, ""gaussian_cells"": 0, ""outlier_cells"": 2388, ""missing_cells"": 5918, ""n_train"": 398, ""n_cells"": 11940}",2026-10-05T13:36:21.624226+00:00,bc936294060c9d60cc9127a37c6fda1969abe1f7004c343bee8fc4c265a83362,1.0,1.0.0,True,ok,
stage2-run,official,stage2,breast_cancer,svm_rbf,2,outliers+missing,2,5,0.9291178354749972,0.935672514619883,0.0,398,171,"{""label_flipped"": 0, ""gaussian_cells"": 0, ""outlier_cells"": 2388, ""missing_cells"": 5918, ""n_train"": 398, ""n_cells"": 11940}",2026-10-05T13:36:21.628796+00:00,bc936294060c9d60cc9127a37c6fda1969abe1f7004c343bee8fc4c265a83362,1.0,1.0.0,True,ok,
stage2-run,official,stage2,breast_cancer,decision_tree,2,outliers+missing,2,5,0.9012987012987013,0.9064327485380117,0.011185884475708008,398,171,"{""label_flipped"": 0, ""gaussian_cells"": 0, ""outlier_cells"": 2388, ""missing_cells"": 5918, ""n_train"": 398, ""n_cells"": 11940}",2026-10-05T13:36:21.639981+00:00,bc936294060c9d60cc9127a37c6fda1969abe1f7004c343bee8fc4c265a83362,1.0,1.0.0,True,ok,
stage2-run,official,stage2,breast_cancer,random_forest,2,outliers+missing,2,5,0.9424479264051457,0.9473684210526315,0.10389852523803711,398,171,"{""label_flipped"": 0, ""gaussian_cells"": 0, ""outlier_cells"": 2388, ""missing_cells"": 5918, ""n_train"": 398, ""n_cells"": 11940}",2026-10-05T13:36:21.759852+00:00,bc936294060c9d60cc9127a37c6fda1969abe1f7004c343bee8fc4c265a83362,1.0,1.0.0,True,ok,
stage2-run,official,stage2,breast_cancer,logreg,2,label+gaussian+outliers,3,1,0.9490312965722802,0.9532163742690059,0.0,398,171,"{""label_flipped"": 20, ""gaussian_cells"": 11940, ""outlier_cells"": 239, ""missing_cells"": 0, ""n_train"": 398, ""n_cells"": 11940}",2026-10-05T13:36:21.759852+00:00,bc936294060c9d60cc9127a37c6fda1969abe1f7004c343bee8fc4c265a83362,1.0,1.0.0,True,ok,
stage2-run,official,stage2,breast_cancer,svm_rbf,2,label+gaussian+outliers,3,1,0.9555629802873371,0.9590643274853801,0.0,398,171,"{""label_flipped"": 20, ""gaussian_cells"": 11940, ""outlier_cells"": 239, ""missing_cells"": 0, ""n_train"": 398, ""n_cells"": 11940}",2026-10-05T13:36:21.775545+00:00,bc936294060c9d60cc9127a37c6fda1969abe1f7004c343bee8fc4c265a83362,1.0,1.0.0,True,ok,
stage2-run,official,stage2,breast_cancer,decision_tree,2,label+gaussian+outliers,3,1,0.8994708994708995,0.9064327485380117,0.0,398,171,"{""label_flipped"": 20, ""gaussian_cells"": 11940, ""outlier_cells"": 239, ""missing_cells"": 0, ""n_train"": 398, ""n_cells"": 11940}",2026-10-05T13:36:21.775545+00:00,bc936294060c9d60cc9127a37c6fda1969abe1f7004c343bee8fc4c265a83362,1.0,1.0.0,True,ok,
stage2-run,official,stage2,breast_cancer,random_forest,2,label+gaussian+outliers,3,1,0.9353056900726393,0.9415204678362573,0.14504170417785645,398,171,"{""label_flipped"": 20, ""gaussian_cells"": 11940, ""outlier_cells"": 239, ""missing_cells"": 0, ""n_train"": 398, ""n_cells"": 11940}",2026-10-05T13:36:21.920586+00:00,bc936294060c9d60cc9127a37c6fda1969abe1f7004c343bee8fc4c265a83362,1.0,1.0.0,True,ok,
stage2-run,official,stage2,breast_cancer,logreg,2,label+gaussian+outliers,3,2,0.942866688940862,0.9473684210526315,0.009588003158569336,398,171,"{""label_flipped"": 40, ""gaussian_cells"": 11940, ""outlier_cells"": 597, ""missing_cells"": 0, ""n_train"": 398, ""n_cells"": 11940}",2026-10-05T13:36:21.930175+00:00,bc936294060c9d60cc9127a37c6fda1969abe1f7004c343bee8fc4c265a83362,1.0,1.0.0,True,ok,
stage2-run,official,stage2,breast_cancer,svm_rbf,2,label+gaussian+outliers,3,2,0.9353056900726393,0.9415204678362573,0.0,398,171,"{""label_flipped"": 40, ""gaussian_cells"": 11940, ""outlier_cells"": 597, ""missing_cells"": 0, ""n_train"": 398, ""n_cells"": 11940}",2026-10-05T13:36:21.930175+00:00,bc936294060c9d60cc9127a37c6fda1969abe1f7004c343bee8fc4c265a83362,1.0,1.0.0,True,ok,
stage2-run,official,stage2,breast_cancer,decision_tree,2,label+gaussian+outliers,3,2,0.9078947368421053,0.9181286549707602,0.0005080699920654297,398,171,"{""label_flipped"": 40, ""gaussian_cells"": 11940, ""outlier_cells"": 597, ""missing_cells"": 0, ""n_train"": 398, ""n_cells"": 11940}",2026-10-05T13:36:21.943173+00:00,bc936294060c9d60cc9127a37c6fda1969abe1f7004c343bee8fc4c265a83362,1.0,1.0.0,True,ok,
stage2-run,official,stage2,breast_cancer,random_forest,2,label+gaussian+outliers,3,2,0.9217271895025938,0.9298245614035088,0.13389301300048828,398,171,"{""label_flipped"": 40, ""gaussian_cells"": 11940, ""outlier_cells"": 597, ""missing_cells"": 0, ""n_train"": 398, ""n_cells"": 11940}",2026-10-05T13:36:22.077067+00:00,bc936294060c9d60cc9127a37c6fda1969abe1f7004c343bee8fc4c265a83362,1.0,1.0.0,True,ok,
stage2-run,official,stage2,breast_cancer,logreg,2,label+gaussian+outliers,3,3,0.9424479264051457,0.9473684210526315,0.01566910743713379,398,171,"{""label_flipped"": 80, ""gaussian_cells"": 11940, ""outlier_cells"": 1194, ""missing_cells"": 0, ""n_train"": 398, ""n_cells"": 11940}",2026-10-05T13:36:22.092736+00:00,bc936294060c9d60cc9127a37c6fda1969abe1f7004c343bee8fc4c265a83362,1.0,1.0.0,True,ok,
stage2-run,official,stage2,breast_cancer,svm_rbf,2,label+gaussian+outliers,3,3,0.968479262672811,0.9707602339181286,0.0,398,171,"{""label_flipped"": 80, ""gaussian_cells"": 11940, ""outlier_cells"": 1194, ""missing_cells"": 0, ""n_train"": 398, ""n_cells"": 11940}",2026-10-05T13:36:22.108476+00:00,bc936294060c9d60cc9127a37c6fda1969abe1f7004c343bee8fc4c265a83362,1.0,1.0.0,True,ok,
stage2-run,official,stage2,breast_cancer,decision_tree,2,label+gaussian+outliers,3,3,0.7989811912225706,0.8245614035087719,0.0028405189514160156,398,171,"{""label_flipped"": 80, ""gaussian_cells"": 11940, ""outlier_cells"": 1194, ""missing_cells"": 0, ""n_train"": 398, ""n_cells"": 11940}",2026-10-05T13:36:22.111317+00:00,bc936294060c9d60cc9127a37c6fda1969abe1f7004c343bee8fc4c265a83362,1.0,1.0.0,True,ok,
stage2-run,official,stage2,breast_cancer,random_forest,2,label+gaussian+outliers,3,3,0.900877226881014,0.9122807017543859,0.15245270729064941,398,171,"{""label_flipped"": 80, ""gaussian_cells"": 11940, ""outlier_cells"": 1194, ""missing_cells"": 0, ""n_train"": 398, ""n_cells"": 11940}",2026-10-05T13:36:22.263769+00:00,bc936294060c9d60cc9127a37c6fda1969abe1f7004c343bee8fc4c265a83362,1.0,1.0.0,True,ok,
stage2-run,official,stage2,breast_cancer,logreg,2,label+gaussian+outliers,3,4,0.9362891207153503,0.9415204678362573,0.016710758209228516,398,171,"{""label_flipped"": 119, ""gaussian_cells"": 11940, ""outlier_cells"": 1791, ""missing_cells"": 0, ""n_train"": 398, ""n_cells"": 11940}",2026-10-05T13:36:22.280480+00:00,bc936294060c9d60cc9127a37c6fda1969abe1f7004c343bee8fc4c265a83362,1.0,1.0.0,True,ok,
stage2-run,official,stage2,breast_cancer,svm_rbf,2,label+gaussian+outliers,3,4,0.9296585767174002,0.935672514619883,0.0,398,171,"{""label_flipped"": 119, ""gaussian_cells"": 11940, ""outlier_cells"": 1791, ""missing_cells"": 0, ""n_train"": 398, ""n_cells"": 11940}",2026-10-05T13:36:22.280480+00:00,bc936294060c9d60cc9127a37c6fda1969abe1f7004c343bee8fc4c265a83362,1.0,1.0.0,True,ok,
stage2-run,official,stage2,breast_cancer,decision_tree,2,label+gaussian+outliers,3,4,0.8376068376068376,0.8596491228070176,0.0005843639373779297,398,171,"{""label_flipped"": 119, ""gaussian_cells"": 11940, ""outlier_cells"": 1791, ""missing_cells"": 0, ""n_train"": 398, ""n_cells"": 11940}",2026-10-05T13:36:22.297371+00:00,bc936294060c9d60cc9127a37c6fda1969abe1f7004c343bee8fc4c265a83362,1.0,1.0.0,True,ok,
stage2-run,official,stage2,breast_cancer,random_forest,2,label+gaussian+outliers,3,4,0.9168692270296548,0.9239766081871345,0.14780807495117188,398,171,"{""label_flipped"": 119, ""gaussian_cells"": 11940, ""outlier_cells"": 1791, ""missing_cells"": 0, ""n_train"": 398, ""n_cells"": 11940}",2026-10-05T13:36:22.460663+00:00,bc936294060c9d60cc9127a37c6fda1969abe1f7004c343bee8fc4c265a83362,1.0,1.0.0,True,ok,
stage2-run,official,stage2,breast_cancer,logreg,2,label+gaussian+outliers,3,5,0.8964891041162228,0.9064327485380117,0.0,398,171,"{""label_flipped"": 159, ""gaussian_cells"": 11940, ""outlier_cells"": 2388, ""missing_cells"": 0, ""n_train"": 398, ""n_cells"": 11940}",2026-10-05T13:36:22.460663+00:00,bc936294060c9d60cc9127a37c6fda1969abe1f7004c343bee8fc4c265a83362,1.0,1.0.0,True,ok,
stage2-run,official,stage2,breast_cancer,svm_rbf,2,label+gaussian+outliers,3,5,0.5726047537368293,0.7017543859649122,0.015835285186767578,398,171,"{""label_flipped"": 159, ""gaussian_cells"": 11940, ""outlier_cells"": 2388, ""missing_cells"": 0, ""n_train"": 398, ""n_cells"": 11940}",2026-10-05T13:36:22.476498+00:00,bc936294060c9d60cc9127a37c6fda1969abe1f7004c343bee8fc4c265a83362,1.0,1.0.0,True,ok,
stage2-run,official,stage2,breast_cancer,decision_tree,2,label+gaussian+outliers,3,5,0.4811073699962589,0.5730994152046783,0.015717029571533203,398,171,"{""label_flipped"": 159, ""gaussian_cells"": 11940, ""outlier_cells"": 2388, ""missing_cells"": 0, ""n_train"": 398, ""n_cells"": 11940}",2026-10-05T13:36:22.494418+00:00,bc936294060c9d60cc9127a37c6fda1969abe1f7004c343bee8fc4c265a83362,1.0,1.0.0,True,ok,
stage2-run,official,stage2,breast_cancer,random_forest,2,label+gaussian+outliers,3,5,0.6083969465648855,0.7192982456140351,0.13634991645812988,398,171,"{""label_flipped"": 159, ""gaussian_cells"": 11940, ""outlier_cells"": 2388, ""missing_cells"": 0, ""n_train"": 398, ""n_cells"": 11940}",2026-10-05T13:36:22.630768+00:00,bc936294060c9d60cc9127a37c6fda1969abe1f7004c343bee8fc4c265a83362,1.0,1.0.0,True,ok,
stage2-run,official,stage2,breast_cancer,logreg,2,label+gaussian+missing,3,1,0.9486486486486487,0.9532163742690059,0.011519670486450195,398,171,"{""label_flipped"": 20, ""gaussian_cells"": 11940, ""outlier_cells"": 0, ""missing_cells"": 1072, ""n_train"": 398, ""n_cells"": 11940}",2026-10-05T13:36:22.642287+00:00,bc936294060c9d60cc9127a37c6fda1969abe1f7004c343bee8fc4c265a83362,1.0,1.0.0,True,ok,
stage2-run,official,stage2,breast_cancer,svm_rbf,2,label+gaussian+missing,3,1,0.962044983722995,0.9649122807017544,0.0,398,171,"{""label_flipped"": 20, ""gaussian_cells"": 11940, ""outlier_cells"": 0, ""missing_cells"": 1072, ""n_train"": 398, ""n_cells"": 11940}",2026-10-05T13:36:22.658463+00:00,bc936294060c9d60cc9127a37c6fda1969abe1f7004c343bee8fc4c265a83362,1.0,1.0.0,True,ok,
stage2-run,official,stage2,breast_cancer,decision_tree,2,label+gaussian+missing,3,1,0.8765811965811966,0.8888888888888888,0.0,398,171,"{""label_flipped"": 20, ""gaussian_cells"": 11940, ""outlier_cells"": 0, ""missing_cells"": 1072, ""n_train"": 398, ""n_cells"": 11940}",2026-10-05T13:36:22.658463+00:00,bc936294060c9d60cc9127a37c6fda1969abe1f7004c343bee8fc4c265a83362,1.0,1.0.0,True,ok,
stage2-run,official,stage2,breast_cancer,random_forest,2,label+gaussian+missing,3,1,0.9353056900726393,0.9415204678362573,0.13648104667663574,398,171,"{""label_flipped"": 20, ""gaussian_cells"": 11940, ""outlier_cells"": 0, ""missing_cells"": 1072, ""n_train"": 398, ""n_cells"": 11940}",2026-10-05T13:36:22.810461+00:00,bc936294060c9d60cc9127a37c6fda1969abe1f7004c343bee8fc4c265a83362,1.0,1.0.0,True,ok,
stage2-run,official,stage2,breast_cancer,logreg,2,label+gaussian+missing,3,2,0.9493933116306599,0.9532163742690059,0.0,398,171,"{""label_flipped"": 40, ""gaussian_cells"": 11940, ""outlier_cells"": 0, ""missing_cells"": 2440, ""n_train"": 398, ""n_cells"": 11940}",2026-10-05T13:36:22.810461+00:00,bc936294060c9d60cc9127a37c6fda1969abe1f7004c343bee8fc4c265a83362,1.0,1.0.0,True,ok,
stage2-run,official,stage2,breast_cancer,svm_rbf,2,label+gaussian+missing,3,2,0.9552372760928911,0.9590643274853801,0.015749216079711914,398,171,"{""label_flipped"": 40, ""gaussian_cells"": 11940, ""outlier_cells"": 0, ""missing_cells"": 2440, ""n_train"": 398, ""n_cells"": 11940}",2026-10-05T13:36:22.831272+00:00,bc936294060c9d60cc9127a37c6fda1969abe1f7004c343bee8fc4c265a83362,1.0,1.0.0,True,ok,
stage2-run,official,stage2,breast_cancer,decision_tree,2,label+gaussian+missing,3,2,0.9223668280871671,0.9298245614035088,0.0,398,171,"{""label_flipped"": 40, ""gaussian_cells"": 11940, ""outlier_cells"": 0, ""missing_cells"": 2440, ""n_train"": 398, ""n_cells"": 11940}",2026-10-05T13:36:22.842070+00:00,bc936294060c9d60cc9127a37c6fda1969abe1f7004c343bee8fc4c265a83362,1.0,1.0.0,True,ok,
stage2-run,official,stage2,breast_cancer,random_forest,2,label+gaussian+missing,3,2,0.9420055017522704,0.9473684210526315,0.13503575325012207,398,171,"{""label_flipped"": 40, ""gaussian_cells"": 11940, ""outlier_cells"": 0, ""missing_cells"": 2440, ""n_train"": 398, ""n_cells"": 11940}",2026-10-05T13:36:22.992885+00:00,bc936294060c9d60cc9127a37c6fda1969abe1f7004c343bee8fc4c265a83362,1.0,1.0.0,True,ok,
stage2-run,official,stage2,breast_cancer,logreg,2,label+gaussian+missing,3,3,0.9682592716338122,0.9707602339181286,0.0,398,171,"{""label_flipped"": 80, ""gaussian_cells"": 11940, ""outlier_cells"": 0, ""missing_cells"": 3729, ""n_train"": 398, ""n_cells"": 11940}",2026-10-05T13:36:22.992885+00:00,bc936294060c9d60cc9127a37c6fda1969abe1f7004c343bee8fc4c265a83362,1.0,1.0.0,True,ok,
stage2-run,official,stage2,breast_cancer,svm_rbf,2,label+gaussian+missing,3,3,0.9420055017522704,0.9473684210526315,0.015724658966064453,398,171,"{""label_flipped"": 80, ""gaussian_cells"": 11940, ""outlier_cells"": 0, ""missing_cells"": 3729, ""n_train"": 398, ""n_cells"": 11940}",2026-10-05T13:36:23.008610+00:00,bc936294060c9d60cc9127a37c6fda1969abe1f7004c343bee8fc4c265a83362,1.0,1.0.0,True,ok,
stage2-run,official,stage2,breast_cancer,decision_tree,2,label+gaussian+missing,3,3,0.7651098901098901,0.8011695906432749,0.016202926635742188,398,171,"{""label_flipped"": 80, ""gaussian_cells"": 11940, ""outlier_cells"": 0, ""missing_cells"": 3729, ""n_train"": 398, ""n_cells"": 11940}",2026-10-05T13:36:23.028603+00:00,bc936294060c9d60cc9127a37c6fda1969abe1f7004c343bee8fc4c265a83362,1.0,1.0.0,True,ok,
stage2-run,official,stage2,breast_cancer,random_forest,2,label+gaussian+missing,3,3,0.9101351351351351,0.9181286549707602,0.14228463172912598,398,171,"{""label_flipped"": 80, ""gaussian_cells"": 11940, ""outlier_cells"": 0, ""missing_cells"": 3729, ""n_train"": 398, ""n_cells"": 11940}",2026-10-05T13:36:23.170887+00:00,bc936294060c9d60cc9127a37c6fda1969abe1f7004c343bee8fc4c265a83362,1.0,1.0.0,True,ok,
stage2-run,official,stage2,breast_cancer,logreg,2,label+gaussian+missing,3,4,0.8765811965811966,0.8888888888888888,0.015712499618530273,398,171,"{""label_flipped"": 119, ""gaussian_cells"": 11940, ""outlier_cells"": 0, ""missing_cells"": 4804, ""n_train"": 398, ""n_cells"": 11940}",2026-10-05T13:36:23.186600+00:00,bc936294060c9d60cc9127a37c6fda1969abe1f7004c343bee8fc4c265a83362,1.0,1.0.0,True,ok,
stage2-run,official,stage2,breast_cancer,svm_rbf,2,label+gaussian+missing,3,4,0.911438295353655,0.9181286549707602,0.008827924728393555,398,171,"{""label_flipped"": 119, ""gaussian_cells"": 11940, ""outlier_cells"": 0, ""missing_cells"": 4804, ""n_train"": 398, ""n_cells"": 11940}",2026-10-05T13:36:23.195428+00:00,bc936294060c9d60cc9127a37c6fda1969abe1f7004c343bee8fc4c265a83362,1.0,1.0.0,True,ok,
stage2-run,official,stage2,breast_cancer,decision_tree,2,label+gaussian+missing,3,4,0.7802684180468304,0.7894736842105263,0.00978851318359375,398,171,"{""label_flipped"": 119, ""gaussian_cells"": 11940, ""outlier_cells"": 0, ""missing_cells"": 4804, ""n_train"": 398, ""n_cells"": 11940}",2026-10-05T13:36:23.205216+00:00,bc936294060c9d60cc9127a37c6fda1969abe1f7004c343bee8fc4c265a83362,1.0,1.0.0,True,ok,
stage2-run,official,stage2,breast_cancer,random_forest,2,label+gaussian+missing,3,4,0.9180460829493088,0.9239766081871345,0.12003970146179199,398,171,"{""label_flipped"": 119, ""gaussian_cells"": 11940, ""outlier_cells"": 0, ""missing_cells"": 4804, ""n_train"": 398, ""n_cells"": 11940}",2026-10-05T13:36:23.342423+00:00,bc936294060c9d60cc9127a37c6fda1969abe1f7004c343bee8fc4c265a83362,1.0,1.0.0,True,ok,
stage2-run,official,stage2,breast_cancer,logreg,2,label+gaussian+missing,3,5,0.9561618751144478,0.9590643274853801,0.0,398,171,"{""label_flipped"": 159, ""gaussian_cells"": 11940, ""outlier_cells"": 0, ""missing_cells"": 5918, ""n_train"": 398, ""n_cells"": 11940}",2026-10-05T13:36:23.342423+00:00,bc936294060c9d60cc9127a37c6fda1969abe1f7004c343bee8fc4c265a83362,1.0,1.0.0,True,ok,
stage2-run,official,stage2,breast_cancer,svm_rbf,2,label+gaussian+missing,3,5,0.9486486486486487,0.9532163742690059,0.015937328338623047,398,171,"{""label_flipped"": 159, ""gaussian_cells"": 11940, ""outlier_cells"": 0, ""missing_cells"": 5918, ""n_train"": 398, ""n_cells"": 11940}",2026-10-05T13:36:23.361785+00:00,bc936294060c9d60cc9127a37c6fda1969abe1f7004c343bee8fc4c265a83362,1.0,1.0.0,True,ok,
stage2-run,official,stage2,breast_cancer,decision_tree,2,label+gaussian+missing,3,5,0.5532656023222061,0.5789473684210527,0.0,398,171,"{""label_flipped"": 159, ""gaussian_cells"": 11940, ""outlier_cells"": 0, ""missing_cells"": 5918, ""n_train"": 398, ""n_cells"": 11940}",2026-10-05T13:36:23.361785+00:00,bc936294060c9d60cc9127a37c6fda1969abe1f7004c343bee8fc4c265a83362,1.0,1.0.0,True,ok,
stage2-run,official,stage2,breast_cancer,random_forest,2,label+gaussian+missing,3,5,0.8391849529780564,0.8596491228070176,0.13407468795776367,398,171,"{""label_flipped"": 159, ""gaussian_cells"": 11940, ""outlier_cells"": 0, ""missing_cells"": 5918, ""n_train"": 398, ""n_cells"": 11940}",2026-10-05T13:36:23.511021+00:00,bc936294060c9d60cc9127a37c6fda1969abe1f7004c343bee8fc4c265a83362,1.0,1.0.0,True,ok,
stage2-run,official,stage2,breast_cancer,logreg,2,label+outliers+missing,3,1,0.9493933116306599,0.9532163742690059,0.017694711685180664,398,171,"{""label_flipped"": 20, ""gaussian_cells"": 0, ""outlier_cells"": 239, ""missing_cells"": 1072, ""n_train"": 398, ""n_cells"": 11940}",2026-10-05T13:36:23.529329+00:00,bc936294060c9d60cc9127a37c6fda1969abe1f7004c343bee8fc4c265a83362,1.0,1.0.0,True,ok,
stage2-run,official,stage2,breast_cancer,svm_rbf,2,label+outliers+missing,3,1,0.9490312965722802,0.9532163742690059,0.0,398,171,"{""label_flipped"": 20, ""gaussian_cells"": 0, ""outlier_cells"": 239, ""missing_cells"": 1072, ""n_train"": 398, ""n_cells"": 11940}",2026-10-05T13:36:23.532326+00:00,bc936294060c9d60cc9127a37c6fda1969abe1f7004c343bee8fc4c265a83362,1.0,1.0.0,True,ok,
stage2-run,official,stage2,breast_cancer,decision_tree,2,label+outliers+missing,3,1,0.912037037037037,0.9181286549707602,0.012722253799438477,398,171,"{""label_flipped"": 20, ""gaussian_cells"": 0, ""outlier_cells"": 239, ""missing_cells"": 1072, ""n_train"": 398, ""n_cells"": 11940}",2026-10-05T13:36:23.545049+00:00,bc936294060c9d60cc9127a37c6fda1969abe1f7004c343bee8fc4c265a83362,1.0,1.0.0,True,ok,
stage2-run,official,stage2,breast_cancer,random_forest,2,label+outliers+missing,3,1,0.9420055017522704,0.9473684210526315,0.12650704383850098,398,171,"{""label_flipped"": 20, ""gaussian_cells"": 0, ""outlier_cells"": 239, ""missing_cells"": 1072, ""n_train"": 398, ""n_cells"": 11940}",2026-10-05T13:36:23.671556+00:00,bc936294060c9d60cc9127a37c6fda1969abe1f7004c343bee8fc4c265a83362,1.0,1.0.0,True,ok,
stage2-run,official,stage2,breast_cancer,logreg,2,label+outliers+missing,3,2,0.9493933116306599,0.9532163742690059,0.0016446113586425781,398,171,"{""label_flipped"": 40, ""gaussian_cells"": 0, ""outlier_cells"": 597, ""missing_cells"": 2440, ""n_train"": 398, ""n_cells"": 11940}",2026-10-05T13:36:23.689275+00:00,bc936294060c9d60cc9127a37c6fda1969abe1f7004c343bee8fc4c265a83362,1.0,1.0.0,True,ok,
stage2-run,official,stage2,breast_cancer,svm_rbf,2,label+outliers+missing,3,2,0.9424479264051457,0.9473684210526315,0.0,398,171,"{""label_flipped"": 40, ""gaussian_cells"": 0, ""outlier_cells"": 597, ""missing_cells"": 2440, ""n_train"": 398, ""n_cells"": 11940}",2026-10-05T13:36:23.695577+00:00,bc936294060c9d60cc9127a37c6fda1969abe1f7004c343bee8fc4c265a83362,1.0,1.0.0,True,ok,
stage2-run,official,stage2,breast_cancer,decision_tree,2,label+outliers+missing,3,2,0.9315427448411399,0.935672514619883,0.015963077545166016,398,171,"{""label_flipped"": 40, ""gaussian_cells"": 0, ""outlier_cells"": 597, ""missing_cells"": 2440, ""n_train"": 398, ""n_cells"": 11940}",2026-10-05T13:36:23.711540+00:00,bc936294060c9d60cc9127a37c6fda1969abe1f7004c343bee8fc4c265a83362,1.0,1.0.0,True,ok,
stage2-run,official,stage2,breast_cancer,random_forest,2,label+outliers+missing,3,2,0.9486486486486487,0.9532163742690059,0.13144350051879883,398,171,"{""label_flipped"": 40, ""gaussian_cells"": 0, ""outlier_cells"": 597, ""missing_cells"": 2440, ""n_train"": 398, ""n_cells"": 11940}",2026-10-05T13:36:23.858735+00:00,bc936294060c9d60cc9127a37c6fda1969abe1f7004c343bee8fc4c265a83362,1.0,1.0.0,True,ok,
stage2-run,official,stage2,breast_cancer,logreg,2,label+outliers+missing,3,3,0.9490312965722802,0.9532163742690059,0.0,398,171,"{""label_flipped"": 80, ""gaussian_cells"": 0, ""outlier_cells"": 1194, ""missing_cells"": 3729, ""n_train"": 398, ""n_cells"": 11940}",2026-10-05T13:36:23.861694+00:00,bc936294060c9d60cc9127a37c6fda1969abe1f7004c343bee8fc4c265a83362,1.0,1.0.0,True,ok,
stage2-run,official,stage2,breast_cancer,svm_rbf,2,label+outliers+missing,3,3,0.9362891207153503,0.9415204678362573,0.0,398,171,"{""label_flipped"": 80, ""gaussian_cells"": 0, ""outlier_cells"": 1194, ""missing_cells"": 3729, ""n_train"": 398, ""n_cells"": 11940}",2026-10-05T13:36:23.878362+00:00,bc936294060c9d60cc9127a37c6fda1969abe1f7004c343bee8fc4c265a83362,1.0,1.0.0,True,ok,
stage2-run,official,stage2,breast_cancer,decision_tree,2,label+outliers+missing,3,3,0.8451518528838117,0.847953216374269,0.009898185729980469,398,171,"{""label_flipped"": 80, ""gaussian_cells"": 0, ""outlier_cells"": 1194, ""missing_cells"": 3729, ""n_train"": 398, ""n_cells"": 11940}",2026-10-05T13:36:23.888260+00:00,bc936294060c9d60cc9127a37c6fda1969abe1f7004c343bee8fc4c265a83362,1.0,1.0.0,True,ok,
stage2-run,official,stage2,breast_cancer,random_forest,2,label+outliers+missing,3,3,0.9500584112149533,0.9532163742690059,0.1226949691772461,398,171,"{""label_flipped"": 80, ""gaussian_cells"": 0, ""outlier_cells"": 1194, ""missing_cells"": 3729, ""n_train"": 398, ""n_cells"": 11940}",2026-10-05T13:36:24.010955+00:00,bc936294060c9d60cc9127a37c6fda1969abe1f7004c343bee8fc4c265a83362,1.0,1.0.0,True,ok,
stage2-run,official,stage2,breast_cancer,logreg,2,label+outliers+missing,3,4,0.9362891207153503,0.9415204678362573,0.004591226577758789,398,171,"{""label_flipped"": 119, ""gaussian_cells"": 0, ""outlier_cells"": 1791, ""missing_cells"": 4804, ""n_train"": 398, ""n_cells"": 11940}",2026-10-05T13:36:24.033223+00:00,bc936294060c9d60cc9127a37c6fda1969abe1f7004c343bee8fc4c265a83362,1.0,1.0.0,True,ok,
stage2-run,official,stage2,breast_cancer,svm_rbf,2,label+outliers+missing,3,4,0.9296585767174002,0.935672514619883,0.0,398,171,"{""label_flipped"": 119, ""gaussian_cells"": 0, ""outlier_cells"": 1791, ""missing_cells"": 4804, ""n_train"": 398, ""n_cells"": 11940}",2026-10-05T13:36:24.045021+00:00,bc936294060c9d60cc9127a37c6fda1969abe1f7004c343bee8fc4c265a83362,1.0,1.0.0,True,ok,
stage2-run,official,stage2,breast_cancer,decision_tree,2,label+outliers+missing,3,4,0.6196182548794489,0.6374269005847953,0.0,398,171,"{""label_flipped"": 119, ""gaussian_cells"": 0, ""outlier_cells"": 1791, ""missing_cells"": 4804, ""n_train"": 398, ""n_cells"": 11940}",2026-10-05T13:36:24.045021+00:00,bc936294060c9d60cc9127a37c6fda1969abe1f7004c343bee8fc4c265a83362,1.0,1.0.0,True,ok,
stage2-run,official,stage2,breast_cancer,random_forest,2,label+outliers+missing,3,4,0.8725782414307004,0.8830409356725146,0.12590622901916504,398,171,"{""label_flipped"": 119, ""gaussian_cells"": 0, ""outlier_cells"": 1791, ""missing_cells"": 4804, ""n_train"": 398, ""n_cells"": 11940}",2026-10-05T13:36:24.170927+00:00,bc936294060c9d60cc9127a37c6fda1969abe1f7004c343bee8fc4c265a83362,1.0,1.0.0,True,ok,
stage2-run,official,stage2,breast_cancer,logreg,2,label+outliers+missing,3,5,0.8920815235549615,0.9005847953216374,0.0,398,171,"{""label_flipped"": 159, ""gaussian_cells"": 0, ""outlier_cells"": 2388, ""missing_cells"": 5918, ""n_train"": 398, ""n_cells"": 11940}",2026-10-05T13:36:24.186713+00:00,bc936294060c9d60cc9127a37c6fda1969abe1f7004c343bee8fc4c265a83362,1.0,1.0.0,True,ok,
stage2-run,official,stage2,breast_cancer,svm_rbf,2,label+outliers+missing,3,5,0.9033425029204507,0.9122807017543859,0.0,398,171,"{""label_flipped"": 159, ""gaussian_cells"": 0, ""outlier_cells"": 2388, ""missing_cells"": 5918, ""n_train"": 398, ""n_cells"": 11940}",2026-10-05T13:36:24.195135+00:00,bc936294060c9d60cc9127a37c6fda1969abe1f7004c343bee8fc4c265a83362,1.0,1.0.0,True,ok,
stage2-run,official,stage2,breast_cancer,decision_tree,2,label+outliers+missing,3,5,0.5004639653572533,0.5029239766081871,0.016946077346801758,398,171,"{""label_flipped"": 159, ""gaussian_cells"": 0, ""outlier_cells"": 2388, ""missing_cells"": 5918, ""n_train"": 398, ""n_cells"": 11940}",2026-10-05T13:36:24.212082+00:00,bc936294060c9d60cc9127a37c6fda1969abe1f7004c343bee8fc4c265a83362,1.0,1.0.0,True,ok,
stage2-run,official,stage2,breast_cancer,random_forest,2,label+outliers+missing,3,5,0.8657118282786732,0.8771929824561403,0.12115693092346191,398,171,"{""label_flipped"": 159, ""gaussian_cells"": 0, ""outlier_cells"": 2388, ""missing_cells"": 5918, ""n_train"": 398, ""n_cells"": 11940}",2026-10-05T13:36:24.333239+00:00,bc936294060c9d60cc9127a37c6fda1969abe1f7004c343bee8fc4c265a83362,1.0,1.0.0,True,ok,
stage2-run,official,stage2,breast_cancer,logreg,2,gaussian+outliers+missing,3,1,0.9617734724292102,0.9649122807017544,0.0,398,171,"{""label_flipped"": 0, ""gaussian_cells"": 11940, ""outlier_cells"": 239, ""missing_cells"": 1072, ""n_train"": 398, ""n_cells"": 11940}",2026-10-05T13:36:24.342270+00:00,bc936294060c9d60cc9127a37c6fda1969abe1f7004c343bee8fc4c265a83362,1.0,1.0.0,True,ok,
stage2-run,official,stage2,breast_cancer,svm_rbf,2,gaussian+outliers+missing,3,1,0.9493933116306599,0.9532163742690059,0.0,398,171,"{""label_flipped"": 0, ""gaussian_cells"": 11940, ""outlier_cells"": 239, ""missing_cells"": 1072, ""n_train"": 398, ""n_cells"": 11940}",2026-10-05T13:36:24.342270+00:00,bc936294060c9d60cc9127a37c6fda1969abe1f7004c343bee8fc4c265a83362,1.0,1.0.0,True,ok,
stage2-run,official,stage2,breast_cancer,decision_tree,2,gaussian+outliers+missing,3,1,0.9077238550922762,0.9122807017543859,0.003631591796875,398,171,"{""label_flipped"": 0, ""gaussian_cells"": 11940, ""outlier_cells"": 239, ""missing_cells"": 1072, ""n_train"": 398, ""n_cells"": 11940}",2026-10-05T13:36:24.361945+00:00,bc936294060c9d60cc9127a37c6fda1969abe1f7004c343bee8fc4c265a83362,1.0,1.0.0,True,ok,
stage2-run,official,stage2,breast_cancer,random_forest,2,gaussian+outliers+missing,3,1,0.9420055017522704,0.9473684210526315,0.11175990104675293,398,171,"{""label_flipped"": 0, ""gaussian_cells"": 11940, ""outlier_cells"": 239, ""missing_cells"": 1072, ""n_train"": 398, ""n_cells"": 11940}",2026-10-05T13:36:24.473705+00:00,bc936294060c9d60cc9127a37c6fda1969abe1f7004c343bee8fc4c265a83362,1.0,1.0.0,True,ok,
stage2-run,official,stage2,breast_cancer,logreg,2,gaussian+outliers+missing,3,2,0.9493933116306599,0.9532163742690059,0.015692472457885742,398,171,"{""label_flipped"": 0, ""gaussian_cells"": 11940, ""outlier_cells"": 597, ""missing_cells"": 2440, ""n_train"": 398, ""n_cells"": 11940}",2026-10-05T13:36:24.489398+00:00,bc936294060c9d60cc9127a37c6fda1969abe1f7004c343bee8fc4c265a83362,1.0,1.0.0,True,ok,
stage2-run,official,stage2,breast_cancer,svm_rbf,2,gaussian+outliers+missing,3,2,0.9486486486486487,0.9532163742690059,0.0,398,171,"{""label_flipped"": 0, ""gaussian_cells"": 11940, ""outlier_cells"": 597, ""missing_cells"": 2440, ""n_train"": 398, ""n_cells"": 11940}",2026-10-05T13:36:24.489398+00:00,bc936294060c9d60cc9127a37c6fda1969abe1f7004c343bee8fc4c265a83362,1.0,1.0.0,True,ok,
stage2-run,official,stage2,breast_cancer,decision_tree,2,gaussian+outliers+missing,3,2,0.9500584112149533,0.9532163742690059,0.01592540740966797,398,171,"{""label_flipped"": 0, ""gaussian_cells"": 11940, ""outlier_cells"": 597, ""missing_cells"": 2440, ""n_train"": 398, ""n_cells"": 11940}",2026-10-05T13:36:24.505323+00:00,bc936294060c9d60cc9127a37c6fda1969abe1f7004c343bee8fc4c265a83362,1.0,1.0.0,True,ok,
stage2-run,official,stage2,breast_cancer,random_forest,2,gaussian+outliers+missing,3,2,0.9420055017522704,0.9473684210526315,0.11827850341796875,398,171,"{""label_flipped"": 0, ""gaussian_cells"": 11940, ""outlier_cells"": 597, ""missing_cells"": 2440, ""n_train"": 398, ""n_cells"": 11940}",2026-10-05T13:36:24.633274+00:00,bc936294060c9d60cc9127a37c6fda1969abe1f7004c343bee8fc4c265a83362,1.0,1.0.0,True,ok,
stage2-run,official,stage2,breast_cancer,logreg,2,gaussian+outliers+missing,3,3,0.9420055017522704,0.9473684210526315,0.0,398,171,"{""label_flipped"": 0, ""gaussian_cells"": 11940, ""outlier_cells"": 1194, ""missing_cells"": 3729, ""n_train"": 398, ""n_cells"": 11940}",2026-10-05T13:36:24.639320+00:00,bc936294060c9d60cc9127a37c6fda1969abe1f7004c343bee8fc4c265a83362,1.0,1.0.0,True,ok,
stage2-run,official,stage2,breast_cancer,svm_rbf,2,gaussian+outliers+missing,3,3,0.9353056900726393,0.9415204678362573,0.0,398,171,"{""label_flipped"": 0, ""gaussian_cells"": 11940, ""outlier_cells"": 1194, ""missing_cells"": 3729, ""n_train"": 398, ""n_cells"": 11940}",2026-10-05T13:36:24.639320+00:00,bc936294060c9d60cc9127a37c6fda1969abe1f7004c343bee8fc4c265a83362,1.0,1.0.0,True,ok,
stage2-run,official,stage2,breast_cancer,decision_tree,2,gaussian+outliers+missing,3,3,0.8359449952030701,0.8596491228070176,0.015911579132080078,398,171,"{""label_flipped"": 0, ""gaussian_cells"": 11940, ""outlier_cells"": 1194, ""missing_cells"": 3729, ""n_train"": 398, ""n_cells"": 11940}",2026-10-05T13:36:24.655232+00:00,bc936294060c9d60cc9127a37c6fda1969abe1f7004c343bee8fc4c265a83362,1.0,1.0.0,True,ok,
stage2-run,official,stage2,breast_cancer,random_forest,2,gaussian+outliers+missing,3,3,0.9420055017522704,0.9473684210526315,0.12989115715026855,398,171,"{""label_flipped"": 0, ""gaussian_cells"": 11940, ""outlier_cells"": 1194, ""missing_cells"": 3729, ""n_train"": 398, ""n_cells"": 11940}",2026-10-05T13:36:24.788485+00:00,bc936294060c9d60cc9127a37c6fda1969abe1f7004c343bee8fc4c265a83362,1.0,1.0.0,True,ok,
stage2-run,official,stage2,breast_cancer,logreg,2,gaussian+outliers+missing,3,4,0.9420055017522704,0.9473684210526315,0.0046710968017578125,398,171,"{""label_flipped"": 0, ""gaussian_cells"": 11940, ""outlier_cells"": 1791, ""missing_cells"": 4804, ""n_train"": 398, ""n_cells"": 11940}",2026-10-05T13:36:24.796325+00:00,bc936294060c9d60cc9127a37c6fda1969abe1f7004c343bee8fc4c265a83362,1.0,1.0.0,True,ok,
stage2-run,official,stage2,breast_cancer,svm_rbf,2,gaussian+outliers+missing,3,4,0.9285470085470086,0.935672514619883,0.004797458648681641,398,171,"{""label_flipped"": 0, ""gaussian_cells"": 11940, ""outlier_cells"": 1791, ""missing_cells"": 4804, ""n_train"": 398, ""n_cells"": 11940}",2026-10-05T13:36:24.804243+00:00,bc936294060c9d60cc9127a37c6fda1969abe1f7004c343bee8fc4c265a83362,1.0,1.0.0,True,ok,
stage2-run,official,stage2,breast_cancer,decision_tree,2,gaussian+outliers+missing,3,4,0.9033425029204507,0.9122807017543859,0.0,398,171,"{""label_flipped"": 0, ""gaussian_cells"": 11940, ""outlier_cells"": 1791, ""missing_cells"": 4804, ""n_train"": 398, ""n_cells"": 11940}",2026-10-05T13:36:24.804243+00:00,bc936294060c9d60cc9127a37c6fda1969abe1f7004c343bee8fc4c265a83362,1.0,1.0.0,True,ok,
stage2-run,official,stage2,breast_cancer,random_forest,2,gaussian+outliers+missing,3,4,0.9078947368421053,0.9181286549707602,0.129469633102417,398,171,"{""label_flipped"": 0, ""gaussian_cells"": 11940, ""outlier_cells"": 1791, ""missing_cells"": 4804, ""n_train"": 398, ""n_cells"": 11940}",2026-10-05T13:36:24.942138+00:00,bc936294060c9d60cc9127a37c6fda1969abe1f7004c343bee8fc4c265a83362,1.0,1.0.0,True,ok,
stage2-run,official,stage2,breast_cancer,logreg,2,gaussian+outliers+missing,3,5,0.9078947368421053,0.9181286549707602,0.0,398,171,"{""label_flipped"": 0, ""gaussian_cells"": 11940, ""outlier_cells"": 2388, ""missing_cells"": 5918, ""n_train"": 398, ""n_cells"": 11940}",2026-10-05T13:36:24.942138+00:00,bc936294060c9d60cc9127a37c6fda1969abe1f7004c343bee8fc4c265a83362,1.0,1.0.0,True,ok,
stage2-run,official,stage2,breast_cancer,svm_rbf,2,gaussian+outliers+missing,3,5,0.9078947368421053,0.9181286549707602,0.0,398,171,"{""label_flipped"": 0, ""gaussian_cells"": 11940, ""outlier_cells"": 2388, ""missing_cells"": 5918, ""n_train"": 398, ""n_cells"": 11940}",2026-10-05T13:36:24.957346+00:00,bc936294060c9d60cc9127a37c6fda1969abe1f7004c343bee8fc4c265a83362,1.0,1.0.0,True,ok,
stage2-run,official,stage2,breast_cancer,decision_tree,2,gaussian+outliers+missing,3,5,0.6079365079365079,0.695906432748538,0.0,398,171,"{""label_flipped"": 0, ""gaussian_cells"": 11940, ""outlier_cells"": 2388, ""missing_cells"": 5918, ""n_train"": 398, ""n_cells"": 11940}",2026-10-05T13:36:24.957346+00:00,bc936294060c9d60cc9127a37c6fda1969abe1f7004c343bee8fc4c265a83362,1.0,1.0.0,True,ok,
stage2-run,official,stage2,breast_cancer,random_forest,2,gaussian+outliers+missing,3,5,0.8646723646723646,0.8830409356725146,0.11837553977966309,398,171,"{""label_flipped"": 0, ""gaussian_cells"": 11940, ""outlier_cells"": 2388, ""missing_cells"": 5918, ""n_train"": 398, ""n_cells"": 11940}",2026-10-05T13:36:25.075721+00:00,bc936294060c9d60cc9127a37c6fda1969abe1f7004c343bee8fc4c265a83362,1.0,1.0.0,True,ok,
stage2-run,official,stage2,breast_cancer,logreg,2,label+gaussian+outliers+missing,4,1,0.9490312965722802,0.9532163742690059,0.015700817108154297,398,171,"{""label_flipped"": 20, ""gaussian_cells"": 11940, ""outlier_cells"": 239, ""missing_cells"": 1072, ""n_train"": 398, ""n_cells"": 11940}",2026-10-05T13:36:25.091422+00:00,bc936294060c9d60cc9127a37c6fda1969abe1f7004c343bee8fc4c265a83362,1.0,1.0.0,True,ok,
stage2-run,official,stage2,breast_cancer,svm_rbf,2,label+gaussian+outliers+missing,4,1,0.9424479264051457,0.9473684210526315,0.0,398,171,"{""label_flipped"": 20, ""gaussian_cells"": 11940, ""outlier_cells"": 239, ""missing_cells"": 1072, ""n_train"": 398, ""n_cells"": 11940}",2026-10-05T13:36:25.091422+00:00,bc936294060c9d60cc9127a37c6fda1969abe1f7004c343bee8fc4c265a83362,1.0,1.0.0,True,ok,
stage2-run,official,stage2,breast_cancer,decision_tree,2,label+gaussian+outliers+missing,4,1,0.8693088765149034,0.8771929824561403,0.016188383102416992,398,171,"{""label_flipped"": 20, ""gaussian_cells"": 11940, ""outlier_cells"": 239, ""missing_cells"": 1072, ""n_train"": 398, ""n_cells"": 11940}",2026-10-05T13:36:25.110912+00:00,bc936294060c9d60cc9127a37c6fda1969abe1f7004c343bee8fc4c265a83362,1.0,1.0.0,True,ok,
stage2-run,official,stage2,breast_cancer,random_forest,2,label+gaussian+outliers+missing,4,1,0.9420055017522704,0.9473684210526315,0.12342524528503418,398,171,"{""label_flipped"": 20, ""gaussian_cells"": 11940, ""outlier_cells"": 239, ""missing_cells"": 1072, ""n_train"": 398, ""n_cells"": 11940}",2026-10-05T13:36:25.234337+00:00,bc936294060c9d60cc9127a37c6fda1969abe1f7004c343bee8fc4c265a83362,1.0,1.0.0,True,ok,
stage2-run,official,stage2,breast_cancer,logreg,2,label+gaussian+outliers+missing,4,2,0.9493933116306599,0.9532163742690059,0.008517980575561523,398,171,"{""label_flipped"": 40, ""gaussian_cells"": 11940, ""outlier_cells"": 597, ""missing_cells"": 2440, ""n_train"": 398, ""n_cells"": 11940}",2026-10-05T13:36:25.242855+00:00,bc936294060c9d60cc9127a37c6fda1969abe1f7004c343bee8fc4c265a83362,1.0,1.0.0,True,ok,
stage2-run,official,stage2,breast_cancer,svm_rbf,2,label+gaussian+outliers+missing,4,2,0.9420055017522704,0.9473684210526315,0.0,398,171,"{""label_flipped"": 40, ""gaussian_cells"": 11940, ""outlier_cells"": 597, ""missing_cells"": 2440, ""n_train"": 398, ""n_cells"": 11940}",2026-10-05T13:36:25.242855+00:00,bc936294060c9d60cc9127a37c6fda1969abe1f7004c343bee8fc4c265a83362,1.0,1.0.0,True,ok,
stage2-run,official,stage2,breast_cancer,decision_tree,2,label+gaussian+outliers+missing,4,2,0.9383116883116882,0.9415204678362573,0.0,398,171,"{""label_flipped"": 40, ""gaussian_cells"": 11940, ""outlier_cells"": 597, ""missing_cells"": 2440, ""n_train"": 398, ""n_cells"": 11940}",2026-10-05T13:36:25.258549+00:00,bc936294060c9d60cc9127a37c6fda1969abe1f7004c343bee8fc4c265a83362,1.0,1.0.0,True,ok,
stage2-run,official,stage2,breast_cancer,random_forest,2,label+gaussian+outliers+missing,4,2,0.9217271895025938,0.9298245614035088,0.13471341133117676,398,171,"{""label_flipped"": 40, ""gaussian_cells"": 11940, ""outlier_cells"": 597, ""missing_cells"": 2440, ""n_train"": 398, ""n_cells"": 11940}",2026-10-05T13:36:25.410861+00:00,bc936294060c9d60cc9127a37c6fda1969abe1f7004c343bee8fc4c265a83362,1.0,1.0.0,True,ok,
stage2-run,official,stage2,breast_cancer,logreg,2,label+gaussian+outliers+missing,4,3,0.9555629802873371,0.9590643274853801,0.0,398,171,"{""label_flipped"": 80, ""gaussian_cells"": 11940, ""outlier_cells"": 1194, ""missing_cells"": 3729, ""n_train"": 398, ""n_cells"": 11940}",2026-10-05T13:36:25.411468+00:00,bc936294060c9d60cc9127a37c6fda1969abe1f7004c343bee8fc4c265a83362,1.0,1.0.0,True,ok,
stage2-run,official,stage2,breast_cancer,svm_rbf,2,label+gaussian+outliers+missing,4,3,0.9358108108108107,0.9415204678362573,0.0,398,171,"{""label_flipped"": 80, ""gaussian_cells"": 11940, ""outlier_cells"": 1194, ""missing_cells"": 3729, ""n_train"": 398, ""n_cells"": 11940}",2026-10-05T13:36:25.426789+00:00,bc936294060c9d60cc9127a37c6fda1969abe1f7004c343bee8fc4c265a83362,1.0,1.0.0,True,ok,
stage2-run,official,stage2,breast_cancer,decision_tree,2,label+gaussian+outliers+missing,4,3,0.866973125884017,0.8713450292397661,0.0075953006744384766,398,171,"{""label_flipped"": 80, ""gaussian_cells"": 11940, ""outlier_cells"": 1194, ""missing_cells"": 3729, ""n_train"": 398, ""n_cells"": 11940}",2026-10-05T13:36:25.441437+00:00,bc936294060c9d60cc9127a37c6fda1969abe1f7004c343bee8fc4c265a83362,1.0,1.0.0,True,ok,
stage2-run,official,stage2,breast_cancer,random_forest,2,label+gaussian+outliers+missing,4,3,0.9033425029204507,0.9122807017543859,0.13461828231811523,398,171,"{""label_flipped"": 80, ""gaussian_cells"": 11940, ""outlier_cells"": 1194, ""missing_cells"": 3729, ""n_train"": 398, ""n_cells"": 11940}",2026-10-05T13:36:25.577770+00:00,bc936294060c9d60cc9127a37c6fda1969abe1f7004c343bee8fc4c265a83362,1.0,1.0.0,True,ok,
stage2-run,official,stage2,breast_cancer,logreg,2,label+gaussian+outliers+missing,4,4,0.936741639538325,0.9415204678362573,0.016000032424926758,398,171,"{""label_flipped"": 119, ""gaussian_cells"": 11940, ""outlier_cells"": 1791, ""missing_cells"": 4804, ""n_train"": 398, ""n_cells"": 11940}",2026-10-05T13:36:25.593770+00:00,bc936294060c9d60cc9127a37c6fda1969abe1f7004c343bee8fc4c265a83362,1.0,1.0.0,True,ok,
stage2-run,official,stage2,breast_cancer,svm_rbf,2,label+gaussian+outliers+missing,4,4,0.9162301691977239,0.9239766081871345,0.0,398,171,"{""label_flipped"": 119, ""gaussian_cells"": 11940, ""outlier_cells"": 1791, ""missing_cells"": 4804, ""n_train"": 398, ""n_cells"": 11940}",2026-10-05T13:36:25.609555+00:00,bc936294060c9d60cc9127a37c6fda1969abe1f7004c343bee8fc4c265a83362,1.0,1.0.0,True,ok,
stage2-run,official,stage2,breast_cancer,decision_tree,2,label+gaussian+outliers+missing,4,4,0.6281565656565656,0.6374269005847953,0.0,398,171,"{""label_flipped"": 119, ""gaussian_cells"": 11940, ""outlier_cells"": 1791, ""missing_cells"": 4804, ""n_train"": 398, ""n_cells"": 11940}",2026-10-05T13:36:25.609555+00:00,bc936294060c9d60cc9127a37c6fda1969abe1f7004c343bee8fc4c265a83362,1.0,1.0.0,True,ok,
stage2-run,official,stage2,breast_cancer,random_forest,2,label+gaussian+outliers+missing,4,4,0.9246031746031746,0.9298245614035088,0.13343191146850586,398,171,"{""label_flipped"": 119, ""gaussian_cells"": 11940, ""outlier_cells"": 1791, ""missing_cells"": 4804, ""n_train"": 398, ""n_cells"": 11940}",2026-10-05T13:36:25.742987+00:00,bc936294060c9d60cc9127a37c6fda1969abe1f7004c343bee8fc4c265a83362,1.0,1.0.0,True,ok,
stage2-run,official,stage2,breast_cancer,logreg,2,label+gaussian+outliers+missing,4,5,0.9311115180369895,0.935672514619883,0.01568460464477539,398,171,"{""label_flipped"": 159, ""gaussian_cells"": 11940, ""outlier_cells"": 2388, ""missing_cells"": 5918, ""n_train"": 398, ""n_cells"": 11940}",2026-10-05T13:36:25.758672+00:00,bc936294060c9d60cc9127a37c6fda1969abe1f7004c343bee8fc4c265a83362,1.0,1.0.0,True,ok,
stage2-run,official,stage2,breast_cancer,svm_rbf,2,label+gaussian+outliers+missing,4,5,0.936741639538325,0.9415204678362573,0.0,398,171,"{""label_flipped"": 159, ""gaussian_cells"": 11940, ""outlier_cells"": 2388, ""missing_cells"": 5918, ""n_train"": 398, ""n_cells"": 11940}",2026-10-05T13:36:25.758672+00:00,bc936294060c9d60cc9127a37c6fda1969abe1f7004c343bee8fc4c265a83362,1.0,1.0.0,True,ok,
stage2-run,official,stage2,breast_cancer,decision_tree,2,label+gaussian+outliers+missing,4,5,0.7401215805471124,0.7426900584795322,0.0,398,171,"{""label_flipped"": 159, ""gaussian_cells"": 11940, ""outlier_cells"": 2388, ""missing_cells"": 5918, ""n_train"": 398, ""n_cells"": 11940}",2026-10-05T13:36:25.774710+00:00,bc936294060c9d60cc9127a37c6fda1969abe1f7004c343bee8fc4c265a83362,1.0,1.0.0,True,ok,
stage2-run,official,stage2,breast_cancer,random_forest,2,label+gaussian+outliers+missing,4,5,0.9424479264051457,0.9473684210526315,0.11915755271911621,398,171,"{""label_flipped"": 159, ""gaussian_cells"": 11940, ""outlier_cells"": 2388, ""missing_cells"": 5918, ""n_train"": 398, ""n_cells"": 11940}",2026-10-05T13:36:25.907892+00:00,bc936294060c9d60cc9127a37c6fda1969abe1f7004c343bee8fc4c265a83362,1.0,1.0.0,True,ok,
stage2-run,official,stage2,digits,logreg,0,clean,0,0,0.9724693748973184,0.9722222222222222,0.02320265769958496,1257,540,{},2026-10-05T13:36:25.932103+00:00,bc936294060c9d60cc9127a37c6fda1969abe1f7004c343bee8fc4c265a83362,1.0,1.0.0,True,ok,
stage2-run,official,stage2,digits,svm_rbf,0,clean,0,0,0.9815583872644662,0.9814814814814815,0.020815134048461914,1257,540,{},2026-10-05T13:36:25.972146+00:00,bc936294060c9d60cc9127a37c6fda1969abe1f7004c343bee8fc4c265a83362,1.0,1.0.0,True,ok,
stage2-run,official,stage2,digits,decision_tree,0,clean,0,0,0.8412804950559909,0.8407407407407408,0.01566624641418457,1257,540,{},2026-10-05T13:36:25.987812+00:00,bc936294060c9d60cc9127a37c6fda1969abe1f7004c343bee8fc4c265a83362,1.0,1.0.0,True,ok,
stage2-run,official,stage2,digits,random_forest,0,clean,0,0,0.9703325606840618,0.9703703703703703,0.19147872924804688,1257,540,{},2026-10-05T13:36:26.211356+00:00,bc936294060c9d60cc9127a37c6fda1969abe1f7004c343bee8fc4c265a83362,1.0,1.0.0,True,ok,
stage2-run,official,stage2,digits,logreg,0,label,1,1,0.9167594124701333,0.9166666666666666,0.032825469970703125,1257,540,"{""label_flipped"": 63, ""gaussian_cells"": 0, ""outlier_cells"": 0, ""missing_cells"": 0, ""n_train"": 1257, ""n_cells"": 80448}",2026-10-05T13:36:26.244181+00:00,bc936294060c9d60cc9127a37c6fda1969abe1f7004c343bee8fc4c265a83362,1.0,1.0.0,True,ok,
stage2-run,official,stage2,digits,svm_rbf,0,label,1,1,0.9722195050351502,0.9722222222222222,0.03181195259094238,1257,540,"{""label_flipped"": 63, ""gaussian_cells"": 0, ""outlier_cells"": 0, ""missing_cells"": 0, ""n_train"": 1257, ""n_cells"": 80448}",2026-10-05T13:36:26.307370+00:00,bc936294060c9d60cc9127a37c6fda1969abe1f7004c343bee8fc4c265a83362,1.0,1.0.0,True,ok,
stage2-run,official,stage2,digits,decision_tree,0,label,1,1,0.8051878594716273,0.8037037037037037,0.01574110984802246,1257,540,"{""label_flipped"": 63, ""gaussian_cells"": 0, ""outlier_cells"": 0, ""missing_cells"": 0, ""n_train"": 1257, ""n_cells"": 80448}",2026-10-05T13:36:26.323111+00:00,bc936294060c9d60cc9127a37c6fda1969abe1f7004c343bee8fc4c265a83362,1.0,1.0.0,True,ok,
stage2-run,official,stage2,digits,random_forest,0,label,1,1,0.9701860344404386,0.9703703703703703,0.2217555046081543,1257,540,"{""label_flipped"": 63, ""gaussian_cells"": 0, ""outlier_cells"": 0, ""missing_cells"": 0, ""n_train"": 1257, ""n_cells"": 80448}",2026-10-05T13:36:26.560189+00:00,bc936294060c9d60cc9127a37c6fda1969abe1f7004c343bee8fc4c265a83362,1.0,1.0.0,True,ok,
stage2-run,official,stage2,digits,logreg,0,label,1,2,0.9056905210453172,0.9055555555555556,0.015810012817382812,1257,540,"{""label_flipped"": 126, ""gaussian_cells"": 0, ""outlier_cells"": 0, ""missing_cells"": 0, ""n_train"": 1257, ""n_cells"": 80448}",2026-10-05T13:36:26.576845+00:00,bc936294060c9d60cc9127a37c6fda1969abe1f7004c343bee8fc4c265a83362,1.0,1.0.0,True,ok,
stage2-run,official,stage2,digits,svm_rbf,0,label,1,2,0.9777844483787039,0.9777777777777777,0.04810333251953125,1257,540,"{""label_flipped"": 126, ""gaussian_cells"": 0, ""outlier_cells"": 0, ""missing_cells"": 0, ""n_train"": 1257, ""n_cells"": 80448}",2026-10-05T13:36:26.641041+00:00,bc936294060c9d60cc9127a37c6fda1969abe1f7004c343bee8fc4c265a83362,1.0,1.0.0,True,ok,
stage2-run,official,stage2,digits,decision_tree,0,label,1,2,0.7735527282700322,0.774074074074074,0.015671968460083008,1257,540,"{""label_flipped"": 126, ""gaussian_cells"": 0, ""outlier_cells"": 0, ""missing_cells"": 0, ""n_train"": 1257, ""n_cells"": 80448}",2026-10-05T13:36:26.672920+00:00,bc936294060c9d60cc9127a37c6fda1969abe1f7004c343bee8fc4c265a83362,1.0,1.0.0,True,ok,
stage2-run,official,stage2,digits,random_forest,0,label,1,2,0.9775760034809207,0.9777777777777777,0.2362837791442871,1257,540,"{""label_flipped"": 126, ""gaussian_cells"": 0, ""outlier_cells"": 0, ""missing_cells"": 0, ""n_train"": 1257, ""n_cells"": 80448}",2026-10-05T13:36:26.919329+00:00,bc936294060c9d60cc9127a37c6fda1969abe1f7004c343bee8fc4c265a83362,1.0,1.0.0,True,ok,
stage2-run,official,stage2,digits,logreg,0,label,1,3,0.8906142159454589,0.8907407407407407,0.022367477416992188,1257,540,"{""label_flipped"": 251, ""gaussian_cells"": 0, ""outlier_cells"": 0, ""missing_cells"": 0, ""n_train"": 1257, ""n_cells"": 80448}",2026-10-05T13:36:26.941697+00:00,bc936294060c9d60cc9127a37c6fda1969abe1f7004c343bee8fc4c265a83362,1.0,1.0.0,True,ok,
stage2-run,official,stage2,digits,svm_rbf,0,label,1,3,0.9704742092105547,0.9703703703703703,0.036728620529174805,1257,540,"{""label_flipped"": 251, ""gaussian_cells"": 0, ""outlier_cells"": 0, ""missing_cells"": 0, ""n_train"": 1257, ""n_cells"": 80448}",2026-10-05T13:36:27.036923+00:00,bc936294060c9d60cc9127a37c6fda1969abe1f7004c343bee8fc4c265a83362,1.0,1.0.0,True,ok,
stage2-run,official,stage2,digits,decision_tree,0,label,1,3,0.6688351137834504,0.6703703703703704,0.023223400115966797,1257,540,"{""label_flipped"": 251, ""gaussian_cells"": 0, ""outlier_cells"": 0, ""missing_cells"": 0, ""n_train"": 1257, ""n_cells"": 80448}",2026-10-05T13:36:27.060147+00:00,bc936294060c9d60cc9127a37c6fda1969abe1f7004c343bee8fc4c265a83362,1.0,1.0.0,True,ok,
stage2-run,official,stage2,digits,random_forest,0,label,1,3,0.9776734370900868,0.9777777777777777,0.2611844539642334,1257,540,"{""label_flipped"": 251, ""gaussian_cells"": 0, ""outlier_cells"": 0, ""missing_cells"": 0, ""n_train"": 1257, ""n_cells"": 80448}",2026-10-05T13:36:27.321331+00:00,bc936294060c9d60cc9127a37c6fda1969abe1f7004c343bee8fc4c265a83362,1.0,1.0.0,True,ok,
stage2-run,official,stage2,digits,logreg,0,label,1,4,0.8752789310976127,0.8759259259259259,0.04030203819274902,1257,540,"{""label_flipped"": 377, ""gaussian_cells"": 0, ""outlier_cells"": 0, ""missing_cells"": 0, ""n_train"": 1257, ""n_cells"": 80448}",2026-10-05T13:36:27.371968+00:00,bc936294060c9d60cc9127a37c6fda1969abe1f7004c343bee8fc4c265a83362,1.0,1.0.0,True,ok,
stage2-run,official,stage2,digits,svm_rbf,0,label,1,4,0.9669324536067929,0.9666666666666667,0.05293774604797363,1257,540,"{""label_flipped"": 377, ""gaussian_cells"": 0, ""outlier_cells"": 0, ""missing_cells"": 0, ""n_train"": 1257, ""n_cells"": 80448}",2026-10-05T13:36:27.460787+00:00,bc936294060c9d60cc9127a37c6fda1969abe1f7004c343bee8fc4c265a83362,1.0,1.0.0,True,ok,
stage2-run,official,stage2,digits,decision_tree,0,label,1,4,0.5276221593472911,0.5296296296296297,0.016136646270751953,1257,540,"{""label_flipped"": 377, ""gaussian_cells"": 0, ""outlier_cells"": 0, ""missing_cells"": 0, ""n_train"": 1257, ""n_cells"": 80448}",2026-10-05T13:36:27.476923+00:00,bc936294060c9d60cc9127a37c6fda1969abe1f7004c343bee8fc4c265a83362,1.0,1.0.0,True,ok,
stage2-run,official,stage2,digits,random_forest,0,label,1,4,0.9609432498098436,0.9611111111111111,0.28158116340637207,1257,540,"{""label_flipped"": 377, ""gaussian_cells"": 0, ""outlier_cells"": 0, ""missing_cells"": 0, ""n_train"": 1257, ""n_cells"": 80448}",2026-10-05T13:36:27.774221+00:00,bc936294060c9d60cc9127a37c6fda1969abe1f7004c343bee8fc4c265a83362,1.0,1.0.0,True,ok,
stage2-run,official,stage2,digits,logreg,0,label,1,5,0.8226802285994991,0.8240740740740741,0.03238105773925781,1257,540,"{""label_flipped"": 503, ""gaussian_cells"": 0, ""outlier_cells"": 0, ""missing_cells"": 0, ""n_train"": 1257, ""n_cells"": 80448}",2026-10-05T13:36:27.806602+00:00,bc936294060c9d60cc9127a37c6fda1969abe1f7004c343bee8fc4c265a83362,1.0,1.0.0,True,ok,
stage2-run,official,stage2,digits,svm_rbf,0,label,1,5,0.948529464894756,0.9481481481481482,0.05479240417480469,1257,540,"{""label_flipped"": 503, ""gaussian_cells"": 0, ""outlier_cells"": 0, ""missing_cells"": 0, ""n_train"": 1257, ""n_cells"": 80448}",2026-10-05T13:36:27.909305+00:00,bc936294060c9d60cc9127a37c6fda1969abe1f7004c343bee8fc4c265a83362,1.0,1.0.0,True,ok,
stage2-run,official,stage2,digits,decision_tree,0,label,1,5,0.4941241710139158,0.49444444444444446,0.032335519790649414,1257,540,"{""label_flipped"": 503, ""gaussian_cells"": 0, ""outlier_cells"": 0, ""missing_cells"": 0, ""n_train"": 1257, ""n_cells"": 80448}",2026-10-05T13:36:27.941640+00:00,bc936294060c9d60cc9127a37c6fda1969abe1f7004c343bee8fc4c265a83362,1.0,1.0.0,True,ok,
stage2-run,official,stage2,digits,random_forest,0,label,1,5,0.9333143898689847,0.9333333333333333,0.29700636863708496,1257,540,"{""label_flipped"": 503, ""gaussian_cells"": 0, ""outlier_cells"": 0, ""missing_cells"": 0, ""n_train"": 1257, ""n_cells"": 80448}",2026-10-05T13:36:28.242758+00:00,bc936294060c9d60cc9127a37c6fda1969abe1f7004c343bee8fc4c265a83362,1.0,1.0.0,True,ok,
stage2-run,official,stage2,digits,logreg,0,gaussian,1,1,0.961717798925257,0.9611111111111111,0.01566910743713379,1257,540,"{""label_flipped"": 0, ""gaussian_cells"": 75420, ""outlier_cells"": 0, ""missing_cells"": 0, ""n_train"": 1257, ""n_cells"": 80448}",2026-10-05T13:36:28.274154+00:00,bc936294060c9d60cc9127a37c6fda1969abe1f7004c343bee8fc4c265a83362,1.0,1.0.0,True,ok,
stage2-run,official,stage2,digits,svm_rbf,0,gaussian,1,1,0.9778079144363236,0.9777777777777777,0.03175640106201172,1257,540,"{""label_flipped"": 0, ""gaussian_cells"": 75420, ""outlier_cells"": 0, ""missing_cells"": 0, ""n_train"": 1257, ""n_cells"": 80448}",2026-10-05T13:36:28.321605+00:00,bc936294060c9d60cc9127a37c6fda1969abe1f7004c343bee8fc4c265a83362,1.0,1.0.0,True,ok,
stage2-run,official,stage2,digits,decision_tree,0,gaussian,1,1,0.8120713373419992,0.812962962962963,0.04135870933532715,1257,540,"{""label_flipped"": 0, ""gaussian_cells"": 75420, ""outlier_cells"": 0, ""missing_cells"": 0, ""n_train"": 1257, ""n_cells"": 80448}",2026-10-05T13:36:28.378673+00:00,bc936294060c9d60cc9127a37c6fda1969abe1f7004c343bee8fc4c265a83362,1.0,1.0.0,True,ok,
stage2-run,official,stage2,digits,random_forest,0,gaussian,1,1,0.9720727526970891,0.9722222222222222,0.537006139755249,1257,540,"{""label_flipped"": 0, ""gaussian_cells"": 75420, ""outlier_cells"": 0, ""missing_cells"": 0, ""n_train"": 1257, ""n_cells"": 80448}",2026-10-05T13:36:28.941367+00:00,bc936294060c9d60cc9127a37c6fda1969abe1f7004c343bee8fc4c265a83362,1.0,1.0.0,True,ok,
stage2-run,official,stage2,digits,logreg,0,gaussian,1,2,0.9649009877472802,0.9648148148148148,0.014830827713012695,1257,540,"{""label_flipped"": 0, ""gaussian_cells"": 75420, ""outlier_cells"": 0, ""missing_cells"": 0, ""n_train"": 1257, ""n_cells"": 80448}",2026-10-05T13:36:28.957036+00:00,bc936294060c9d60cc9127a37c6fda1969abe1f7004c343bee8fc4c265a83362,1.0,1.0.0,True,ok,
stage2-run,official,stage2,digits,svm_rbf,0,gaussian,1,2,0.9722968550431952,0.9722222222222222,0.02182483673095703,1257,540,"{""label_flipped"": 0, ""gaussian_cells"": 75420, ""outlier_cells"": 0, ""missing_cells"": 0, ""n_train"": 1257, ""n_cells"": 80448}",2026-10-05T13:36:29.039876+00:00,bc936294060c9d60cc9127a37c6fda1969abe1f7004c343bee8fc4c265a83362,1.0,1.0.0,True,ok,
stage2-run,official,stage2,digits,decision_tree,0,gaussian,1,2,0.8249299296020943,0.825925925925926,0.055643320083618164,1257,540,"{""label_flipped"": 0, ""gaussian_cells"": 75420, ""outlier_cells"": 0, ""missing_cells"": 0, ""n_train"": 1257, ""n_cells"": 80448}",2026-10-05T13:36:29.100250+00:00,bc936294060c9d60cc9127a37c6fda1969abe1f7004c343bee8fc4c265a83362,1.0,1.0.0,True,ok,
stage2-run,official,stage2,digits,random_forest,0,gaussian,1,2,0.9684254363112942,0.9685185185185186,0.5899496078491211,1257,540,"{""label_flipped"": 0, ""gaussian_cells"": 75420, ""outlier_cells"": 0, ""missing_cells"": 0, ""n_train"": 1257, ""n_cells"": 80448}",2026-10-05T13:36:29.704388+00:00,bc936294060c9d60cc9127a37c6fda1969abe1f7004c343bee8fc4c265a83362,1.0,1.0.0,True,ok,
stage2-run,official,stage2,digits,logreg,0,gaussian,1,3,0.9579059572720686,0.9574074074074074,0.020041227340698242,1257,540,"{""label_flipped"": 0, ""gaussian_cells"": 75420, ""outlier_cells"": 0, ""missing_cells"": 0, ""n_train"": 1257, ""n_cells"": 80448}",2026-10-05T13:36:29.726435+00:00,bc936294060c9d60cc9127a37c6fda1969abe1f7004c343bee8fc4c265a83362,1.0,1.0.0,True,ok,
stage2-run,official,stage2,digits,svm_rbf,0,gaussian,1,3,0.9537152031390882,0.9537037037037037,0.053664445877075195,1257,540,"{""label_flipped"": 0, ""gaussian_cells"": 75420, ""outlier_cells"": 0, ""missing_cells"": 0, ""n_train"": 1257, ""n_cells"": 80448}",2026-10-05T13:36:29.818567+00:00,bc936294060c9d60cc9127a37c6fda1969abe1f7004c343bee8fc4c265a83362,1.0,1.0.0,True,ok,
stage2-run,official,stage2,digits,decision_tree,0,gaussian,1,3,0.7585726928380903,0.7611111111111111,0.05546307563781738,1257,540,"{""label_flipped"": 0, ""gaussian_cells"": 75420, ""outlier_cells"": 0, ""missing_cells"": 0, ""n_train"": 1257, ""n_cells"": 80448}",2026-10-05T13:36:29.877777+00:00,bc936294060c9d60cc9127a37c6fda1969abe1f7004c343bee8fc4c265a83362,1.0,1.0.0,True,ok,
stage2-run,official,stage2,digits,random_forest,0,gaussian,1,3,0.9478330764426082,0.9481481481481482,0.6173114776611328,1257,540,"{""label_flipped"": 0, ""gaussian_cells"": 75420, ""outlier_cells"": 0, ""missing_cells"": 0, ""n_train"": 1257, ""n_cells"": 80448}",2026-10-05T13:36:30.510535+00:00,bc936294060c9d60cc9127a37c6fda1969abe1f7004c343bee8fc4c265a83362,1.0,1.0.0,True,ok,
stage2-run,official,stage2,digits,logreg,0,gaussian,1,4,0.9336069593726417,0.9333333333333333,0.017908096313476562,1257,540,"{""label_flipped"": 0, ""gaussian_cells"": 75420, ""outlier_cells"": 0, ""missing_cells"": 0, ""n_train"": 1257, ""n_cells"": 80448}",2026-10-05T13:36:30.540920+00:00,bc936294060c9d60cc9127a37c6fda1969abe1f7004c343bee8fc4c265a83362,1.0,1.0.0,True,ok,
stage2-run,official,stage2,digits,svm_rbf,0,gaussian,1,4,0.9249939505783384,0.9259259259259259,0.0643472671508789,1257,540,"{""label_flipped"": 0, ""gaussian_cells"": 75420, ""outlier_cells"": 0, ""missing_cells"": 0, ""n_train"": 1257, ""n_cells"": 80448}",2026-10-05T13:36:30.659706+00:00,bc936294060c9d60cc9127a37c6fda1969abe1f7004c343bee8fc4c265a83362,1.0,1.0.0,True,ok,
stage2-run,official,stage2,digits,decision_tree,0,gaussian,1,4,0.5942113829325881,0.6,0.060819149017333984,1257,540,"{""label_flipped"": 0, ""gaussian_cells"": 75420, ""outlier_cells"": 0, ""missing_cells"": 0, ""n_train"": 1257, ""n_cells"": 80448}",2026-10-05T13:36:30.722530+00:00,bc936294060c9d60cc9127a37c6fda1969abe1f7004c343bee8fc4c265a83362,1.0,1.0.0,True,ok,
stage2-run,official,stage2,digits,random_forest,0,gaussian,1,4,0.9087075038457307,0.9092592592592592,0.6517407894134521,1257,540,"{""label_flipped"": 0, ""gaussian_cells"": 75420, ""outlier_cells"": 0, ""missing_cells"": 0, ""n_train"": 1257, ""n_cells"": 80448}",2026-10-05T13:36:31.399697+00:00,bc936294060c9d60cc9127a37c6fda1969abe1f7004c343bee8fc4c265a83362,1.0,1.0.0,True,ok,
stage2-run,official,stage2,digits,logreg,0,gaussian,1,5,0.9138241393094437,0.912962962962963,0.007987260818481445,1257,540,"{""label_flipped"": 0, ""gaussian_cells"": 75420, ""outlier_cells"": 0, ""missing_cells"": 0, ""n_train"": 1257, ""n_cells"": 80448}",2026-10-05T13:36:31.409690+00:00,bc936294060c9d60cc9127a37c6fda1969abe1f7004c343bee8fc4c265a83362,1.0,1.0.0,True,ok,
stage2-run,official,stage2,digits,svm_rbf,0,gaussian,1,5,0.8869126587822878,0.8870370370370371,0.06445479393005371,1257,540,"{""label_flipped"": 0, ""gaussian_cells"": 75420, ""outlier_cells"": 0, ""missing_cells"": 0, ""n_train"": 1257, ""n_cells"": 80448}",2026-10-05T13:36:31.528736+00:00,bc936294060c9d60cc9127a37c6fda1969abe1f7004c343bee8fc4c265a83362,1.0,1.0.0,True,ok,
stage2-run,official,stage2,digits,decision_tree,0,gaussian,1,5,0.45372343900882256,0.4648148148148148,0.08024168014526367,1257,540,"{""label_flipped"": 0, ""gaussian_cells"": 75420, ""outlier_cells"": 0, ""missing_cells"": 0, ""n_train"": 1257, ""n_cells"": 80448}",2026-10-05T13:36:31.608978+00:00,bc936294060c9d60cc9127a37c6fda1969abe1f7004c343bee8fc4c265a83362,1.0,1.0.0,True,ok,
stage2-run,official,stage2,digits,random_forest,0,gaussian,1,5,0.8724315480309006,0.8740740740740741,0.6845793724060059,1257,540,"{""label_flipped"": 0, ""gaussian_cells"": 75420, ""outlier_cells"": 0, ""missing_cells"": 0, ""n_train"": 1257, ""n_cells"": 80448}",2026-10-05T13:36:32.293557+00:00,bc936294060c9d60cc9127a37c6fda1969abe1f7004c343bee8fc4c265a83362,1.0,1.0.0,True,ok,
stage2-run,official,stage2,digits,logreg,0,outliers,1,1,0.9504223882214211,0.95,0.01326894760131836,1257,540,"{""label_flipped"": 0, ""gaussian_cells"": 0, ""outlier_cells"": 1508, ""missing_cells"": 0, ""n_train"": 1257, ""n_cells"": 80448}",2026-10-05T13:36:32.320720+00:00,bc936294060c9d60cc9127a37c6fda1969abe1f7004c343bee8fc4c265a83362,1.0,1.0.0,True,ok,
stage2-run,official,stage2,digits,svm_rbf,0,outliers,1,1,0.9646986615136836,0.9648148148148148,0.04100465774536133,1257,540,"{""label_flipped"": 0, ""gaussian_cells"": 0, ""outlier_cells"": 1508, ""missing_cells"": 0, ""n_train"": 1257, ""n_cells"": 80448}",2026-10-05T13:36:32.412352+00:00,bc936294060c9d60cc9127a37c6fda1969abe1f7004c343bee8fc4c265a83362,1.0,1.0.0,True,ok,
stage2-run,official,stage2,digits,decision_tree,0,outliers,1,1,0.8487134516676077,0.85,0.015001535415649414,1257,540,"{""label_flipped"": 0, ""gaussian_cells"": 0, ""outlier_cells"": 1508, ""missing_cells"": 0, ""n_train"": 1257, ""n_cells"": 80448}",2026-10-05T13:36:32.429360+00:00,bc936294060c9d60cc9127a37c6fda1969abe1f7004c343bee8fc4c265a83362,1.0,1.0.0,True,ok,
stage2-run,official,stage2,digits,random_forest,0,outliers,1,1,0.9665197502739854,0.9666666666666667,0.28366518020629883,1257,540,"{""label_flipped"": 0, ""gaussian_cells"": 0, ""outlier_cells"": 1508, ""missing_cells"": 0, ""n_train"": 1257, ""n_cells"": 80448}",2026-10-05T13:36:32.729124+00:00,bc936294060c9d60cc9127a37c6fda1969abe1f7004c343bee8fc4c265a83362,1.0,1.0.0,True,ok,
stage2-run,official,stage2,digits,logreg,0,outliers,1,2,0.9466415660744987,0.9462962962962963,0.03454303741455078,1257,540,"{""label_flipped"": 0, ""gaussian_cells"": 0, ""outlier_cells"": 3771, ""missing_cells"": 0, ""n_train"": 1257, ""n_cells"": 80448}",2026-10-05T13:36:32.779641+00:00,bc936294060c9d60cc9127a37c6fda1969abe1f7004c343bee8fc4c265a83362,1.0,1.0.0,True,ok,
stage2-run,official,stage2,digits,svm_rbf,0,outliers,1,2,0.9536390070437072,0.9537037037037037,0.09845805168151855,1257,540,"{""label_flipped"": 0, ""gaussian_cells"": 0, ""outlier_cells"": 3771, ""missing_cells"": 0, ""n_train"": 1257, ""n_cells"": 80448}",2026-10-05T13:36:32.961535+00:00,bc936294060c9d60cc9127a37c6fda1969abe1f7004c343bee8fc4c265a83362,1.0,1.0.0,True,ok,
stage2-run,official,stage2,digits,decision_tree,0,outliers,1,2,0.8559664563832635,0.8555555555555555,0.01596975326538086,1257,540,"{""label_flipped"": 0, ""gaussian_cells"": 0, ""outlier_cells"": 3771, ""missing_cells"": 0, ""n_train"": 1257, ""n_cells"": 80448}",2026-10-05T13:36:32.995258+00:00,bc936294060c9d60cc9127a37c6fda1969abe1f7004c343bee8fc4c265a83362,1.0,1.0.0,True,ok,
stage2-run,official,stage2,digits,random_forest,0,outliers,1,2,0.9575334731777307,0.9574074074074074,0.35741639137268066,1257,540,"{""label_flipped"": 0, ""gaussian_cells"": 0, ""outlier_cells"": 3771, ""missing_cells"": 0, ""n_train"": 1257, ""n_cells"": 80448}",2026-10-05T13:36:33.389101+00:00,bc936294060c9d60cc9127a37c6fda1969abe1f7004c343bee8fc4c265a83362,1.0,1.0.0,True,ok,
stage2-run,official,stage2,digits,logreg,0,outliers,1,3,0.9076936832437734,0.9074074074074074,0.02803945541381836,1257,540,"{""label_flipped"": 0, ""gaussian_cells"": 0, ""outlier_cells"": 7542, ""missing_cells"": 0, ""n_train"": 1257, ""n_cells"": 80448}",2026-10-05T13:36:33.424047+00:00,bc936294060c9d60cc9127a37c6fda1969abe1f7004c343bee8fc4c265a83362,1.0,1.0.0,True,ok,
stage2-run,official,stage2,digits,svm_rbf,0,outliers,1,3,0.9029370358068481,0.9037037037037037,0.07155537605285645,1257,540,"{""label_flipped"": 0, ""gaussian_cells"": 0, ""outlier_cells"": 7542, ""missing_cells"": 0, ""n_train"": 1257, ""n_cells"": 80448}",2026-10-05T13:36:33.561879+00:00,bc936294060c9d60cc9127a37c6fda1969abe1f7004c343bee8fc4c265a83362,1.0,1.0.0,True,ok,
stage2-run,official,stage2,digits,decision_tree,0,outliers,1,3,0.8069382453603122,0.8074074074074075,0.03199148178100586,1257,540,"{""label_flipped"": 0, ""gaussian_cells"": 0, ""outlier_cells"": 7542, ""missing_cells"": 0, ""n_train"": 1257, ""n_cells"": 80448}",2026-10-05T13:36:33.596445+00:00,bc936294060c9d60cc9127a37c6fda1969abe1f7004c343bee8fc4c265a83362,1.0,1.0.0,True,ok,
stage2-run,official,stage2,digits,random_forest,0,outliers,1,3,0.968581953419213,0.9685185185185186,0.3290257453918457,1257,540,"{""label_flipped"": 0, ""gaussian_cells"": 0, ""outlier_cells"": 7542, ""missing_cells"": 0, ""n_train"": 1257, ""n_cells"": 80448}",2026-10-05T13:36:33.945136+00:00,bc936294060c9d60cc9127a37c6fda1969abe1f7004c343bee8fc4c265a83362,1.0,1.0.0,True,ok,
stage2-run,official,stage2,digits,logreg,0,outliers,1,4,0.8989621024471216,0.8981481481481481,0.013715028762817383,1257,540,"{""label_flipped"": 0, ""gaussian_cells"": 0, ""outlier_cells"": 11313, ""missing_cells"": 0, ""n_train"": 1257, ""n_cells"": 80448}",2026-10-05T13:36:33.961158+00:00,bc936294060c9d60cc9127a37c6fda1969abe1f7004c343bee8fc4c265a83362,1.0,1.0.0,True,ok,
stage2-run,official,stage2,digits,svm_rbf,0,outliers,1,4,0.8952052006009886,0.8962962962962963,0.09902119636535645,1257,540,"{""label_flipped"": 0, ""gaussian_cells"": 0, ""outlier_cells"": 11313, ""missing_cells"": 0, ""n_train"": 1257, ""n_cells"": 80448}",2026-10-05T13:36:34.107801+00:00,bc936294060c9d60cc9127a37c6fda1969abe1f7004c343bee8fc4c265a83362,1.0,1.0.0,True,ok,
stage2-run,official,stage2,digits,decision_tree,0,outliers,1,4,0.8002950391170247,0.8018518518518518,0.03555417060852051,1257,540,"{""label_flipped"": 0, ""gaussian_cells"": 0, ""outlier_cells"": 11313, ""missing_cells"": 0, ""n_train"": 1257, ""n_cells"": 80448}",2026-10-05T13:36:34.145862+00:00,bc936294060c9d60cc9127a37c6fda1969abe1f7004c343bee8fc4c265a83362,1.0,1.0.0,True,ok,
stage2-run,official,stage2,digits,random_forest,0,outliers,1,4,0.9480261203203089,0.9481481481481482,0.28275561332702637,1257,540,"{""label_flipped"": 0, ""gaussian_cells"": 0, ""outlier_cells"": 11313, ""missing_cells"": 0, ""n_train"": 1257, ""n_cells"": 80448}",2026-10-05T13:36:34.438650+00:00,bc936294060c9d60cc9127a37c6fda1969abe1f7004c343bee8fc4c265a83362,1.0,1.0.0,True,ok,
stage2-run,official,stage2,digits,logreg,0,outliers,1,5,0.88746146681063,0.8870370370370371,0.00624847412109375,1257,540,"{""label_flipped"": 0, ""gaussian_cells"": 0, ""outlier_cells"": 15084, ""missing_cells"": 0, ""n_train"": 1257, ""n_cells"": 80448}",2026-10-05T13:36:34.445904+00:00,bc936294060c9d60cc9127a37c6fda1969abe1f7004c343bee8fc4c265a83362,1.0,1.0.0,True,ok,
stage2-run,official,stage2,digits,svm_rbf,0,outliers,1,5,0.8669180793777704,0.8629629629629629,0.09865832328796387,1257,540,"{""label_flipped"": 0, ""gaussian_cells"": 0, ""outlier_cells"": 15084, ""missing_cells"": 0, ""n_train"": 1257, ""n_cells"": 80448}",2026-10-05T13:36:34.595530+00:00,bc936294060c9d60cc9127a37c6fda1969abe1f7004c343bee8fc4c265a83362,1.0,1.0.0,True,ok,
stage2-run,official,stage2,digits,decision_tree,0,outliers,1,5,0.7523031056664667,0.7537037037037037,0.020867347717285156,1257,540,"{""label_flipped"": 0, ""gaussian_cells"": 0, ""outlier_cells"": 15084, ""missing_cells"": 0, ""n_train"": 1257, ""n_cells"": 80448}",2026-10-05T13:36:34.620146+00:00,bc936294060c9d60cc9127a37c6fda1969abe1f7004c343bee8fc4c265a83362,1.0,1.0.0,True,ok,
stage2-run,official,stage2,digits,random_forest,0,outliers,1,5,0.9572991849823783,0.9574074074074074,0.28642988204956055,1257,540,"{""label_flipped"": 0, ""gaussian_cells"": 0, ""outlier_cells"": 15084, ""missing_cells"": 0, ""n_train"": 1257, ""n_cells"": 80448}",2026-10-05T13:36:34.923656+00:00,bc936294060c9d60cc9127a37c6fda1969abe1f7004c343bee8fc4c265a83362,1.0,1.0.0,True,ok,
stage2-run,official,stage2,digits,logreg,0,missing,1,1,0.9722998775477562,0.9722222222222222,0.0313875675201416,1257,540,"{""label_flipped"": 0, ""gaussian_cells"": 0, ""outlier_cells"": 0, ""missing_cells"": 8224, ""n_train"": 1257, ""n_cells"": 80448}",2026-10-05T13:36:34.955043+00:00,bc936294060c9d60cc9127a37c6fda1969abe1f7004c343bee8fc4c265a83362,1.0,1.0.0,True,ok,
stage2-run,official,stage2,digits,svm_rbf,0,missing,1,1,0.9723998374936104,0.9722222222222222,0.03175854682922363,1257,540,"{""label_flipped"": 0, ""gaussian_cells"": 0, ""outlier_cells"": 0, ""missing_cells"": 8224, ""n_train"": 1257, ""n_cells"": 80448}",2026-10-05T13:36:35.025855+00:00,bc936294060c9d60cc9127a37c6fda1969abe1f7004c343bee8fc4c265a83362,1.0,1.0.0,True,ok,
stage2-run,official,stage2,digits,decision_tree,0,missing,1,1,0.8389404070835791,0.8407407407407408,0.02713465690612793,1257,540,"{""label_flipped"": 0, ""gaussian_cells"": 0, ""outlier_cells"": 0, ""missing_cells"": 8224, ""n_train"": 1257, ""n_cells"": 80448}",2026-10-05T13:36:35.060479+00:00,bc936294060c9d60cc9127a37c6fda1969abe1f7004c343bee8fc4c265a83362,1.0,1.0.0,True,ok,
stage2-run,official,stage2,digits,random_forest,0,missing,1,1,0.9701959844856838,0.9703703703703703,0.29534077644348145,1257,540,"{""label_flipped"": 0, ""gaussian_cells"": 0, ""outlier_cells"": 0, ""missing_cells"": 8224, ""n_train"": 1257, ""n_cells"": 80448}",2026-10-05T13:36:35.358841+00:00,bc936294060c9d60cc9127a37c6fda1969abe1f7004c343bee8fc4c265a83362,1.0,1.0.0,True,ok,
stage2-run,official,stage2,digits,logreg,0,missing,1,2,0.9590816428250367,0.9592592592592593,0.031592369079589844,1257,540,"{""label_flipped"": 0, ""gaussian_cells"": 0, ""outlier_cells"": 0, ""missing_cells"": 15963, ""n_train"": 1257, ""n_cells"": 80448}",2026-10-05T13:36:35.394813+00:00,bc936294060c9d60cc9127a37c6fda1969abe1f7004c343bee8fc4c265a83362,1.0,1.0.0,True,ok,
stage2-run,official,stage2,digits,svm_rbf,0,missing,1,2,0.9705534959568662,0.9703703703703703,0.029691696166992188,1257,540,"{""label_flipped"": 0, ""gaussian_cells"": 0, ""outlier_cells"": 0, ""missing_cells"": 15963, ""n_train"": 1257, ""n_cells"": 80448}",2026-10-05T13:36:35.471052+00:00,bc936294060c9d60cc9127a37c6fda1969abe1f7004c343bee8fc4c265a83362,1.0,1.0.0,True,ok,
stage2-run,official,stage2,digits,decision_tree,0,missing,1,2,0.8376732603053091,0.8388888888888889,0.024477005004882812,1257,540,"{""label_flipped"": 0, ""gaussian_cells"": 0, ""outlier_cells"": 0, ""missing_cells"": 15963, ""n_train"": 1257, ""n_cells"": 80448}",2026-10-05T13:36:35.501744+00:00,bc936294060c9d60cc9127a37c6fda1969abe1f7004c343bee8fc4c265a83362,1.0,1.0.0,True,ok,
stage2-run,official,stage2,digits,random_forest,0,missing,1,2,0.9666866640472828,0.9666666666666667,0.30288171768188477,1257,540,"{""label_flipped"": 0, ""gaussian_cells"": 0, ""outlier_cells"": 0, ""missing_cells"": 15963, ""n_train"": 1257, ""n_cells"": 80448}",2026-10-05T13:36:35.816530+00:00,bc936294060c9d60cc9127a37c6fda1969abe1f7004c343bee8fc4c265a83362,1.0,1.0.0,True,ok,
stage2-run,official,stage2,digits,logreg,0,missing,1,3,0.9624426368570873,0.9629629629629629,0.029667377471923828,1257,540,"{""label_flipped"": 0, ""gaussian_cells"": 0, ""outlier_cells"": 0, ""missing_cells"": 24215, ""n_train"": 1257, ""n_cells"": 80448}",2026-10-05T13:36:35.848204+00:00,bc936294060c9d60cc9127a37c6fda1969abe1f7004c343bee8fc4c265a83362,1.0,1.0.0,True,ok,
stage2-run,official,stage2,digits,svm_rbf,0,missing,1,3,0.9570912658322233,0.9574074074074074,0.041164398193359375,1257,540,"{""label_flipped"": 0, ""gaussian_cells"": 0, ""outlier_cells"": 0, ""missing_cells"": 24215, ""n_train"": 1257, ""n_cells"": 80448}",2026-10-05T13:36:35.936861+00:00,bc936294060c9d60cc9127a37c6fda1969abe1f7004c343bee8fc4c265a83362,1.0,1.0.0,True,ok,
stage2-run,official,stage2,digits,decision_tree,0,missing,1,3,0.7494084054890168,0.75,0.01819777488708496,1257,540,"{""label_flipped"": 0, ""gaussian_cells"": 0, ""outlier_cells"": 0, ""missing_cells"": 24215, ""n_train"": 1257, ""n_cells"": 80448}",2026-10-05T13:36:35.959077+00:00,bc936294060c9d60cc9127a37c6fda1969abe1f7004c343bee8fc4c265a83362,1.0,1.0.0,True,ok,
stage2-run,official,stage2,digits,random_forest,0,missing,1,3,0.9593280201641509,0.9592592592592593,0.2998971939086914,1257,540,"{""label_flipped"": 0, ""gaussian_cells"": 0, ""outlier_cells"": 0, ""missing_cells"": 24215, ""n_train"": 1257, ""n_cells"": 80448}",2026-10-05T13:36:36.258974+00:00,bc936294060c9d60cc9127a37c6fda1969abe1f7004c343bee8fc4c265a83362,1.0,1.0.0,True,ok,
stage2-run,official,stage2,digits,logreg,0,missing,1,4,0.9398626087724861,0.9407407407407408,0.031392574310302734,1257,540,"{""label_flipped"": 0, ""gaussian_cells"": 0, ""outlier_cells"": 0, ""missing_cells"": 32097, ""n_train"": 1257, ""n_cells"": 80448}",2026-10-05T13:36:36.306372+00:00,bc936294060c9d60cc9127a37c6fda1969abe1f7004c343bee8fc4c265a83362,1.0,1.0.0,True,ok,
stage2-run,official,stage2,digits,svm_rbf,0,missing,1,4,0.9371270767913072,0.937037037037037,0.04777359962463379,1257,540,"{""label_flipped"": 0, ""gaussian_cells"": 0, ""outlier_cells"": 0, ""missing_cells"": 32097, ""n_train"": 1257, ""n_cells"": 80448}",2026-10-05T13:36:36.395556+00:00,bc936294060c9d60cc9127a37c6fda1969abe1f7004c343bee8fc4c265a83362,1.0,1.0.0,True,ok,
stage2-run,official,stage2,digits,decision_tree,0,missing,1,4,0.6957512577361517,0.6981481481481482,0.012392044067382812,1257,540,"{""label_flipped"": 0, ""gaussian_cells"": 0, ""outlier_cells"": 0, ""missing_cells"": 32097, ""n_train"": 1257, ""n_cells"": 80448}",2026-10-05T13:36:36.411466+00:00,bc936294060c9d60cc9127a37c6fda1969abe1f7004c343bee8fc4c265a83362,1.0,1.0.0,True,ok,
stage2-run,official,stage2,digits,random_forest,0,missing,1,4,0.9361986908101233,0.937037037037037,0.33395957946777344,1257,540,"{""label_flipped"": 0, ""gaussian_cells"": 0, ""outlier_cells"": 0, ""missing_cells"": 32097, ""n_train"": 1257, ""n_cells"": 80448}",2026-10-05T13:36:36.771208+00:00,bc936294060c9d60cc9127a37c6fda1969abe1f7004c343bee8fc4c265a83362,1.0,1.0.0,True,ok,
stage2-run,official,stage2,digits,logreg,0,missing,1,5,0.9391065539128493,0.9407407407407408,0.02061915397644043,1257,540,"{""label_flipped"": 0, ""gaussian_cells"": 0, ""outlier_cells"": 0, ""missing_cells"": 40097, ""n_train"": 1257, ""n_cells"": 80448}",2026-10-05T13:36:36.810524+00:00,bc936294060c9d60cc9127a37c6fda1969abe1f7004c343bee8fc4c265a83362,1.0,1.0.0,True,ok,
stage2-run,official,stage2,digits,svm_rbf,0,missing,1,5,0.9194285408425923,0.9203703703703704,0.04892706871032715,1257,540,"{""label_flipped"": 0, ""gaussian_cells"": 0, ""outlier_cells"": 0, ""missing_cells"": 40097, ""n_train"": 1257, ""n_cells"": 80448}",2026-10-05T13:36:36.909599+00:00,bc936294060c9d60cc9127a37c6fda1969abe1f7004c343bee8fc4c265a83362,1.0,1.0.0,True,ok,
stage2-run,official,stage2,digits,decision_tree,0,missing,1,5,0.6303419371101513,0.6370370370370371,0.027085304260253906,1257,540,"{""label_flipped"": 0, ""gaussian_cells"": 0, ""outlier_cells"": 0, ""missing_cells"": 40097, ""n_train"": 1257, ""n_cells"": 80448}",2026-10-05T13:36:36.941554+00:00,bc936294060c9d60cc9127a37c6fda1969abe1f7004c343bee8fc4c265a83362,1.0,1.0.0,True,ok,
stage2-run,official,stage2,digits,random_forest,0,missing,1,5,0.9263007843006807,0.9277777777777778,0.31119203567504883,1257,540,"{""label_flipped"": 0, ""gaussian_cells"": 0, ""outlier_cells"": 0, ""missing_cells"": 40097, ""n_train"": 1257, ""n_cells"": 80448}",2026-10-05T13:36:37.260454+00:00,bc936294060c9d60cc9127a37c6fda1969abe1f7004c343bee8fc4c265a83362,1.0,1.0.0,True,ok,
stage2-run,official,stage2,digits,logreg,0,label+gaussian,2,1,0.9222634585329574,0.9222222222222223,0.04534649848937988,1257,540,"{""label_flipped"": 63, ""gaussian_cells"": 75420, ""outlier_cells"": 0, ""missing_cells"": 0, ""n_train"": 1257, ""n_cells"": 80448}",2026-10-05T13:36:37.305801+00:00,bc936294060c9d60cc9127a37c6fda1969abe1f7004c343bee8fc4c265a83362,1.0,1.0.0,True,ok,
stage2-run,official,stage2,digits,svm_rbf,0,label+gaussian,2,1,0.9703295931452385,0.9703703703703703,0.04795241355895996,1257,540,"{""label_flipped"": 63, ""gaussian_cells"": 75420, ""outlier_cells"": 0, ""missing_cells"": 0, ""n_train"": 1257, ""n_cells"": 80448}",2026-10-05T13:36:37.377712+00:00,bc936294060c9d60cc9127a37c6fda1969abe1f7004c343bee8fc4c265a83362,1.0,1.0.0,True,ok,
stage2-run,official,stage2,digits,decision_tree,0,label+gaussian,2,1,0.8034211049053639,0.8018518518518518,0.09503674507141113,1257,540,"{""label_flipped"": 63, ""gaussian_cells"": 75420, ""outlier_cells"": 0, ""missing_cells"": 0, ""n_train"": 1257, ""n_cells"": 80448}",2026-10-05T13:36:37.474755+00:00,bc936294060c9d60cc9127a37c6fda1969abe1f7004c343bee8fc4c265a83362,1.0,1.0.0,True,ok,
stage2-run,official,stage2,digits,random_forest,0,label+gaussian,2,1,0.9629384806732608,0.9629629629629629,0.6599118709564209,1257,540,"{""label_flipped"": 63, ""gaussian_cells"": 75420, ""outlier_cells"": 0, ""missing_cells"": 0, ""n_train"": 1257, ""n_cells"": 80448}",2026-10-05T13:36:38.154090+00:00,bc936294060c9d60cc9127a37c6fda1969abe1f7004c343bee8fc4c265a83362,1.0,1.0.0,True,ok,
stage2-run,official,stage2,digits,logreg,0,label+gaussian,2,2,0.9368554452174388,0.937037037037037,0.01603555679321289,1257,540,"{""label_flipped"": 126, ""gaussian_cells"": 75420, ""outlier_cells"": 0, ""missing_cells"": 0, ""n_train"": 1257, ""n_cells"": 80448}",2026-10-05T13:36:38.185872+00:00,bc936294060c9d60cc9127a37c6fda1969abe1f7004c343bee8fc4c265a83362,1.0,1.0.0,True,ok,
stage2-run,official,stage2,digits,svm_rbf,0,label+gaussian,2,2,0.972157486507272,0.9722222222222222,0.0378115177154541,1257,540,"{""label_flipped"": 126, ""gaussian_cells"": 75420, ""outlier_cells"": 0, ""missing_cells"": 0, ""n_train"": 1257, ""n_cells"": 80448}",2026-10-05T13:36:38.274173+00:00,bc936294060c9d60cc9127a37c6fda1969abe1f7004c343bee8fc4c265a83362,1.0,1.0.0,True,ok,
stage2-run,official,stage2,digits,decision_tree,0,label+gaussian,2,2,0.7838595898511496,0.7833333333333333,0.07484889030456543,1257,540,"{""label_flipped"": 126, ""gaussian_cells"": 75420, ""outlier_cells"": 0, ""missing_cells"": 0, ""n_train"": 1257, ""n_cells"": 80448}",2026-10-05T13:36:38.356220+00:00,bc936294060c9d60cc9127a37c6fda1969abe1f7004c343bee8fc4c265a83362,1.0,1.0.0,True,ok,
stage2-run,official,stage2,digits,random_forest,0,label+gaussian,2,2,0.9683803003574779,0.9685185185185186,0.6915373802185059,1257,540,"{""label_flipped"": 126, ""gaussian_cells"": 75420, ""outlier_cells"": 0, ""missing_cells"": 0, ""n_train"": 1257, ""n_cells"": 80448}",2026-10-05T13:36:39.059390+00:00,bc936294060c9d60cc9127a37c6fda1969abe1f7004c343bee8fc4c265a83362,1.0,1.0.0,True,ok,
stage2-run,official,stage2,digits,logreg,0,label+gaussian,2,3,0.9151805532540299,0.9148148148148149,0.01606917381286621,1257,540,"{""label_flipped"": 251, ""gaussian_cells"": 75420, ""outlier_cells"": 0, ""missing_cells"": 0, ""n_train"": 1257, ""n_cells"": 80448}",2026-10-05T13:36:39.091157+00:00,bc936294060c9d60cc9127a37c6fda1969abe1f7004c343bee8fc4c265a83362,1.0,1.0.0,True,ok,
stage2-run,official,stage2,digits,svm_rbf,0,label+gaussian,2,3,0.9371485486898127,0.937037037037037,0.07518625259399414,1257,540,"{""label_flipped"": 251, ""gaussian_cells"": 75420, ""outlier_cells"": 0, ""missing_cells"": 0, ""n_train"": 1257, ""n_cells"": 80448}",2026-10-05T13:36:39.213353+00:00,bc936294060c9d60cc9127a37c6fda1969abe1f7004c343bee8fc4c265a83362,1.0,1.0.0,True,ok,
stage2-run,official,stage2,digits,decision_tree,0,label+gaussian,2,3,0.6455759310700866,0.6574074074074074,0.07423686981201172,1257,540,"{""label_flipped"": 251, ""gaussian_cells"": 75420, ""outlier_cells"": 0, ""missing_cells"": 0, ""n_train"": 1257, ""n_cells"": 80448}",2026-10-05T13:36:39.293108+00:00,bc936294060c9d60cc9127a37c6fda1969abe1f7004c343bee8fc4c265a83362,1.0,1.0.0,True,ok,
stage2-run,official,stage2,digits,random_forest,0,label+gaussian,2,3,0.9410604605526116,0.9407407407407408,0.7412636280059814,1257,540,"{""label_flipped"": 251, ""gaussian_cells"": 75420, ""outlier_cells"": 0, ""missing_cells"": 0, ""n_train"": 1257, ""n_cells"": 80448}",2026-10-05T13:36:40.043626+00:00,bc936294060c9d60cc9127a37c6fda1969abe1f7004c343bee8fc4c265a83362,1.0,1.0.0,True,ok,
stage2-run,official,stage2,digits,logreg,0,label+gaussian,2,4,0.8710204180299417,0.8722222222222222,0.015053510665893555,1257,540,"{""label_flipped"": 377, ""gaussian_cells"": 75420, ""outlier_cells"": 0, ""missing_cells"": 0, ""n_train"": 1257, ""n_cells"": 80448}",2026-10-05T13:36:40.059485+00:00,bc936294060c9d60cc9127a37c6fda1969abe1f7004c343bee8fc4c265a83362,1.0,1.0.0,True,ok,
stage2-run,official,stage2,digits,svm_rbf,0,label+gaussian,2,4,0.8728474444449292,0.8740740740740741,0.08247113227844238,1257,540,"{""label_flipped"": 377, ""gaussian_cells"": 75420, ""outlier_cells"": 0, ""missing_cells"": 0, ""n_train"": 1257, ""n_cells"": 80448}",2026-10-05T13:36:40.188129+00:00,bc936294060c9d60cc9127a37c6fda1969abe1f7004c343bee8fc4c265a83362,1.0,1.0.0,True,ok,
stage2-run,official,stage2,digits,decision_tree,0,label+gaussian,2,4,0.4702017964036228,0.48518518518518516,0.07934904098510742,1257,540,"{""label_flipped"": 377, ""gaussian_cells"": 75420, ""outlier_cells"": 0, ""missing_cells"": 0, ""n_train"": 1257, ""n_cells"": 80448}",2026-10-05T13:36:40.273623+00:00,bc936294060c9d60cc9127a37c6fda1969abe1f7004c343bee8fc4c265a83362,1.0,1.0.0,True,ok,
stage2-run,official,stage2,digits,random_forest,0,label+gaussian,2,4,0.8104744176517032,0.8222222222222222,0.7731995582580566,1257,540,"{""label_flipped"": 377, ""gaussian_cells"": 75420, ""outlier_cells"": 0, ""missing_cells"": 0, ""n_train"": 1257, ""n_cells"": 80448}",2026-10-05T13:36:41.054848+00:00,bc936294060c9d60cc9127a37c6fda1969abe1f7004c343bee8fc4c265a83362,1.0,1.0.0,True,ok,
stage2-run,official,stage2,digits,logreg,0,label+gaussian,2,5,0.8379721179088666,0.8388888888888889,0.005513429641723633,1257,540,"{""label_flipped"": 503, ""gaussian_cells"": 75420, ""outlier_cells"": 0, ""missing_cells"": 0, ""n_train"": 1257, ""n_cells"": 80448}",2026-10-05T13:36:41.074753+00:00,bc936294060c9d60cc9127a37c6fda1969abe1f7004c343bee8fc4c265a83362,1.0,1.0.0,True,ok,
stage2-run,official,stage2,digits,svm_rbf,0,label+gaussian,2,5,0.800210623871178,0.8018518518518518,0.09181880950927734,1257,540,"{""label_flipped"": 503, ""gaussian_cells"": 75420, ""outlier_cells"": 0, ""missing_cells"": 0, ""n_train"": 1257, ""n_cells"": 80448}",2026-10-05T13:36:41.210783+00:00,bc936294060c9d60cc9127a37c6fda1969abe1f7004c343bee8fc4c265a83362,1.0,1.0.0,True,ok,
stage2-run,official,stage2,digits,decision_tree,0,label+gaussian,2,5,0.1920596616766033,0.2,0.0871434211730957,1257,540,"{""label_flipped"": 503, ""gaussian_cells"": 75420, ""outlier_cells"": 0, ""missing_cells"": 0, ""n_train"": 1257, ""n_cells"": 80448}",2026-10-05T13:36:41.299932+00:00,bc936294060c9d60cc9127a37c6fda1969abe1f7004c343bee8fc4c265a83362,1.0,1.0.0,True,ok,
stage2-run,official,stage2,digits,random_forest,0,label+gaussian,2,5,0.6482909923486488,0.6518518518518519,0.8309872150421143,1257,540,"{""label_flipped"": 503, ""gaussian_cells"": 75420, ""outlier_cells"": 0, ""missing_cells"": 0, ""n_train"": 1257, ""n_cells"": 80448}",2026-10-05T13:36:42.146203+00:00,bc936294060c9d60cc9127a37c6fda1969abe1f7004c343bee8fc4c265a83362,1.0,1.0.0,True,ok,
stage2-run,official,stage2,digits,logreg,0,label+outliers,2,1,0.9348186812456403,0.9351851851851852,0.007635831832885742,1257,540,"{""label_flipped"": 63, ""gaussian_cells"": 0, ""outlier_cells"": 1508, ""missing_cells"": 0, ""n_train"": 1257, ""n_cells"": 80448}",2026-10-05T13:36:42.171594+00:00,bc936294060c9d60cc9127a37c6fda1969abe1f7004c343bee8fc4c265a83362,1.0,1.0.0,True,ok,
stage2-run,official,stage2,digits,svm_rbf,0,label+outliers,2,1,0.9532787762570317,0.9537037037037037,0.05140185356140137,1257,540,"{""label_flipped"": 63, ""gaussian_cells"": 0, ""outlier_cells"": 1508, ""missing_cells"": 0, ""n_train"": 1257, ""n_cells"": 80448}",2026-10-05T13:36:42.262401+00:00,bc936294060c9d60cc9127a37c6fda1969abe1f7004c343bee8fc4c265a83362,1.0,1.0.0,True,ok,
stage2-run,official,stage2,digits,decision_tree,0,label+outliers,2,1,0.8203102428856834,0.8203703703703704,0.018783092498779297,1257,540,"{""label_flipped"": 63, ""gaussian_cells"": 0, ""outlier_cells"": 1508, ""missing_cells"": 0, ""n_train"": 1257, ""n_cells"": 80448}",2026-10-05T13:36:42.285196+00:00,bc936294060c9d60cc9127a37c6fda1969abe1f7004c343bee8fc4c265a83362,1.0,1.0.0,True,ok,
stage2-run,official,stage2,digits,random_forest,0,label+outliers,2,1,0.9645948795825234,0.9648148148148148,0.23865628242492676,1257,540,"{""label_flipped"": 63, ""gaussian_cells"": 0, ""outlier_cells"": 1508, ""missing_cells"": 0, ""n_train"": 1257, ""n_cells"": 80448}",2026-10-05T13:36:42.527864+00:00,bc936294060c9d60cc9127a37c6fda1969abe1f7004c343bee8fc4c265a83362,1.0,1.0.0,True,ok,
stage2-run,official,stage2,digits,logreg,0,label+outliers,2,2,0.9265463435418321,0.9259259259259259,0.015001058578491211,1257,540,"{""label_flipped"": 126, ""gaussian_cells"": 0, ""outlier_cells"": 3771, ""missing_cells"": 0, ""n_train"": 1257, ""n_cells"": 80448}",2026-10-05T13:36:42.559253+00:00,bc936294060c9d60cc9127a37c6fda1969abe1f7004c343bee8fc4c265a83362,1.0,1.0.0,True,ok,
stage2-run,official,stage2,digits,svm_rbf,0,label+outliers,2,2,0.9557951496106755,0.9555555555555556,0.06314706802368164,1257,540,"{""label_flipped"": 126, ""gaussian_cells"": 0, ""outlier_cells"": 3771, ""missing_cells"": 0, ""n_train"": 1257, ""n_cells"": 80448}",2026-10-05T13:36:42.673540+00:00,bc936294060c9d60cc9127a37c6fda1969abe1f7004c343bee8fc4c265a83362,1.0,1.0.0,True,ok,
stage2-run,official,stage2,digits,decision_tree,0,label+outliers,2,2,0.7822978300924464,0.7833333333333333,0.019176483154296875,1257,540,"{""label_flipped"": 126, ""gaussian_cells"": 0, ""outlier_cells"": 3771, ""missing_cells"": 0, ""n_train"": 1257, ""n_cells"": 80448}",2026-10-05T13:36:42.694723+00:00,bc936294060c9d60cc9127a37c6fda1969abe1f7004c343bee8fc4c265a83362,1.0,1.0.0,True,ok,
stage2-run,official,stage2,digits,random_forest,0,label+outliers,2,2,0.9683636314075252,0.9685185185185186,0.2780423164367676,1257,540,"{""label_flipped"": 126, ""gaussian_cells"": 0, ""outlier_cells"": 3771, ""missing_cells"": 0, ""n_train"": 1257, ""n_cells"": 80448}",2026-10-05T13:36:42.993603+00:00,bc936294060c9d60cc9127a37c6fda1969abe1f7004c343bee8fc4c265a83362,1.0,1.0.0,True,ok,
stage2-run,official,stage2,digits,logreg,0,label+outliers,2,3,0.8891436506295578,0.8888888888888888,0.015324831008911133,1257,540,"{""label_flipped"": 251, ""gaussian_cells"": 0, ""outlier_cells"": 7542, ""missing_cells"": 0, ""n_train"": 1257, ""n_cells"": 80448}",2026-10-05T13:36:43.009400+00:00,bc936294060c9d60cc9127a37c6fda1969abe1f7004c343bee8fc4c265a83362,1.0,1.0.0,True,ok,
stage2-run,official,stage2,digits,svm_rbf,0,label+outliers,2,3,0.8829375123699373,0.8833333333333333,0.09023284912109375,1257,540,"{""label_flipped"": 251, ""gaussian_cells"": 0, ""outlier_cells"": 7542, ""missing_cells"": 0, ""n_train"": 1257, ""n_cells"": 80448}",2026-10-05T13:36:43.140940+00:00,bc936294060c9d60cc9127a37c6fda1969abe1f7004c343bee8fc4c265a83362,1.0,1.0.0,True,ok,
stage2-run,official,stage2,digits,decision_tree,0,label+outliers,2,3,0.6766168529950495,0.6777777777777778,0.032207489013671875,1257,540,"{""label_flipped"": 251, ""gaussian_cells"": 0, ""outlier_cells"": 7542, ""missing_cells"": 0, ""n_train"": 1257, ""n_cells"": 80448}",2026-10-05T13:36:43.180331+00:00,bc936294060c9d60cc9127a37c6fda1969abe1f7004c343bee8fc4c265a83362,1.0,1.0.0,True,ok,
stage2-run,official,stage2,digits,random_forest,0,label+outliers,2,3,0.9538764537471025,0.9537037037037037,0.3116934299468994,1257,540,"{""label_flipped"": 251, ""gaussian_cells"": 0, ""outlier_cells"": 7542, ""missing_cells"": 0, ""n_train"": 1257, ""n_cells"": 80448}",2026-10-05T13:36:43.494032+00:00,bc936294060c9d60cc9127a37c6fda1969abe1f7004c343bee8fc4c265a83362,1.0,1.0.0,True,ok,
stage2-run,official,stage2,digits,logreg,0,label+outliers,2,4,0.8605550310265674,0.8629629629629629,0.002936840057373047,1257,540,"{""label_flipped"": 377, ""gaussian_cells"": 0, ""outlier_cells"": 11313, ""missing_cells"": 0, ""n_train"": 1257, ""n_cells"": 80448}",2026-10-05T13:36:43.512150+00:00,bc936294060c9d60cc9127a37c6fda1969abe1f7004c343bee8fc4c265a83362,1.0,1.0.0,True,ok,
stage2-run,official,stage2,digits,svm_rbf,0,label+outliers,2,4,0.8113823634494068,0.825925925925926,0.09130239486694336,1257,540,"{""label_flipped"": 377, ""gaussian_cells"": 0, ""outlier_cells"": 11313, ""missing_cells"": 0, ""n_train"": 1257, ""n_cells"": 80448}",2026-10-05T13:36:43.664472+00:00,bc936294060c9d60cc9127a37c6fda1969abe1f7004c343bee8fc4c265a83362,1.0,1.0.0,True,ok,
stage2-run,official,stage2,digits,decision_tree,0,label+outliers,2,4,0.6310535825465351,0.6388888888888888,0.026964902877807617,1257,540,"{""label_flipped"": 377, ""gaussian_cells"": 0, ""outlier_cells"": 11313, ""missing_cells"": 0, ""n_train"": 1257, ""n_cells"": 80448}",2026-10-05T13:36:43.694116+00:00,bc936294060c9d60cc9127a37c6fda1969abe1f7004c343bee8fc4c265a83362,1.0,1.0.0,True,ok,
stage2-run,official,stage2,digits,random_forest,0,label+outliers,2,4,0.9444968076881077,0.9444444444444444,0.32082176208496094,1257,540,"{""label_flipped"": 377, ""gaussian_cells"": 0, ""outlier_cells"": 11313, ""missing_cells"": 0, ""n_train"": 1257, ""n_cells"": 80448}",2026-10-05T13:36:44.027605+00:00,bc936294060c9d60cc9127a37c6fda1969abe1f7004c343bee8fc4c265a83362,1.0,1.0.0,True,ok,
stage2-run,official,stage2,digits,logreg,0,label+outliers,2,5,0.8071928746321488,0.8111111111111111,0.016321182250976562,1257,540,"{""label_flipped"": 503, ""gaussian_cells"": 0, ""outlier_cells"": 15084, ""missing_cells"": 0, ""n_train"": 1257, ""n_cells"": 80448}",2026-10-05T13:36:44.043927+00:00,bc936294060c9d60cc9127a37c6fda1969abe1f7004c343bee8fc4c265a83362,1.0,1.0.0,True,ok,
stage2-run,official,stage2,digits,svm_rbf,0,label+outliers,2,5,0.6859452162161684,0.6759259259259259,0.0827646255493164,1257,540,"{""label_flipped"": 503, ""gaussian_cells"": 0, ""outlier_cells"": 15084, ""missing_cells"": 0, ""n_train"": 1257, ""n_cells"": 80448}",2026-10-05T13:36:44.177389+00:00,bc936294060c9d60cc9127a37c6fda1969abe1f7004c343bee8fc4c265a83362,1.0,1.0.0,True,ok,
stage2-run,official,stage2,digits,decision_tree,0,label+outliers,2,5,0.5455492852395826,0.5481481481481482,0.03126120567321777,1257,540,"{""label_flipped"": 503, ""gaussian_cells"": 0, ""outlier_cells"": 15084, ""missing_cells"": 0, ""n_train"": 1257, ""n_cells"": 80448}",2026-10-05T13:36:44.210505+00:00,bc936294060c9d60cc9127a37c6fda1969abe1f7004c343bee8fc4c265a83362,1.0,1.0.0,True,ok,
stage2-run,official,stage2,digits,random_forest,0,label+outliers,2,5,0.9151544355343401,0.9148148148148149,0.33336734771728516,1257,540,"{""label_flipped"": 503, ""gaussian_cells"": 0, ""outlier_cells"": 15084, ""missing_cells"": 0, ""n_train"": 1257, ""n_cells"": 80448}",2026-10-05T13:36:44.553903+00:00,bc936294060c9d60cc9127a37c6fda1969abe1f7004c343bee8fc4c265a83362,1.0,1.0.0,True,ok,
stage2-run,official,stage2,digits,logreg,0,label+missing,2,1,0.9261713309057695,0.9259259259259259,0.019320964813232422,1257,540,"{""label_flipped"": 63, ""gaussian_cells"": 0, ""outlier_cells"": 0, ""missing_cells"": 8224, ""n_train"": 1257, ""n_cells"": 80448}",2026-10-05T13:36:44.577236+00:00,bc936294060c9d60cc9127a37c6fda1969abe1f7004c343bee8fc4c265a83362,1.0,1.0.0,True,ok,
stage2-run,official,stage2,digits,svm_rbf,0,label+missing,2,1,0.9703295931452385,0.9703703703703703,0.03782463073730469,1257,540,"{""label_flipped"": 63, ""gaussian_cells"": 0, ""outlier_cells"": 0, ""missing_cells"": 8224, ""n_train"": 1257, ""n_cells"": 80448}",2026-10-05T13:36:44.662226+00:00,bc936294060c9d60cc9127a37c6fda1969abe1f7004c343bee8fc4c265a83362,1.0,1.0.0,True,ok,
stage2-run,official,stage2,digits,decision_tree,0,label+missing,2,1,0.7995764075726675,0.8,0.013040542602539062,1257,540,"{""label_flipped"": 63, ""gaussian_cells"": 0, ""outlier_cells"": 0, ""missing_cells"": 8224, ""n_train"": 1257, ""n_cells"": 80448}",2026-10-05T13:36:44.687852+00:00,bc936294060c9d60cc9127a37c6fda1969abe1f7004c343bee8fc4c265a83362,1.0,1.0.0,True,ok,
stage2-run,official,stage2,digits,random_forest,0,label+missing,2,1,0.968648811987914,0.9685185185185186,0.26921916007995605,1257,540,"{""label_flipped"": 63, ""gaussian_cells"": 0, ""outlier_cells"": 0, ""missing_cells"": 8224, ""n_train"": 1257, ""n_cells"": 80448}",2026-10-05T13:36:44.960489+00:00,bc936294060c9d60cc9127a37c6fda1969abe1f7004c343bee8fc4c265a83362,1.0,1.0.0,True,ok,
stage2-run,official,stage2,digits,logreg,0,label+missing,2,2,0.9166872424869533,0.9166666666666666,0.01976943016052246,1257,540,"{""label_flipped"": 126, ""gaussian_cells"": 0, ""outlier_cells"": 0, ""missing_cells"": 15963, ""n_train"": 1257, ""n_cells"": 80448}",2026-10-05T13:36:45.010001+00:00,bc936294060c9d60cc9127a37c6fda1969abe1f7004c343bee8fc4c265a83362,1.0,1.0.0,True,ok,
stage2-run,official,stage2,digits,svm_rbf,0,label+missing,2,2,0.9612140200312582,0.9611111111111111,0.034143686294555664,1257,540,"{""label_flipped"": 126, ""gaussian_cells"": 0, ""outlier_cells"": 0, ""missing_cells"": 15963, ""n_train"": 1257, ""n_cells"": 80448}",2026-10-05T13:36:45.090021+00:00,bc936294060c9d60cc9127a37c6fda1969abe1f7004c343bee8fc4c265a83362,1.0,1.0.0,True,ok,
stage2-run,official,stage2,digits,decision_tree,0,label+missing,2,2,0.7174396236338499,0.7203703703703703,0.033792734146118164,1257,540,"{""label_flipped"": 126, ""gaussian_cells"": 0, ""outlier_cells"": 0, ""missing_cells"": 15963, ""n_train"": 1257, ""n_cells"": 80448}",2026-10-05T13:36:45.125554+00:00,bc936294060c9d60cc9127a37c6fda1969abe1f7004c343bee8fc4c265a83362,1.0,1.0.0,True,ok,
stage2-run,official,stage2,digits,random_forest,0,label+missing,2,2,0.9590249348220041,0.9592592592592593,0.2947709560394287,1257,540,"{""label_flipped"": 126, ""gaussian_cells"": 0, ""outlier_cells"": 0, ""missing_cells"": 15963, ""n_train"": 1257, ""n_cells"": 80448}",2026-10-05T13:36:45.426344+00:00,bc936294060c9d60cc9127a37c6fda1969abe1f7004c343bee8fc4c265a83362,1.0,1.0.0,True,ok,
stage2-run,official,stage2,digits,logreg,0,label+missing,2,3,0.9075694155877244,0.9074074074074074,0.034183502197265625,1257,540,"{""label_flipped"": 251, ""gaussian_cells"": 0, ""outlier_cells"": 0, ""missing_cells"": 24215, ""n_train"": 1257, ""n_cells"": 80448}",2026-10-05T13:36:45.460528+00:00,bc936294060c9d60cc9127a37c6fda1969abe1f7004c343bee8fc4c265a83362,1.0,1.0.0,True,ok,
stage2-run,official,stage2,digits,svm_rbf,0,label+missing,2,3,0.9460521937671491,0.9462962962962963,0.06573343276977539,1257,540,"{""label_flipped"": 251, ""gaussian_cells"": 0, ""outlier_cells"": 0, ""missing_cells"": 24215, ""n_train"": 1257, ""n_cells"": 80448}",2026-10-05T13:36:45.577348+00:00,bc936294060c9d60cc9127a37c6fda1969abe1f7004c343bee8fc4c265a83362,1.0,1.0.0,True,ok,
stage2-run,official,stage2,digits,decision_tree,0,label+missing,2,3,0.5653310165406753,0.5685185185185185,0.03160262107849121,1257,540,"{""label_flipped"": 251, ""gaussian_cells"": 0, ""outlier_cells"": 0, ""missing_cells"": 24215, ""n_train"": 1257, ""n_cells"": 80448}",2026-10-05T13:36:45.608951+00:00,bc936294060c9d60cc9127a37c6fda1969abe1f7004c343bee8fc4c265a83362,1.0,1.0.0,True,ok,
stage2-run,official,stage2,digits,random_forest,0,label+missing,2,3,0.9428933553321956,0.9425925925925925,0.3322930335998535,1257,540,"{""label_flipped"": 251, ""gaussian_cells"": 0, ""outlier_cells"": 0, ""missing_cells"": 24215, ""n_train"": 1257, ""n_cells"": 80448}",2026-10-05T13:36:45.960864+00:00,bc936294060c9d60cc9127a37c6fda1969abe1f7004c343bee8fc4c265a83362,1.0,1.0.0,True,ok,
stage2-run,official,stage2,digits,logreg,0,label+missing,2,4,0.8816438738629667,0.8814814814814815,0.02680492401123047,1257,540,"{""label_flipped"": 377, ""gaussian_cells"": 0, ""outlier_cells"": 0, ""missing_cells"": 32097, ""n_train"": 1257, ""n_cells"": 80448}",2026-10-05T13:36:46.003362+00:00,bc936294060c9d60cc9127a37c6fda1969abe1f7004c343bee8fc4c265a83362,1.0,1.0.0,True,ok,
stage2-run,official,stage2,digits,svm_rbf,0,label+missing,2,4,0.909165884600983,0.9092592592592592,0.07180404663085938,1257,540,"{""label_flipped"": 377, ""gaussian_cells"": 0, ""outlier_cells"": 0, ""missing_cells"": 32097, ""n_train"": 1257, ""n_cells"": 80448}",2026-10-05T13:36:46.124739+00:00,bc936294060c9d60cc9127a37c6fda1969abe1f7004c343bee8fc4c265a83362,1.0,1.0.0,True,ok,
stage2-run,official,stage2,digits,decision_tree,0,label+missing,2,4,0.4789967351148701,0.48333333333333334,0.03171944618225098,1257,540,"{""label_flipped"": 377, ""gaussian_cells"": 0, ""outlier_cells"": 0, ""missing_cells"": 32097, ""n_train"": 1257, ""n_cells"": 80448}",2026-10-05T13:36:46.160977+00:00,bc936294060c9d60cc9127a37c6fda1969abe1f7004c343bee8fc4c265a83362,1.0,1.0.0,True,ok,
stage2-run,official,stage2,digits,random_forest,0,label+missing,2,4,0.9072723298442409,0.9074074074074074,0.3281285762786865,1257,540,"{""label_flipped"": 377, ""gaussian_cells"": 0, ""outlier_cells"": 0, ""missing_cells"": 32097, ""n_train"": 1257, ""n_cells"": 80448}",2026-10-05T13:36:46.505307+00:00,bc936294060c9d60cc9127a37c6fda1969abe1f7004c343bee8fc4c265a83362,1.0,1.0.0,True,ok,
stage2-run,official,stage2,digits,logreg,0,label+missing,2,5,0.8782466880739394,0.8796296296296297,0.032596588134765625,1257,540,"{""label_flipped"": 503, ""gaussian_cells"": 0, ""outlier_cells"": 0, ""missing_cells"": 40097, ""n_train"": 1257, ""n_cells"": 80448}",2026-10-05T13:36:46.543928+00:00,bc936294060c9d60cc9127a37c6fda1969abe1f7004c343bee8fc4c265a83362,1.0,1.0.0,True,ok,
stage2-run,official,stage2,digits,svm_rbf,0,label+missing,2,5,0.9014503337252495,0.9037037037037037,0.07391929626464844,1257,540,"{""label_flipped"": 503, ""gaussian_cells"": 0, ""outlier_cells"": 0, ""missing_cells"": 40097, ""n_train"": 1257, ""n_cells"": 80448}",2026-10-05T13:36:46.661921+00:00,bc936294060c9d60cc9127a37c6fda1969abe1f7004c343bee8fc4c265a83362,1.0,1.0.0,True,ok,
stage2-run,official,stage2,digits,decision_tree,0,label+missing,2,5,0.3863896062311168,0.3925925925925926,0.03644990921020508,1257,540,"{""label_flipped"": 503, ""gaussian_cells"": 0, ""outlier_cells"": 0, ""missing_cells"": 40097, ""n_train"": 1257, ""n_cells"": 80448}",2026-10-05T13:36:46.700376+00:00,bc936294060c9d60cc9127a37c6fda1969abe1f7004c343bee8fc4c265a83362,1.0,1.0.0,True,ok,
stage2-run,official,stage2,digits,random_forest,0,label+missing,2,5,0.8496687981761909,0.8537037037037037,0.3252592086791992,1257,540,"{""label_flipped"": 503, ""gaussian_cells"": 0, ""outlier_cells"": 0, ""missing_cells"": 40097, ""n_train"": 1257, ""n_cells"": 80448}",2026-10-05T13:36:47.027641+00:00,bc936294060c9d60cc9127a37c6fda1969abe1f7004c343bee8fc4c265a83362,1.0,1.0.0,True,ok,
stage2-run,official,stage2,digits,logreg,0,gaussian+outliers,2,1,0.9501651058897924,0.95,0.01814436912536621,1257,540,"{""label_flipped"": 0, ""gaussian_cells"": 75420, ""outlier_cells"": 1508, ""missing_cells"": 0, ""n_train"": 1257, ""n_cells"": 80448}",2026-10-05T13:36:47.062115+00:00,bc936294060c9d60cc9127a37c6fda1969abe1f7004c343bee8fc4c265a83362,1.0,1.0.0,True,ok,
stage2-run,official,stage2,digits,svm_rbf,0,gaussian+outliers,2,1,0.9575417209137083,0.9574074074074074,0.042719364166259766,1257,540,"{""label_flipped"": 0, ""gaussian_cells"": 75420, ""outlier_cells"": 1508, ""missing_cells"": 0, ""n_train"": 1257, ""n_cells"": 80448}",2026-10-05T13:36:47.154109+00:00,bc936294060c9d60cc9127a37c6fda1969abe1f7004c343bee8fc4c265a83362,1.0,1.0.0,True,ok,
stage2-run,official,stage2,digits,decision_tree,0,gaussian+outliers,2,1,0.8187155201094484,0.8185185185185185,0.06258535385131836,1257,540,"{""label_flipped"": 0, ""gaussian_cells"": 75420, ""outlier_cells"": 1508, ""missing_cells"": 0, ""n_train"": 1257, ""n_cells"": 80448}",2026-10-05T13:36:47.218436+00:00,bc936294060c9d60cc9127a37c6fda1969abe1f7004c343bee8fc4c265a83362,1.0,1.0.0,True,ok,
stage2-run,official,stage2,digits,random_forest,0,gaussian+outliers,2,1,0.9740384012457325,0.9740740740740741,0.5862455368041992,1257,540,"{""label_flipped"": 0, ""gaussian_cells"": 75420, ""outlier_cells"": 1508, ""missing_cells"": 0, ""n_train"": 1257, ""n_cells"": 80448}",2026-10-05T13:36:47.808694+00:00,bc936294060c9d60cc9127a37c6fda1969abe1f7004c343bee8fc4c265a83362,1.0,1.0.0,True,ok,
stage2-run,official,stage2,digits,logreg,0,gaussian+outliers,2,2,0.9448029276584977,0.9444444444444444,0.01572728157043457,1257,540,"{""label_flipped"": 0, ""gaussian_cells"": 75420, ""outlier_cells"": 3771, ""missing_cells"": 0, ""n_train"": 1257, ""n_cells"": 80448}",2026-10-05T13:36:47.839920+00:00,bc936294060c9d60cc9127a37c6fda1969abe1f7004c343bee8fc4c265a83362,1.0,1.0.0,True,ok,
stage2-run,official,stage2,digits,svm_rbf,0,gaussian+outliers,2,2,0.9446192394945175,0.9444444444444444,0.06471967697143555,1257,540,"{""label_flipped"": 0, ""gaussian_cells"": 75420, ""outlier_cells"": 3771, ""missing_cells"": 0, ""n_train"": 1257, ""n_cells"": 80448}",2026-10-05T13:36:47.966514+00:00,bc936294060c9d60cc9127a37c6fda1969abe1f7004c343bee8fc4c265a83362,1.0,1.0.0,True,ok,
stage2-run,official,stage2,digits,decision_tree,0,gaussian+outliers,2,2,0.7979250113735395,0.8,0.05723857879638672,1257,540,"{""label_flipped"": 0, ""gaussian_cells"": 75420, ""outlier_cells"": 3771, ""missing_cells"": 0, ""n_train"": 1257, ""n_cells"": 80448}",2026-10-05T13:36:48.027766+00:00,bc936294060c9d60cc9127a37c6fda1969abe1f7004c343bee8fc4c265a83362,1.0,1.0.0,True,ok,
stage2-run,official,stage2,digits,random_forest,0,gaussian+outliers,2,2,0.962916655107526,0.9629629629629629,0.6723117828369141,1257,540,"{""label_flipped"": 0, ""gaussian_cells"": 75420, ""outlier_cells"": 3771, ""missing_cells"": 0, ""n_train"": 1257, ""n_cells"": 80448}",2026-10-05T13:36:48.710510+00:00,bc936294060c9d60cc9127a37c6fda1969abe1f7004c343bee8fc4c265a83362,1.0,1.0.0,True,ok,
stage2-run,official,stage2,digits,logreg,0,gaussian+outliers,2,3,0.9099869304836037,0.9092592592592592,0.011191368103027344,1257,540,"{""label_flipped"": 0, ""gaussian_cells"": 75420, ""outlier_cells"": 7542, ""missing_cells"": 0, ""n_train"": 1257, ""n_cells"": 80448}",2026-10-05T13:36:48.725665+00:00,bc936294060c9d60cc9127a37c6fda1969abe1f7004c343bee8fc4c265a83362,1.0,1.0.0,True,ok,
stage2-run,official,stage2,digits,svm_rbf,0,gaussian+outliers,2,3,0.8756699355571598,0.8759259259259259,0.10190677642822266,1257,540,"{""label_flipped"": 0, ""gaussian_cells"": 75420, ""outlier_cells"": 7542, ""missing_cells"": 0, ""n_train"": 1257, ""n_cells"": 80448}",2026-10-05T13:36:48.877457+00:00,bc936294060c9d60cc9127a37c6fda1969abe1f7004c343bee8fc4c265a83362,1.0,1.0.0,True,ok,
stage2-run,official,stage2,digits,decision_tree,0,gaussian+outliers,2,3,0.7160822139010191,0.7148148148148148,0.06447315216064453,1257,540,"{""label_flipped"": 0, ""gaussian_cells"": 75420, ""outlier_cells"": 7542, ""missing_cells"": 0, ""n_train"": 1257, ""n_cells"": 80448}",2026-10-05T13:36:48.941929+00:00,bc936294060c9d60cc9127a37c6fda1969abe1f7004c343bee8fc4c265a83362,1.0,1.0.0,True,ok,
stage2-run,official,stage2,digits,random_forest,0,gaussian+outliers,2,3,0.934677720535962,0.9351851851851852,0.6470630168914795,1257,540,"{""label_flipped"": 0, ""gaussian_cells"": 75420, ""outlier_cells"": 7542, ""missing_cells"": 0, ""n_train"": 1257, ""n_cells"": 80448}",2026-10-05T13:36:49.597445+00:00,bc936294060c9d60cc9127a37c6fda1969abe1f7004c343bee8fc4c265a83362,1.0,1.0.0,True,ok,
stage2-run,official,stage2,digits,logreg,0,gaussian+outliers,2,4,0.8886756392697668,0.8888888888888888,0.00775456428527832,1257,540,"{""label_flipped"": 0, ""gaussian_cells"": 75420, ""outlier_cells"": 11313, ""missing_cells"": 0, ""n_train"": 1257, ""n_cells"": 80448}",2026-10-05T13:36:49.609213+00:00,bc936294060c9d60cc9127a37c6fda1969abe1f7004c343bee8fc4c265a83362,1.0,1.0.0,True,ok,
stage2-run,official,stage2,digits,svm_rbf,0,gaussian+outliers,2,4,0.800260370351797,0.8166666666666667,0.08704137802124023,1257,540,"{""label_flipped"": 0, ""gaussian_cells"": 75420, ""outlier_cells"": 11313, ""missing_cells"": 0, ""n_train"": 1257, ""n_cells"": 80448}",2026-10-05T13:36:49.747396+00:00,bc936294060c9d60cc9127a37c6fda1969abe1f7004c343bee8fc4c265a83362,1.0,1.0.0,True,ok,
stage2-run,official,stage2,digits,decision_tree,0,gaussian+outliers,2,4,0.523615020262097,0.5314814814814814,0.057334184646606445,1257,540,"{""label_flipped"": 0, ""gaussian_cells"": 75420, ""outlier_cells"": 11313, ""missing_cells"": 0, ""n_train"": 1257, ""n_cells"": 80448}",2026-10-05T13:36:49.806736+00:00,bc936294060c9d60cc9127a37c6fda1969abe1f7004c343bee8fc4c265a83362,1.0,1.0.0,True,ok,
stage2-run,official,stage2,digits,random_forest,0,gaussian+outliers,2,4,0.8916591105135542,0.8925925925925926,0.6397075653076172,1257,540,"{""label_flipped"": 0, ""gaussian_cells"": 75420, ""outlier_cells"": 11313, ""missing_cells"": 0, ""n_train"": 1257, ""n_cells"": 80448}",2026-10-05T13:36:50.469420+00:00,bc936294060c9d60cc9127a37c6fda1969abe1f7004c343bee8fc4c265a83362,1.0,1.0.0,True,ok,
stage2-run,official,stage2,digits,logreg,0,gaussian+outliers,2,5,0.8689344524595576,0.8685185185185185,0.0,1257,540,"{""label_flipped"": 0, ""gaussian_cells"": 75420, ""outlier_cells"": 15084, ""missing_cells"": 0, ""n_train"": 1257, ""n_cells"": 80448}",2026-10-05T13:36:50.489146+00:00,bc936294060c9d60cc9127a37c6fda1969abe1f7004c343bee8fc4c265a83362,1.0,1.0.0,True,ok,
stage2-run,official,stage2,digits,svm_rbf,0,gaussian+outliers,2,5,0.8136342160524886,0.812962962962963,0.07206940650939941,1257,540,"{""label_flipped"": 0, ""gaussian_cells"": 75420, ""outlier_cells"": 15084, ""missing_cells"": 0, ""n_train"": 1257, ""n_cells"": 80448}",2026-10-05T13:36:50.608531+00:00,bc936294060c9d60cc9127a37c6fda1969abe1f7004c343bee8fc4c265a83362,1.0,1.0.0,True,ok,
stage2-run,official,stage2,digits,decision_tree,0,gaussian+outliers,2,5,0.28454083699116994,0.28888888888888886,0.04810285568237305,1257,540,"{""label_flipped"": 0, ""gaussian_cells"": 75420, ""outlier_cells"": 15084, ""missing_cells"": 0, ""n_train"": 1257, ""n_cells"": 80448}",2026-10-05T13:36:50.670359+00:00,bc936294060c9d60cc9127a37c6fda1969abe1f7004c343bee8fc4c265a83362,1.0,1.0.0,True,ok,
stage2-run,official,stage2,digits,random_forest,0,gaussian+outliers,2,5,0.7753654941056815,0.7851851851851852,0.6265268325805664,1257,540,"{""label_flipped"": 0, ""gaussian_cells"": 75420, ""outlier_cells"": 15084, ""missing_cells"": 0, ""n_train"": 1257, ""n_cells"": 80448}",2026-10-05T13:36:51.324356+00:00,bc936294060c9d60cc9127a37c6fda1969abe1f7004c343bee8fc4c265a83362,1.0,1.0.0,True,ok,
stage2-run,official,stage2,digits,logreg,0,gaussian+missing,2,1,0.9706140520894386,0.9703703703703703,0.027247190475463867,1257,540,"{""label_flipped"": 0, ""gaussian_cells"": 75420, ""outlier_cells"": 0, ""missing_cells"": 8224, ""n_train"": 1257, ""n_cells"": 80448}",2026-10-05T13:36:51.353609+00:00,bc936294060c9d60cc9127a37c6fda1969abe1f7004c343bee8fc4c265a83362,1.0,1.0.0,True,ok,
stage2-run,official,stage2,digits,svm_rbf,0,gaussian+missing,2,1,0.9685187174026748,0.9685185185185186,0.028023481369018555,1257,540,"{""label_flipped"": 0, ""gaussian_cells"": 75420, ""outlier_cells"": 0, ""missing_cells"": 8224, ""n_train"": 1257, ""n_cells"": 80448}",2026-10-05T13:36:51.423187+00:00,bc936294060c9d60cc9127a37c6fda1969abe1f7004c343bee8fc4c265a83362,1.0,1.0.0,True,ok,
stage2-run,official,stage2,digits,decision_tree,0,gaussian+missing,2,1,0.8146540201032858,0.8148148148148148,0.06167721748352051,1257,540,"{""label_flipped"": 0, ""gaussian_cells"": 75420, ""outlier_cells"": 0, ""missing_cells"": 8224, ""n_train"": 1257, ""n_cells"": 80448}",2026-10-05T13:36:51.492176+00:00,bc936294060c9d60cc9127a37c6fda1969abe1f7004c343bee8fc4c265a83362,1.0,1.0.0,True,ok,
stage2-run,official,stage2,digits,random_forest,0,gaussian+missing,2,1,0.9664941068936466,0.9666666666666667,0.577573299407959,1257,540,"{""label_flipped"": 0, ""gaussian_cells"": 75420, ""outlier_cells"": 0, ""missing_cells"": 8224, ""n_train"": 1257, ""n_cells"": 80448}",2026-10-05T13:36:52.074925+00:00,bc936294060c9d60cc9127a37c6fda1969abe1f7004c343bee8fc4c265a83362,1.0,1.0.0,True,ok,
stage2-run,official,stage2,digits,logreg,0,gaussian+missing,2,2,0.9498900567508952,0.95,0.015701770782470703,1257,540,"{""label_flipped"": 0, ""gaussian_cells"": 75420, ""outlier_cells"": 0, ""missing_cells"": 15963, ""n_train"": 1257, ""n_cells"": 80448}",2026-10-05T13:36:52.106553+00:00,bc936294060c9d60cc9127a37c6fda1969abe1f7004c343bee8fc4c265a83362,1.0,1.0.0,True,ok,
stage2-run,official,stage2,digits,svm_rbf,0,gaussian+missing,2,2,0.9611805157784451,0.9611111111111111,0.05371284484863281,1257,540,"{""label_flipped"": 0, ""gaussian_cells"": 75420, ""outlier_cells"": 0, ""missing_cells"": 15963, ""n_train"": 1257, ""n_cells"": 80448}",2026-10-05T13:36:52.200579+00:00,bc936294060c9d60cc9127a37c6fda1969abe1f7004c343bee8fc4c265a83362,1.0,1.0.0,True,ok,
stage2-run,official,stage2,digits,decision_tree,0,gaussian+missing,2,2,0.7819818611957953,0.7851851851851852,0.06830644607543945,1257,540,"{""label_flipped"": 0, ""gaussian_cells"": 75420, ""outlier_cells"": 0, ""missing_cells"": 15963, ""n_train"": 1257, ""n_cells"": 80448}",2026-10-05T13:36:52.270891+00:00,bc936294060c9d60cc9127a37c6fda1969abe1f7004c343bee8fc4c265a83362,1.0,1.0.0,True,ok,
stage2-run,official,stage2,digits,random_forest,0,gaussian+missing,2,2,0.9571862310235197,0.9574074074074074,0.619530200958252,1257,540,"{""label_flipped"": 0, ""gaussian_cells"": 75420, ""outlier_cells"": 0, ""missing_cells"": 15963, ""n_train"": 1257, ""n_cells"": 80448}",2026-10-05T13:36:52.900498+00:00,bc936294060c9d60cc9127a37c6fda1969abe1f7004c343bee8fc4c265a83362,1.0,1.0.0,True,ok,
stage2-run,official,stage2,digits,logreg,0,gaussian+missing,2,3,0.9202119858719348,0.9203703703703704,0.01491093635559082,1257,540,"{""label_flipped"": 0, ""gaussian_cells"": 75420, ""outlier_cells"": 0, ""missing_cells"": 24215, ""n_train"": 1257, ""n_cells"": 80448}",2026-10-05T13:36:52.923790+00:00,bc936294060c9d60cc9127a37c6fda1969abe1f7004c343bee8fc4c265a83362,1.0,1.0.0,True,ok,
stage2-run,official,stage2,digits,svm_rbf,0,gaussian+missing,2,3,0.9364886355638811,0.937037037037037,0.06400561332702637,1257,540,"{""label_flipped"": 0, ""gaussian_cells"": 75420, ""outlier_cells"": 0, ""missing_cells"": 24215, ""n_train"": 1257, ""n_cells"": 80448}",2026-10-05T13:36:53.043578+00:00,bc936294060c9d60cc9127a37c6fda1969abe1f7004c343bee8fc4c265a83362,1.0,1.0.0,True,ok,
stage2-run,official,stage2,digits,decision_tree,0,gaussian+missing,2,3,0.6556581786814193,0.6648148148148149,0.08227181434631348,1257,540,"{""label_flipped"": 0, ""gaussian_cells"": 75420, ""outlier_cells"": 0, ""missing_cells"": 24215, ""n_train"": 1257, ""n_cells"": 80448}",2026-10-05T13:36:53.125850+00:00,bc936294060c9d60cc9127a37c6fda1969abe1f7004c343bee8fc4c265a83362,1.0,1.0.0,True,ok,
stage2-run,official,stage2,digits,random_forest,0,gaussian+missing,2,3,0.9085200323022773,0.9092592592592592,0.658315896987915,1257,540,"{""label_flipped"": 0, ""gaussian_cells"": 75420, ""outlier_cells"": 0, ""missing_cells"": 24215, ""n_train"": 1257, ""n_cells"": 80448}",2026-10-05T13:36:53.793197+00:00,bc936294060c9d60cc9127a37c6fda1969abe1f7004c343bee8fc4c265a83362,1.0,1.0.0,True,ok,
stage2-run,official,stage2,digits,logreg,0,gaussian+missing,2,4,0.9006743637825624,0.9018518518518519,0.013340950012207031,1257,540,"{""label_flipped"": 0, ""gaussian_cells"": 75420, ""outlier_cells"": 0, ""missing_cells"": 32097, ""n_train"": 1257, ""n_cells"": 80448}",2026-10-05T13:36:53.806538+00:00,bc936294060c9d60cc9127a37c6fda1969abe1f7004c343bee8fc4c265a83362,1.0,1.0.0,True,ok,
stage2-run,official,stage2,digits,svm_rbf,0,gaussian+missing,2,4,0.9177317126394777,0.9185185185185185,0.09050965309143066,1257,540,"{""label_flipped"": 0, ""gaussian_cells"": 75420, ""outlier_cells"": 0, ""missing_cells"": 32097, ""n_train"": 1257, ""n_cells"": 80448}",2026-10-05T13:36:53.946417+00:00,bc936294060c9d60cc9127a37c6fda1969abe1f7004c343bee8fc4c265a83362,1.0,1.0.0,True,ok,
stage2-run,official,stage2,digits,decision_tree,0,gaussian+missing,2,4,0.48029236684512167,0.48518518518518516,0.06185626983642578,1257,540,"{""label_flipped"": 0, ""gaussian_cells"": 75420, ""outlier_cells"": 0, ""missing_cells"": 32097, ""n_train"": 1257, ""n_cells"": 80448}",2026-10-05T13:36:54.008273+00:00,bc936294060c9d60cc9127a37c6fda1969abe1f7004c343bee8fc4c265a83362,1.0,1.0.0,True,ok,
stage2-run,official,stage2,digits,random_forest,0,gaussian+missing,2,4,0.8743036940437552,0.8796296296296297,0.6703267097473145,1257,540,"{""label_flipped"": 0, ""gaussian_cells"": 75420, ""outlier_cells"": 0, ""missing_cells"": 32097, ""n_train"": 1257, ""n_cells"": 80448}",2026-10-05T13:36:54.686623+00:00,bc936294060c9d60cc9127a37c6fda1969abe1f7004c343bee8fc4c265a83362,1.0,1.0.0,True,ok,
stage2-run,official,stage2,digits,logreg,0,gaussian+missing,2,5,0.864261316394856,0.8648148148148148,0.007790327072143555,1257,540,"{""label_flipped"": 0, ""gaussian_cells"": 75420, ""outlier_cells"": 0, ""missing_cells"": 40097, ""n_train"": 1257, ""n_cells"": 80448}",2026-10-05T13:36:54.710517+00:00,bc936294060c9d60cc9127a37c6fda1969abe1f7004c343bee8fc4c265a83362,1.0,1.0.0,True,ok,
stage2-run,official,stage2,digits,svm_rbf,0,gaussian+missing,2,5,0.8624997097968755,0.8629629629629629,0.09442663192749023,1257,540,"{""label_flipped"": 0, ""gaussian_cells"": 75420, ""outlier_cells"": 0, ""missing_cells"": 40097, ""n_train"": 1257, ""n_cells"": 80448}",2026-10-05T13:36:54.853469+00:00,bc936294060c9d60cc9127a37c6fda1969abe1f7004c343bee8fc4c265a83362,1.0,1.0.0,True,ok,
stage2-run,official,stage2,digits,decision_tree,0,gaussian+missing,2,5,0.29639732460848306,0.3314814814814815,0.05133175849914551,1257,540,"{""label_flipped"": 0, ""gaussian_cells"": 75420, ""outlier_cells"": 0, ""missing_cells"": 40097, ""n_train"": 1257, ""n_cells"": 80448}",2026-10-05T13:36:54.908859+00:00,bc936294060c9d60cc9127a37c6fda1969abe1f7004c343bee8fc4c265a83362,1.0,1.0.0,True,ok,
stage2-run,official,stage2,digits,random_forest,0,gaussian+missing,2,5,0.7642155210980217,0.774074074074074,0.6451675891876221,1257,540,"{""label_flipped"": 0, ""gaussian_cells"": 75420, ""outlier_cells"": 0, ""missing_cells"": 40097, ""n_train"": 1257, ""n_cells"": 80448}",2026-10-05T13:36:55.577485+00:00,bc936294060c9d60cc9127a37c6fda1969abe1f7004c343bee8fc4c265a83362,1.0,1.0.0,True,ok,
stage2-run,official,stage2,digits,logreg,0,outliers+missing,2,1,0.9442880524457931,0.9444444444444444,0.03135204315185547,1257,540,"{""label_flipped"": 0, ""gaussian_cells"": 0, ""outlier_cells"": 1508, ""missing_cells"": 8224, ""n_train"": 1257, ""n_cells"": 80448}",2026-10-05T13:36:55.608838+00:00,bc936294060c9d60cc9127a37c6fda1969abe1f7004c343bee8fc4c265a83362,1.0,1.0.0,True,ok,
stage2-run,official,stage2,digits,svm_rbf,0,outliers+missing,2,1,0.9646644871430796,0.9648148148148148,0.047844648361206055,1257,540,"{""label_flipped"": 0, ""gaussian_cells"": 0, ""outlier_cells"": 1508, ""missing_cells"": 8224, ""n_train"": 1257, ""n_cells"": 80448}",2026-10-05T13:36:55.693961+00:00,bc936294060c9d60cc9127a37c6fda1969abe1f7004c343bee8fc4c265a83362,1.0,1.0.0,True,ok,
stage2-run,official,stage2,digits,decision_tree,0,outliers+missing,2,1,0.8047272973169418,0.8055555555555556,0.024512529373168945,1257,540,"{""label_flipped"": 0, ""gaussian_cells"": 0, ""outlier_cells"": 1508, ""missing_cells"": 8224, ""n_train"": 1257, ""n_cells"": 80448}",2026-10-05T13:36:55.720478+00:00,bc936294060c9d60cc9127a37c6fda1969abe1f7004c343bee8fc4c265a83362,1.0,1.0.0,True,ok,
stage2-run,official,stage2,digits,random_forest,0,outliers+missing,2,1,0.9701802801621706,0.9703703703703703,0.2641761302947998,1257,540,"{""label_flipped"": 0, ""gaussian_cells"": 0, ""outlier_cells"": 1508, ""missing_cells"": 8224, ""n_train"": 1257, ""n_cells"": 80448}",2026-10-05T13:36:55.994456+00:00,bc936294060c9d60cc9127a37c6fda1969abe1f7004c343bee8fc4c265a83362,1.0,1.0.0,True,ok,
stage2-run,official,stage2,digits,logreg,0,outliers+missing,2,2,0.9259413188088821,0.9259259259259259,0.02077007293701172,1257,540,"{""label_flipped"": 0, ""gaussian_cells"": 0, ""outlier_cells"": 3771, ""missing_cells"": 15963, ""n_train"": 1257, ""n_cells"": 80448}",2026-10-05T13:36:56.027170+00:00,bc936294060c9d60cc9127a37c6fda1969abe1f7004c343bee8fc4c265a83362,1.0,1.0.0,True,ok,
stage2-run,official,stage2,digits,svm_rbf,0,outliers+missing,2,2,0.9407097065720198,0.9407407407407408,0.06365156173706055,1257,540,"{""label_flipped"": 0, ""gaussian_cells"": 0, ""outlier_cells"": 3771, ""missing_cells"": 15963, ""n_train"": 1257, ""n_cells"": 80448}",2026-10-05T13:36:56.122684+00:00,bc936294060c9d60cc9127a37c6fda1969abe1f7004c343bee8fc4c265a83362,1.0,1.0.0,True,ok,
stage2-run,official,stage2,digits,decision_tree,0,outliers+missing,2,2,0.8037670616292705,0.8074074074074075,0.019739866256713867,1257,540,"{""label_flipped"": 0, ""gaussian_cells"": 0, ""outlier_cells"": 3771, ""missing_cells"": 15963, ""n_train"": 1257, ""n_cells"": 80448}",2026-10-05T13:36:56.161868+00:00,bc936294060c9d60cc9127a37c6fda1969abe1f7004c343bee8fc4c265a83362,1.0,1.0.0,True,ok,
stage2-run,official,stage2,digits,random_forest,0,outliers+missing,2,2,0.9627626049646437,0.9629629629629629,0.28931331634521484,1257,540,"{""label_flipped"": 0, ""gaussian_cells"": 0, ""outlier_cells"": 3771, ""missing_cells"": 15963, ""n_train"": 1257, ""n_cells"": 80448}",2026-10-05T13:36:56.458944+00:00,bc936294060c9d60cc9127a37c6fda1969abe1f7004c343bee8fc4c265a83362,1.0,1.0.0,True,ok,
stage2-run,official,stage2,digits,logreg,0,outliers+missing,2,3,0.8912226295655502,0.8925925925925926,0.013834953308105469,1257,540,"{""label_flipped"": 0, ""gaussian_cells"": 0, ""outlier_cells"": 7542, ""missing_cells"": 24215, ""n_train"": 1257, ""n_cells"": 80448}",2026-10-05T13:36:56.472779+00:00,bc936294060c9d60cc9127a37c6fda1969abe1f7004c343bee8fc4c265a83362,1.0,1.0.0,True,ok,
stage2-run,official,stage2,digits,svm_rbf,0,outliers+missing,2,3,0.889195873617247,0.8907407407407407,0.07713985443115234,1257,540,"{""label_flipped"": 0, ""gaussian_cells"": 0, ""outlier_cells"": 7542, ""missing_cells"": 24215, ""n_train"": 1257, ""n_cells"": 80448}",2026-10-05T13:36:56.611268+00:00,bc936294060c9d60cc9127a37c6fda1969abe1f7004c343bee8fc4c265a83362,1.0,1.0.0,True,ok,
stage2-run,official,stage2,digits,decision_tree,0,outliers+missing,2,3,0.7554711573555571,0.7574074074074074,0.010966777801513672,1257,540,"{""label_flipped"": 0, ""gaussian_cells"": 0, ""outlier_cells"": 7542, ""missing_cells"": 24215, ""n_train"": 1257, ""n_cells"": 80448}",2026-10-05T13:36:56.642367+00:00,bc936294060c9d60cc9127a37c6fda1969abe1f7004c343bee8fc4c265a83362,1.0,1.0.0,True,ok,
stage2-run,official,stage2,digits,random_forest,0,outliers+missing,2,3,0.9494962585555099,0.95,0.3013157844543457,1257,540,"{""label_flipped"": 0, ""gaussian_cells"": 0, ""outlier_cells"": 7542, ""missing_cells"": 24215, ""n_train"": 1257, ""n_cells"": 80448}",2026-10-05T13:36:56.958271+00:00,bc936294060c9d60cc9127a37c6fda1969abe1f7004c343bee8fc4c265a83362,1.0,1.0.0,True,ok,
stage2-run,official,stage2,digits,logreg,0,outliers+missing,2,4,0.8811551759718386,0.8833333333333333,0.01563262939453125,1257,540,"{""label_flipped"": 0, ""gaussian_cells"": 0, ""outlier_cells"": 11313, ""missing_cells"": 32097, ""n_train"": 1257, ""n_cells"": 80448}",2026-10-05T13:36:56.973904+00:00,bc936294060c9d60cc9127a37c6fda1969abe1f7004c343bee8fc4c265a83362,1.0,1.0.0,True,ok,
stage2-run,official,stage2,digits,svm_rbf,0,outliers+missing,2,4,0.8808293332951843,0.8833333333333333,0.06984663009643555,1257,540,"{""label_flipped"": 0, ""gaussian_cells"": 0, ""outlier_cells"": 11313, ""missing_cells"": 32097, ""n_train"": 1257, ""n_cells"": 80448}",2026-10-05T13:36:57.111664+00:00,bc936294060c9d60cc9127a37c6fda1969abe1f7004c343bee8fc4c265a83362,1.0,1.0.0,True,ok,
stage2-run,official,stage2,digits,decision_tree,0,outliers+missing,2,4,0.6196813859759042,0.6333333333333333,0.02788400650024414,1257,540,"{""label_flipped"": 0, ""gaussian_cells"": 0, ""outlier_cells"": 11313, ""missing_cells"": 32097, ""n_train"": 1257, ""n_cells"": 80448}",2026-10-05T13:36:57.141555+00:00,bc936294060c9d60cc9127a37c6fda1969abe1f7004c343bee8fc4c265a83362,1.0,1.0.0,True,ok,
stage2-run,official,stage2,digits,random_forest,0,outliers+missing,2,4,0.9322361750524648,0.9333333333333333,0.3119065761566162,1257,540,"{""label_flipped"": 0, ""gaussian_cells"": 0, ""outlier_cells"": 11313, ""missing_cells"": 32097, ""n_train"": 1257, ""n_cells"": 80448}",2026-10-05T13:36:57.458862+00:00,bc936294060c9d60cc9127a37c6fda1969abe1f7004c343bee8fc4c265a83362,1.0,1.0.0,True,ok,
stage2-run,official,stage2,digits,logreg,0,outliers+missing,2,5,0.8311951482843595,0.8351851851851851,0.0,1257,540,"{""label_flipped"": 0, ""gaussian_cells"": 0, ""outlier_cells"": 15084, ""missing_cells"": 40097, ""n_train"": 1257, ""n_cells"": 80448}",2026-10-05T13:36:57.489754+00:00,bc936294060c9d60cc9127a37c6fda1969abe1f7004c343bee8fc4c265a83362,1.0,1.0.0,True,ok,
stage2-run,official,stage2,digits,svm_rbf,0,outliers+missing,2,5,0.8460293994640515,0.8462962962962963,0.07859349250793457,1257,540,"{""label_flipped"": 0, ""gaussian_cells"": 0, ""outlier_cells"": 15084, ""missing_cells"": 40097, ""n_train"": 1257, ""n_cells"": 80448}",2026-10-05T13:36:57.617674+00:00,bc936294060c9d60cc9127a37c6fda1969abe1f7004c343bee8fc4c265a83362,1.0,1.0.0,True,ok,
stage2-run,official,stage2,digits,decision_tree,0,outliers+missing,2,5,0.5876430658530023,0.5925925925925926,0.02936840057373047,1257,540,"{""label_flipped"": 0, ""gaussian_cells"": 0, ""outlier_cells"": 15084, ""missing_cells"": 40097, ""n_train"": 1257, ""n_cells"": 80448}",2026-10-05T13:36:57.649048+00:00,bc936294060c9d60cc9127a37c6fda1969abe1f7004c343bee8fc4c265a83362,1.0,1.0.0,True,ok,
stage2-run,official,stage2,digits,random_forest,0,outliers+missing,2,5,0.9163622825104654,0.9166666666666666,0.32726168632507324,1257,540,"{""label_flipped"": 0, ""gaussian_cells"": 0, ""outlier_cells"": 15084, ""missing_cells"": 40097, ""n_train"": 1257, ""n_cells"": 80448}",2026-10-05T13:36:57.986340+00:00,bc936294060c9d60cc9127a37c6fda1969abe1f7004c343bee8fc4c265a83362,1.0,1.0.0,True,ok,
stage2-run,official,stage2,digits,logreg,0,label+gaussian+outliers,3,1,0.9348586569321782,0.9351851851851852,0.01566767692565918,1257,540,"{""label_flipped"": 63, ""gaussian_cells"": 75420, ""outlier_cells"": 1508, ""missing_cells"": 0, ""n_train"": 1257, ""n_cells"": 80448}",2026-10-05T13:36:58.008686+00:00,bc936294060c9d60cc9127a37c6fda1969abe1f7004c343bee8fc4c265a83362,1.0,1.0.0,True,ok,
stage2-run,official,stage2,digits,svm_rbf,0,label+gaussian+outliers,3,1,0.9516040330629976,0.9518518518518518,0.05047607421875,1257,540,"{""label_flipped"": 63, ""gaussian_cells"": 75420, ""outlier_cells"": 1508, ""missing_cells"": 0, ""n_train"": 1257, ""n_cells"": 80448}",2026-10-05T13:36:58.107166+00:00,bc936294060c9d60cc9127a37c6fda1969abe1f7004c343bee8fc4c265a83362,1.0,1.0.0,True,ok,
stage2-run,official,stage2,digits,decision_tree,0,label+gaussian+outliers,3,1,0.8043949014863949,0.8037037037037037,0.08464407920837402,1257,540,"{""label_flipped"": 63, ""gaussian_cells"": 75420, ""outlier_cells"": 1508, ""missing_cells"": 0, ""n_train"": 1257, ""n_cells"": 80448}",2026-10-05T13:36:58.193739+00:00,bc936294060c9d60cc9127a37c6fda1969abe1f7004c343bee8fc4c265a83362,1.0,1.0.0,True,ok,
stage2-run,official,stage2,digits,random_forest,0,label+gaussian+outliers,3,1,0.9647021413682311,0.9648148148148148,0.6380653381347656,1257,540,"{""label_flipped"": 63, ""gaussian_cells"": 75420, ""outlier_cells"": 1508, ""missing_cells"": 0, ""n_train"": 1257, ""n_cells"": 80448}",2026-10-05T13:36:58.852035+00:00,bc936294060c9d60cc9127a37c6fda1969abe1f7004c343bee8fc4c265a83362,1.0,1.0.0,True,ok,
stage2-run,official,stage2,digits,logreg,0,label+gaussian+outliers,3,2,0.9231494833970801,0.9222222222222223,0.004538536071777344,1257,540,"{""label_flipped"": 126, ""gaussian_cells"": 75420, ""outlier_cells"": 3771, ""missing_cells"": 0, ""n_train"": 1257, ""n_cells"": 80448}",2026-10-05T13:36:58.875351+00:00,bc936294060c9d60cc9127a37c6fda1969abe1f7004c343bee8fc4c265a83362,1.0,1.0.0,True,ok,
stage2-run,official,stage2,digits,svm_rbf,0,label+gaussian+outliers,3,2,0.9520160101198153,0.9518518518518518,0.07046771049499512,1257,540,"{""label_flipped"": 126, ""gaussian_cells"": 75420, ""outlier_cells"": 3771, ""missing_cells"": 0, ""n_train"": 1257, ""n_cells"": 80448}",2026-10-05T13:36:58.994997+00:00,bc936294060c9d60cc9127a37c6fda1969abe1f7004c343bee8fc4c265a83362,1.0,1.0.0,True,ok,
stage2-run,official,stage2,digits,decision_tree,0,label+gaussian+outliers,3,2,0.7405650628415222,0.7444444444444445,0.06785249710083008,1257,540,"{""label_flipped"": 126, ""gaussian_cells"": 75420, ""outlier_cells"": 3771, ""missing_cells"": 0, ""n_train"": 1257, ""n_cells"": 80448}",2026-10-05T13:36:59.068867+00:00,bc936294060c9d60cc9127a37c6fda1969abe1f7004c343bee8fc4c265a83362,1.0,1.0.0,True,ok,
stage2-run,official,stage2,digits,random_forest,0,label+gaussian+outliers,3,2,0.9740169159779025,0.9740740740740741,0.6513850688934326,1257,540,"{""label_flipped"": 126, ""gaussian_cells"": 75420, ""outlier_cells"": 3771, ""missing_cells"": 0, ""n_train"": 1257, ""n_cells"": 80448}",2026-10-05T13:36:59.726184+00:00,bc936294060c9d60cc9127a37c6fda1969abe1f7004c343bee8fc4c265a83362,1.0,1.0.0,True,ok,
stage2-run,official,stage2,digits,logreg,0,label+gaussian+outliers,3,3,0.8831007811317205,0.8833333333333333,0.019071102142333984,1257,540,"{""label_flipped"": 251, ""gaussian_cells"": 75420, ""outlier_cells"": 7542, ""missing_cells"": 0, ""n_train"": 1257, ""n_cells"": 80448}",2026-10-05T13:36:59.745255+00:00,bc936294060c9d60cc9127a37c6fda1969abe1f7004c343bee8fc4c265a83362,1.0,1.0.0,True,ok,
stage2-run,official,stage2,digits,svm_rbf,0,label+gaussian+outliers,3,3,0.8425158480764658,0.8425925925925926,0.07030653953552246,1257,540,"{""label_flipped"": 251, ""gaussian_cells"": 75420, ""outlier_cells"": 7542, ""missing_cells"": 0, ""n_train"": 1257, ""n_cells"": 80448}",2026-10-05T13:36:59.876686+00:00,bc936294060c9d60cc9127a37c6fda1969abe1f7004c343bee8fc4c265a83362,1.0,1.0.0,True,ok,
stage2-run,official,stage2,digits,decision_tree,0,label+gaussian+outliers,3,3,0.5301719277636483,0.5388888888888889,0.060193777084350586,1257,540,"{""label_flipped"": 251, ""gaussian_cells"": 75420, ""outlier_cells"": 7542, ""missing_cells"": 0, ""n_train"": 1257, ""n_cells"": 80448}",2026-10-05T13:36:59.939392+00:00,bc936294060c9d60cc9127a37c6fda1969abe1f7004c343bee8fc4c265a83362,1.0,1.0.0,True,ok,
stage2-run,official,stage2,digits,random_forest,0,label+gaussian+outliers,3,3,0.9045126373623014,0.9055555555555556,0.7065088748931885,1257,540,"{""label_flipped"": 251, ""gaussian_cells"": 75420, ""outlier_cells"": 7542, ""missing_cells"": 0, ""n_train"": 1257, ""n_cells"": 80448}",2026-10-05T13:37:00.673214+00:00,bc936294060c9d60cc9127a37c6fda1969abe1f7004c343bee8fc4c265a83362,1.0,1.0.0,True,ok,
stage2-run,official,stage2,digits,logreg,0,label+gaussian+outliers,3,4,0.8481386852817604,0.8518518518518519,0.010955095291137695,1257,540,"{""label_flipped"": 377, ""gaussian_cells"": 75420, ""outlier_cells"": 11313, ""missing_cells"": 0, ""n_train"": 1257, ""n_cells"": 80448}",2026-10-05T13:37:00.693864+00:00,bc936294060c9d60cc9127a37c6fda1969abe1f7004c343bee8fc4c265a83362,1.0,1.0.0,True,ok,
stage2-run,official,stage2,digits,svm_rbf,0,label+gaussian+outliers,3,4,0.734511546295474,0.7537037037037037,0.08451080322265625,1257,540,"{""label_flipped"": 377, ""gaussian_cells"": 75420, ""outlier_cells"": 11313, ""missing_cells"": 0, ""n_train"": 1257, ""n_cells"": 80448}",2026-10-05T13:37:00.825308+00:00,bc936294060c9d60cc9127a37c6fda1969abe1f7004c343bee8fc4c265a83362,1.0,1.0.0,True,ok,
stage2-run,official,stage2,digits,decision_tree,0,label+gaussian+outliers,3,4,0.38734644832731047,0.387037037037037,0.07022404670715332,1257,540,"{""label_flipped"": 377, ""gaussian_cells"": 75420, ""outlier_cells"": 11313, ""missing_cells"": 0, ""n_train"": 1257, ""n_cells"": 80448}",2026-10-05T13:37:00.908629+00:00,bc936294060c9d60cc9127a37c6fda1969abe1f7004c343bee8fc4c265a83362,1.0,1.0.0,True,ok,
stage2-run,official,stage2,digits,random_forest,0,label+gaussian+outliers,3,4,0.8052654297891054,0.8111111111111111,0.7013180255889893,1257,540,"{""label_flipped"": 377, ""gaussian_cells"": 75420, ""outlier_cells"": 11313, ""missing_cells"": 0, ""n_train"": 1257, ""n_cells"": 80448}",2026-10-05T13:37:01.625468+00:00,bc936294060c9d60cc9127a37c6fda1969abe1f7004c343bee8fc4c265a83362,1.0,1.0.0,True,ok,
stage2-run,official,stage2,digits,logreg,0,label+gaussian+outliers,3,5,0.7523063443101263,0.762962962962963,0.0159609317779541,1257,540,"{""label_flipped"": 503, ""gaussian_cells"": 75420, ""outlier_cells"": 15084, ""missing_cells"": 0, ""n_train"": 1257, ""n_cells"": 80448}",2026-10-05T13:37:01.641429+00:00,bc936294060c9d60cc9127a37c6fda1969abe1f7004c343bee8fc4c265a83362,1.0,1.0.0,True,ok,
stage2-run,official,stage2,digits,svm_rbf,0,label+gaussian+outliers,3,5,0.5295069139255834,0.5388888888888889,0.10012340545654297,1257,540,"{""label_flipped"": 503, ""gaussian_cells"": 75420, ""outlier_cells"": 15084, ""missing_cells"": 0, ""n_train"": 1257, ""n_cells"": 80448}",2026-10-05T13:37:01.793135+00:00,bc936294060c9d60cc9127a37c6fda1969abe1f7004c343bee8fc4c265a83362,1.0,1.0.0,True,ok,
stage2-run,official,stage2,digits,decision_tree,0,label+gaussian+outliers,3,5,0.16006642447686698,0.17592592592592593,0.07951164245605469,1257,540,"{""label_flipped"": 503, ""gaussian_cells"": 75420, ""outlier_cells"": 15084, ""missing_cells"": 0, ""n_train"": 1257, ""n_cells"": 80448}",2026-10-05T13:37:01.874652+00:00,bc936294060c9d60cc9127a37c6fda1969abe1f7004c343bee8fc4c265a83362,1.0,1.0.0,True,ok,
stage2-run,official,stage2,digits,random_forest,0,label+gaussian+outliers,3,5,0.44310834935186366,0.4648148148148148,0.6985054016113281,1257,540,"{""label_flipped"": 503, ""gaussian_cells"": 75420, ""outlier_cells"": 15084, ""missing_cells"": 0, ""n_train"": 1257, ""n_cells"": 80448}",2026-10-05T13:37:02.586012+00:00,bc936294060c9d60cc9127a37c6fda1969abe1f7004c343bee8fc4c265a83362,1.0,1.0.0,True,ok,
stage2-run,official,stage2,digits,logreg,0,label+gaussian+missing,3,1,0.9425334485084397,0.9425925925925925,0.017880678176879883,1257,540,"{""label_flipped"": 63, ""gaussian_cells"": 75420, ""outlier_cells"": 0, ""missing_cells"": 8224, ""n_train"": 1257, ""n_cells"": 80448}",2026-10-05T13:37:02.625065+00:00,bc936294060c9d60cc9127a37c6fda1969abe1f7004c343bee8fc4c265a83362,1.0,1.0.0,True,ok,
stage2-run,official,stage2,digits,svm_rbf,0,label+gaussian+missing,3,1,0.9684650372546214,0.9685185185185186,0.043912649154663086,1257,540,"{""label_flipped"": 63, ""gaussian_cells"": 75420, ""outlier_cells"": 0, ""missing_cells"": 8224, ""n_train"": 1257, ""n_cells"": 80448}",2026-10-05T13:37:02.693484+00:00,bc936294060c9d60cc9127a37c6fda1969abe1f7004c343bee8fc4c265a83362,1.0,1.0.0,True,ok,
stage2-run,official,stage2,digits,decision_tree,0,label+gaussian+missing,3,1,0.7891449193892989,0.7888888888888889,0.0704951286315918,1257,540,"{""label_flipped"": 63, ""gaussian_cells"": 75420, ""outlier_cells"": 0, ""missing_cells"": 8224, ""n_train"": 1257, ""n_cells"": 80448}",2026-10-05T13:37:02.780424+00:00,bc936294060c9d60cc9127a37c6fda1969abe1f7004c343bee8fc4c265a83362,1.0,1.0.0,True,ok,
stage2-run,official,stage2,digits,random_forest,0,label+gaussian+missing,3,1,0.9556875776396592,0.9555555555555556,0.6613447666168213,1257,540,"{""label_flipped"": 63, ""gaussian_cells"": 75420, ""outlier_cells"": 0, ""missing_cells"": 8224, ""n_train"": 1257, ""n_cells"": 80448}",2026-10-05T13:37:03.449529+00:00,bc936294060c9d60cc9127a37c6fda1969abe1f7004c343bee8fc4c265a83362,1.0,1.0.0,True,ok,
stage2-run,official,stage2,digits,logreg,0,label+gaussian+missing,3,2,0.9326739325505079,0.9333333333333333,0.027643918991088867,1257,540,"{""label_flipped"": 126, ""gaussian_cells"": 75420, ""outlier_cells"": 0, ""missing_cells"": 15963, ""n_train"": 1257, ""n_cells"": 80448}",2026-10-05T13:37:03.481185+00:00,bc936294060c9d60cc9127a37c6fda1969abe1f7004c343bee8fc4c265a83362,1.0,1.0.0,True,ok,
stage2-run,official,stage2,digits,svm_rbf,0,label+gaussian+missing,3,2,0.9629477213026079,0.9629629629629629,0.06011843681335449,1257,540,"{""label_flipped"": 126, ""gaussian_cells"": 75420, ""outlier_cells"": 0, ""missing_cells"": 15963, ""n_train"": 1257, ""n_cells"": 80448}",2026-10-05T13:37:03.585124+00:00,bc936294060c9d60cc9127a37c6fda1969abe1f7004c343bee8fc4c265a83362,1.0,1.0.0,True,ok,
stage2-run,official,stage2,digits,decision_tree,0,label+gaussian+missing,3,2,0.6984848510453404,0.7055555555555556,0.07108592987060547,1257,540,"{""label_flipped"": 126, ""gaussian_cells"": 75420, ""outlier_cells"": 0, ""missing_cells"": 15963, ""n_train"": 1257, ""n_cells"": 80448}",2026-10-05T13:37:03.660223+00:00,bc936294060c9d60cc9127a37c6fda1969abe1f7004c343bee8fc4c265a83362,1.0,1.0.0,True,ok,
stage2-run,official,stage2,digits,random_forest,0,label+gaussian+missing,3,2,0.9443205854130238,0.9444444444444444,0.659440279006958,1257,540,"{""label_flipped"": 126, ""gaussian_cells"": 75420, ""outlier_cells"": 0, ""missing_cells"": 15963, ""n_train"": 1257, ""n_cells"": 80448}",2026-10-05T13:37:04.328053+00:00,bc936294060c9d60cc9127a37c6fda1969abe1f7004c343bee8fc4c265a83362,1.0,1.0.0,True,ok,
stage2-run,official,stage2,digits,logreg,0,label+gaussian+missing,3,3,0.9204872137212409,0.9203703703703704,0.005056619644165039,1257,540,"{""label_flipped"": 251, ""gaussian_cells"": 75420, ""outlier_cells"": 0, ""missing_cells"": 24215, ""n_train"": 1257, ""n_cells"": 80448}",2026-10-05T13:37:04.339130+00:00,bc936294060c9d60cc9127a37c6fda1969abe1f7004c343bee8fc4c265a83362,1.0,1.0.0,True,ok,
stage2-run,official,stage2,digits,svm_rbf,0,label+gaussian+missing,3,3,0.9125630571046399,0.912962962962963,0.06798434257507324,1257,540,"{""label_flipped"": 251, ""gaussian_cells"": 75420, ""outlier_cells"": 0, ""missing_cells"": 24215, ""n_train"": 1257, ""n_cells"": 80448}",2026-10-05T13:37:04.458707+00:00,bc936294060c9d60cc9127a37c6fda1969abe1f7004c343bee8fc4c265a83362,1.0,1.0.0,True,ok,
stage2-run,official,stage2,digits,decision_tree,0,label+gaussian+missing,3,3,0.5468699986548939,0.55,0.07222819328308105,1257,540,"{""label_flipped"": 251, ""gaussian_cells"": 75420, ""outlier_cells"": 0, ""missing_cells"": 24215, ""n_train"": 1257, ""n_cells"": 80448}",2026-10-05T13:37:04.546927+00:00,bc936294060c9d60cc9127a37c6fda1969abe1f7004c343bee8fc4c265a83362,1.0,1.0.0,True,ok,
stage2-run,official,stage2,digits,random_forest,0,label+gaussian+missing,3,3,0.8880774203140938,0.8888888888888888,0.7205290794372559,1257,540,"{""label_flipped"": 251, ""gaussian_cells"": 75420, ""outlier_cells"": 0, ""missing_cells"": 24215, ""n_train"": 1257, ""n_cells"": 80448}",2026-10-05T13:37:05.282527+00:00,bc936294060c9d60cc9127a37c6fda1969abe1f7004c343bee8fc4c265a83362,1.0,1.0.0,True,ok,
stage2-run,official,stage2,digits,logreg,0,label+gaussian+missing,3,4,0.8387710805557932,0.8444444444444444,0.015804529190063477,1257,540,"{""label_flipped"": 377, ""gaussian_cells"": 75420, ""outlier_cells"": 0, ""missing_cells"": 32097, ""n_train"": 1257, ""n_cells"": 80448}",2026-10-05T13:37:05.305489+00:00,bc936294060c9d60cc9127a37c6fda1969abe1f7004c343bee8fc4c265a83362,1.0,1.0.0,True,ok,
stage2-run,official,stage2,digits,svm_rbf,0,label+gaussian+missing,3,4,0.8664443280778155,0.8685185185185185,0.08648991584777832,1257,540,"{""label_flipped"": 377, ""gaussian_cells"": 75420, ""outlier_cells"": 0, ""missing_cells"": 32097, ""n_train"": 1257, ""n_cells"": 80448}",2026-10-05T13:37:05.440694+00:00,bc936294060c9d60cc9127a37c6fda1969abe1f7004c343bee8fc4c265a83362,1.0,1.0.0,True,ok,
stage2-run,official,stage2,digits,decision_tree,0,label+gaussian+missing,3,4,0.3410085936587568,0.3592592592592593,0.06392717361450195,1257,540,"{""label_flipped"": 377, ""gaussian_cells"": 75420, ""outlier_cells"": 0, ""missing_cells"": 32097, ""n_train"": 1257, ""n_cells"": 80448}",2026-10-05T13:37:05.513545+00:00,bc936294060c9d60cc9127a37c6fda1969abe1f7004c343bee8fc4c265a83362,1.0,1.0.0,True,ok,
stage2-run,official,stage2,digits,random_forest,0,label+gaussian+missing,3,4,0.6972588082648091,0.7240740740740741,0.700148344039917,1257,540,"{""label_flipped"": 377, ""gaussian_cells"": 75420, ""outlier_cells"": 0, ""missing_cells"": 32097, ""n_train"": 1257, ""n_cells"": 80448}",2026-10-05T13:37:06.225229+00:00,bc936294060c9d60cc9127a37c6fda1969abe1f7004c343bee8fc4c265a83362,1.0,1.0.0,True,ok,
stage2-run,official,stage2,digits,logreg,0,label+gaussian+missing,3,5,0.7847826080194169,0.7870370370370371,0.015681743621826172,1257,540,"{""label_flipped"": 503, ""gaussian_cells"": 75420, ""outlier_cells"": 0, ""missing_cells"": 40097, ""n_train"": 1257, ""n_cells"": 80448}",2026-10-05T13:37:06.240911+00:00,bc936294060c9d60cc9127a37c6fda1969abe1f7004c343bee8fc4c265a83362,1.0,1.0.0,True,ok,
stage2-run,official,stage2,digits,svm_rbf,0,label+gaussian+missing,3,5,0.720870939848499,0.7277777777777777,0.10186243057250977,1257,540,"{""label_flipped"": 503, ""gaussian_cells"": 75420, ""outlier_cells"": 0, ""missing_cells"": 40097, ""n_train"": 1257, ""n_cells"": 80448}",2026-10-05T13:37:06.391580+00:00,bc936294060c9d60cc9127a37c6fda1969abe1f7004c343bee8fc4c265a83362,1.0,1.0.0,True,ok,
stage2-run,official,stage2,digits,decision_tree,0,label+gaussian+missing,3,5,0.21908375413919537,0.22962962962962963,0.07513189315795898,1257,540,"{""label_flipped"": 503, ""gaussian_cells"": 75420, ""outlier_cells"": 0, ""missing_cells"": 40097, ""n_train"": 1257, ""n_cells"": 80448}",2026-10-05T13:37:06.468454+00:00,bc936294060c9d60cc9127a37c6fda1969abe1f7004c343bee8fc4c265a83362,1.0,1.0.0,True,ok,
stage2-run,official,stage2,digits,random_forest,0,label+gaussian+missing,3,5,0.578642158438766,0.5944444444444444,0.6970956325531006,1257,540,"{""label_flipped"": 503, ""gaussian_cells"": 75420, ""outlier_cells"": 0, ""missing_cells"": 40097, ""n_train"": 1257, ""n_cells"": 80448}",2026-10-05T13:37:07.177059+00:00,bc936294060c9d60cc9127a37c6fda1969abe1f7004c343bee8fc4c265a83362,1.0,1.0.0,True,ok,
stage2-run,official,stage2,digits,logreg,0,label+outliers+missing,3,1,0.9238861738548012,0.924074074074074,0.012476921081542969,1257,540,"{""label_flipped"": 63, ""gaussian_cells"": 0, ""outlier_cells"": 1508, ""missing_cells"": 8224, ""n_train"": 1257, ""n_cells"": 80448}",2026-10-05T13:37:07.209816+00:00,bc936294060c9d60cc9127a37c6fda1969abe1f7004c343bee8fc4c265a83362,1.0,1.0.0,True,ok,
stage2-run,official,stage2,digits,svm_rbf,0,label+outliers+missing,3,1,0.955375992138768,0.9555555555555556,0.04943132400512695,1257,540,"{""label_flipped"": 63, ""gaussian_cells"": 0, ""outlier_cells"": 1508, ""missing_cells"": 8224, ""n_train"": 1257, ""n_cells"": 80448}",2026-10-05T13:37:07.290861+00:00,bc936294060c9d60cc9127a37c6fda1969abe1f7004c343bee8fc4c265a83362,1.0,1.0.0,True,ok,
stage2-run,official,stage2,digits,decision_tree,0,label+outliers+missing,3,1,0.7929851454199652,0.7944444444444444,0.031879425048828125,1257,540,"{""label_flipped"": 63, ""gaussian_cells"": 0, ""outlier_cells"": 1508, ""missing_cells"": 8224, ""n_train"": 1257, ""n_cells"": 80448}",2026-10-05T13:37:07.322740+00:00,bc936294060c9d60cc9127a37c6fda1969abe1f7004c343bee8fc4c265a83362,1.0,1.0.0,True,ok,
stage2-run,official,stage2,digits,random_forest,0,label+outliers+missing,3,1,0.9722133993967539,0.9722222222222222,0.27774620056152344,1257,540,"{""label_flipped"": 63, ""gaussian_cells"": 0, ""outlier_cells"": 1508, ""missing_cells"": 8224, ""n_train"": 1257, ""n_cells"": 80448}",2026-10-05T13:37:07.606240+00:00,bc936294060c9d60cc9127a37c6fda1969abe1f7004c343bee8fc4c265a83362,1.0,1.0.0,True,ok,
stage2-run,official,stage2,digits,logreg,0,label+outliers+missing,3,2,0.9170192989645864,0.9166666666666666,0.02005624771118164,1257,540,"{""label_flipped"": 126, ""gaussian_cells"": 0, ""outlier_cells"": 3771, ""missing_cells"": 15963, ""n_train"": 1257, ""n_cells"": 80448}",2026-10-05T13:37:07.626296+00:00,bc936294060c9d60cc9127a37c6fda1969abe1f7004c343bee8fc4c265a83362,1.0,1.0.0,True,ok,
stage2-run,official,stage2,digits,svm_rbf,0,label+outliers+missing,3,2,0.9424264458617813,0.9425925925925925,0.08355116844177246,1257,540,"{""label_flipped"": 126, ""gaussian_cells"": 0, ""outlier_cells"": 3771, ""missing_cells"": 15963, ""n_train"": 1257, ""n_cells"": 80448}",2026-10-05T13:37:07.760810+00:00,bc936294060c9d60cc9127a37c6fda1969abe1f7004c343bee8fc4c265a83362,1.0,1.0.0,True,ok,
stage2-run,official,stage2,digits,decision_tree,0,label+outliers+missing,3,2,0.7507144148047815,0.7537037037037037,0.029253721237182617,1257,540,"{""label_flipped"": 126, ""gaussian_cells"": 0, ""outlier_cells"": 3771, ""missing_cells"": 15963, ""n_train"": 1257, ""n_cells"": 80448}",2026-10-05T13:37:07.796047+00:00,bc936294060c9d60cc9127a37c6fda1969abe1f7004c343bee8fc4c265a83362,1.0,1.0.0,True,ok,
stage2-run,official,stage2,digits,random_forest,0,label+outliers+missing,3,2,0.9609228553843175,0.9611111111111111,0.32518839836120605,1257,540,"{""label_flipped"": 126, ""gaussian_cells"": 0, ""outlier_cells"": 3771, ""missing_cells"": 15963, ""n_train"": 1257, ""n_cells"": 80448}",2026-10-05T13:37:08.134160+00:00,bc936294060c9d60cc9127a37c6fda1969abe1f7004c343bee8fc4c265a83362,1.0,1.0.0,True,ok,
stage2-run,official,stage2,digits,logreg,0,label+outliers+missing,3,3,0.8840215406334633,0.8851851851851852,0.00487065315246582,1257,540,"{""label_flipped"": 251, ""gaussian_cells"": 0, ""outlier_cells"": 7542, ""missing_cells"": 24215, ""n_train"": 1257, ""n_cells"": 80448}",2026-10-05T13:37:08.156780+00:00,bc936294060c9d60cc9127a37c6fda1969abe1f7004c343bee8fc4c265a83362,1.0,1.0.0,True,ok,
stage2-run,official,stage2,digits,svm_rbf,0,label+outliers+missing,3,3,0.881019026048436,0.8814814814814815,0.08004450798034668,1257,540,"{""label_flipped"": 251, ""gaussian_cells"": 0, ""outlier_cells"": 7542, ""missing_cells"": 24215, ""n_train"": 1257, ""n_cells"": 80448}",2026-10-05T13:37:08.292460+00:00,bc936294060c9d60cc9127a37c6fda1969abe1f7004c343bee8fc4c265a83362,1.0,1.0.0,True,ok,
stage2-run,official,stage2,digits,decision_tree,0,label+outliers+missing,3,3,0.6402497815693485,0.6462962962962963,0.035607337951660156,1257,540,"{""label_flipped"": 251, ""gaussian_cells"": 0, ""outlier_cells"": 7542, ""missing_cells"": 24215, ""n_train"": 1257, ""n_cells"": 80448}",2026-10-05T13:37:08.330074+00:00,bc936294060c9d60cc9127a37c6fda1969abe1f7004c343bee8fc4c265a83362,1.0,1.0.0,True,ok,
stage2-run,official,stage2,digits,random_forest,0,label+outliers+missing,3,3,0.9330856736172214,0.9333333333333333,0.3400094509124756,1257,540,"{""label_flipped"": 251, ""gaussian_cells"": 0, ""outlier_cells"": 7542, ""missing_cells"": 24215, ""n_train"": 1257, ""n_cells"": 80448}",2026-10-05T13:37:08.693242+00:00,bc936294060c9d60cc9127a37c6fda1969abe1f7004c343bee8fc4c265a83362,1.0,1.0.0,True,ok,
stage2-run,official,stage2,digits,logreg,0,label+outliers+missing,3,4,0.8430745382492404,0.8462962962962963,0.016422510147094727,1257,540,"{""label_flipped"": 377, ""gaussian_cells"": 0, ""outlier_cells"": 11313, ""missing_cells"": 32097, ""n_train"": 1257, ""n_cells"": 80448}",2026-10-05T13:37:08.709665+00:00,bc936294060c9d60cc9127a37c6fda1969abe1f7004c343bee8fc4c265a83362,1.0,1.0.0,True,ok,
stage2-run,official,stage2,digits,svm_rbf,0,label+outliers+missing,3,4,0.831497599552678,0.8351851851851851,0.09762144088745117,1257,540,"{""label_flipped"": 377, ""gaussian_cells"": 0, ""outlier_cells"": 11313, ""missing_cells"": 32097, ""n_train"": 1257, ""n_cells"": 80448}",2026-10-05T13:37:08.856497+00:00,bc936294060c9d60cc9127a37c6fda1969abe1f7004c343bee8fc4c265a83362,1.0,1.0.0,True,ok,
stage2-run,official,stage2,digits,decision_tree,0,label+outliers+missing,3,4,0.5267856127058035,0.5388888888888889,0.03219723701477051,1257,540,"{""label_flipped"": 377, ""gaussian_cells"": 0, ""outlier_cells"": 11313, ""missing_cells"": 32097, ""n_train"": 1257, ""n_cells"": 80448}",2026-10-05T13:37:08.892063+00:00,bc936294060c9d60cc9127a37c6fda1969abe1f7004c343bee8fc4c265a83362,1.0,1.0.0,True,ok,
stage2-run,official,stage2,digits,random_forest,0,label+outliers+missing,3,4,0.8687376926129934,0.8740740740740741,0.36568784713745117,1257,540,"{""label_flipped"": 377, ""gaussian_cells"": 0, ""outlier_cells"": 11313, ""missing_cells"": 32097, ""n_train"": 1257, ""n_cells"": 80448}",2026-10-05T13:37:09.267175+00:00,bc936294060c9d60cc9127a37c6fda1969abe1f7004c343bee8fc4c265a83362,1.0,1.0.0,True,ok,
stage2-run,official,stage2,digits,logreg,0,label+outliers+missing,3,5,0.7356372274721797,0.7481481481481481,0.0,1257,540,"{""label_flipped"": 503, ""gaussian_cells"": 0, ""outlier_cells"": 15084, ""missing_cells"": 40097, ""n_train"": 1257, ""n_cells"": 80448}",2026-10-05T13:37:09.286847+00:00,bc936294060c9d60cc9127a37c6fda1969abe1f7004c343bee8fc4c265a83362,1.0,1.0.0,True,ok,
stage2-run,official,stage2,digits,svm_rbf,0,label+outliers+missing,3,5,0.7253528141470724,0.7314814814814815,0.08316278457641602,1257,540,"{""label_flipped"": 503, ""gaussian_cells"": 0, ""outlier_cells"": 15084, ""missing_cells"": 40097, ""n_train"": 1257, ""n_cells"": 80448}",2026-10-05T13:37:09.424098+00:00,bc936294060c9d60cc9127a37c6fda1969abe1f7004c343bee8fc4c265a83362,1.0,1.0.0,True,ok,
stage2-run,official,stage2,digits,decision_tree,0,label+outliers+missing,3,5,0.4568991557112178,0.4666666666666667,0.03024458885192871,1257,540,"{""label_flipped"": 503, ""gaussian_cells"": 0, ""outlier_cells"": 15084, ""missing_cells"": 40097, ""n_train"": 1257, ""n_cells"": 80448}",2026-10-05T13:37:09.458479+00:00,bc936294060c9d60cc9127a37c6fda1969abe1f7004c343bee8fc4c265a83362,1.0,1.0.0,True,ok,
stage2-run,official,stage2,digits,random_forest,0,label+outliers+missing,3,5,0.8168628990395346,0.8240740740740741,0.36584973335266113,1257,540,"{""label_flipped"": 503, ""gaussian_cells"": 0, ""outlier_cells"": 15084, ""missing_cells"": 40097, ""n_train"": 1257, ""n_cells"": 80448}",2026-10-05T13:37:09.833774+00:00,bc936294060c9d60cc9127a37c6fda1969abe1f7004c343bee8fc4c265a83362,1.0,1.0.0,True,ok,
stage2-run,official,stage2,digits,logreg,0,gaussian+outliers+missing,3,1,0.9428917837190942,0.9425925925925925,0.0218966007232666,1257,540,"{""label_flipped"": 0, ""gaussian_cells"": 75420, ""outlier_cells"": 1508, ""missing_cells"": 8224, ""n_train"": 1257, ""n_cells"": 80448}",2026-10-05T13:37:09.859683+00:00,bc936294060c9d60cc9127a37c6fda1969abe1f7004c343bee8fc4c265a83362,1.0,1.0.0,True,ok,
stage2-run,official,stage2,digits,svm_rbf,0,gaussian+outliers+missing,3,1,0.9609474573225475,0.9611111111111111,0.06674027442932129,1257,540,"{""label_flipped"": 0, ""gaussian_cells"": 75420, ""outlier_cells"": 1508, ""missing_cells"": 8224, ""n_train"": 1257, ""n_cells"": 80448}",2026-10-05T13:37:09.966610+00:00,bc936294060c9d60cc9127a37c6fda1969abe1f7004c343bee8fc4c265a83362,1.0,1.0.0,True,ok,
stage2-run,official,stage2,digits,decision_tree,0,gaussian+outliers+missing,3,1,0.805124337625743,0.8055555555555556,0.05503439903259277,1257,540,"{""label_flipped"": 0, ""gaussian_cells"": 75420, ""outlier_cells"": 1508, ""missing_cells"": 8224, ""n_train"": 1257, ""n_cells"": 80448}",2026-10-05T13:37:10.026664+00:00,bc936294060c9d60cc9127a37c6fda1969abe1f7004c343bee8fc4c265a83362,1.0,1.0.0,True,ok,
stage2-run,official,stage2,digits,random_forest,0,gaussian+outliers+missing,3,1,0.9627900323140628,0.9629629629629629,0.6162066459655762,1257,540,"{""label_flipped"": 0, ""gaussian_cells"": 75420, ""outlier_cells"": 1508, ""missing_cells"": 8224, ""n_train"": 1257, ""n_cells"": 80448}",2026-10-05T13:37:10.660489+00:00,bc936294060c9d60cc9127a37c6fda1969abe1f7004c343bee8fc4c265a83362,1.0,1.0.0,True,ok,
stage2-run,official,stage2,digits,logreg,0,gaussian+outliers+missing,3,2,0.9339458819173743,0.9333333333333333,0.0325314998626709,1257,540,"{""label_flipped"": 0, ""gaussian_cells"": 75420, ""outlier_cells"": 3771, ""missing_cells"": 15963, ""n_train"": 1257, ""n_cells"": 80448}",2026-10-05T13:37:10.693021+00:00,bc936294060c9d60cc9127a37c6fda1969abe1f7004c343bee8fc4c265a83362,1.0,1.0.0,True,ok,
stage2-run,official,stage2,digits,svm_rbf,0,gaussian+outliers+missing,3,2,0.9387589406774672,0.9388888888888889,0.07963085174560547,1257,540,"{""label_flipped"": 0, ""gaussian_cells"": 75420, ""outlier_cells"": 3771, ""missing_cells"": 15963, ""n_train"": 1257, ""n_cells"": 80448}",2026-10-05T13:37:10.811473+00:00,bc936294060c9d60cc9127a37c6fda1969abe1f7004c343bee8fc4c265a83362,1.0,1.0.0,True,ok,
stage2-run,official,stage2,digits,decision_tree,0,gaussian+outliers+missing,3,2,0.7465450779230538,0.7518518518518519,0.07023119926452637,1257,540,"{""label_flipped"": 0, ""gaussian_cells"": 75420, ""outlier_cells"": 3771, ""missing_cells"": 15963, ""n_train"": 1257, ""n_cells"": 80448}",2026-10-05T13:37:10.890907+00:00,bc936294060c9d60cc9127a37c6fda1969abe1f7004c343bee8fc4c265a83362,1.0,1.0.0,True,ok,
stage2-run,official,stage2,digits,random_forest,0,gaussian+outliers+missing,3,2,0.9516095242945909,0.9518518518518518,0.6156227588653564,1257,540,"{""label_flipped"": 0, ""gaussian_cells"": 75420, ""outlier_cells"": 3771, ""missing_cells"": 15963, ""n_train"": 1257, ""n_cells"": 80448}",2026-10-05T13:37:11.514554+00:00,bc936294060c9d60cc9127a37c6fda1969abe1f7004c343bee8fc4c265a83362,1.0,1.0.0,True,ok,
stage2-run,official,stage2,digits,logreg,0,gaussian+outliers+missing,3,3,0.8843566536155427,0.8851851851851852,0.005914926528930664,1257,540,"{""label_flipped"": 0, ""gaussian_cells"": 75420, ""outlier_cells"": 7542, ""missing_cells"": 24215, ""n_train"": 1257, ""n_cells"": 80448}",2026-10-05T13:37:11.526488+00:00,bc936294060c9d60cc9127a37c6fda1969abe1f7004c343bee8fc4c265a83362,1.0,1.0.0,True,ok,
stage2-run,official,stage2,digits,svm_rbf,0,gaussian+outliers+missing,3,3,0.8656503338487098,0.8703703703703703,0.06648802757263184,1257,540,"{""label_flipped"": 0, ""gaussian_cells"": 75420, ""outlier_cells"": 7542, ""missing_cells"": 24215, ""n_train"": 1257, ""n_cells"": 80448}",2026-10-05T13:37:11.659587+00:00,bc936294060c9d60cc9127a37c6fda1969abe1f7004c343bee8fc4c265a83362,1.0,1.0.0,True,ok,
stage2-run,official,stage2,digits,decision_tree,0,gaussian+outliers+missing,3,3,0.5222141982726793,0.5259259259259259,0.06573295593261719,1257,540,"{""label_flipped"": 0, ""gaussian_cells"": 75420, ""outlier_cells"": 7542, ""missing_cells"": 24215, ""n_train"": 1257, ""n_cells"": 80448}",2026-10-05T13:37:11.725320+00:00,bc936294060c9d60cc9127a37c6fda1969abe1f7004c343bee8fc4c265a83362,1.0,1.0.0,True,ok,
stage2-run,official,stage2,digits,random_forest,0,gaussian+outliers+missing,3,3,0.8743743449334772,0.8759259259259259,0.6167075634002686,1257,540,"{""label_flipped"": 0, ""gaussian_cells"": 75420, ""outlier_cells"": 7542, ""missing_cells"": 24215, ""n_train"": 1257, ""n_cells"": 80448}",2026-10-05T13:37:12.342028+00:00,bc936294060c9d60cc9127a37c6fda1969abe1f7004c343bee8fc4c265a83362,1.0,1.0.0,True,ok,
stage2-run,official,stage2,digits,logreg,0,gaussian+outliers+missing,3,4,0.8668378299361766,0.8703703703703703,0.004014730453491211,1257,540,"{""label_flipped"": 0, ""gaussian_cells"": 75420, ""outlier_cells"": 11313, ""missing_cells"": 32097, ""n_train"": 1257, ""n_cells"": 80448}",2026-10-05T13:37:12.376639+00:00,bc936294060c9d60cc9127a37c6fda1969abe1f7004c343bee8fc4c265a83362,1.0,1.0.0,True,ok,
stage2-run,official,stage2,digits,svm_rbf,0,gaussian+outliers+missing,3,4,0.8403282142495507,0.8425925925925926,0.08127403259277344,1257,540,"{""label_flipped"": 0, ""gaussian_cells"": 75420, ""outlier_cells"": 11313, ""missing_cells"": 32097, ""n_train"": 1257, ""n_cells"": 80448}",2026-10-05T13:37:12.505495+00:00,bc936294060c9d60cc9127a37c6fda1969abe1f7004c343bee8fc4c265a83362,1.0,1.0.0,True,ok,
stage2-run,official,stage2,digits,decision_tree,0,gaussian+outliers+missing,3,4,0.38322583424922796,0.387037037037037,0.05757260322570801,1257,540,"{""label_flipped"": 0, ""gaussian_cells"": 75420, ""outlier_cells"": 11313, ""missing_cells"": 32097, ""n_train"": 1257, ""n_cells"": 80448}",2026-10-05T13:37:12.581109+00:00,bc936294060c9d60cc9127a37c6fda1969abe1f7004c343bee8fc4c265a83362,1.0,1.0.0,True,ok,
stage2-run,official,stage2,digits,random_forest,0,gaussian+outliers+missing,3,4,0.7718338411695039,0.7814814814814814,0.5722160339355469,1257,540,"{""label_flipped"": 0, ""gaussian_cells"": 75420, ""outlier_cells"": 11313, ""missing_cells"": 32097, ""n_train"": 1257, ""n_cells"": 80448}",2026-10-05T13:37:13.173162+00:00,bc936294060c9d60cc9127a37c6fda1969abe1f7004c343bee8fc4c265a83362,1.0,1.0.0,True,ok,
stage2-run,official,stage2,digits,logreg,0,gaussian+outliers+missing,3,5,0.8170881991040032,0.8185185185185185,0.00923466682434082,1257,540,"{""label_flipped"": 0, ""gaussian_cells"": 75420, ""outlier_cells"": 15084, ""missing_cells"": 40097, ""n_train"": 1257, ""n_cells"": 80448}",2026-10-05T13:37:13.194330+00:00,bc936294060c9d60cc9127a37c6fda1969abe1f7004c343bee8fc4c265a83362,1.0,1.0.0,True,ok,
stage2-run,official,stage2,digits,svm_rbf,0,gaussian+outliers+missing,3,5,0.7897001145110544,0.7907407407407407,0.08253073692321777,1257,540,"{""label_flipped"": 0, ""gaussian_cells"": 75420, ""outlier_cells"": 15084, ""missing_cells"": 40097, ""n_train"": 1257, ""n_cells"": 80448}",2026-10-05T13:37:13.336304+00:00,bc936294060c9d60cc9127a37c6fda1969abe1f7004c343bee8fc4c265a83362,1.0,1.0.0,True,ok,
stage2-run,official,stage2,digits,decision_tree,0,gaussian+outliers+missing,3,5,0.27615609594007584,0.2796296296296296,0.052280426025390625,1257,540,"{""label_flipped"": 0, ""gaussian_cells"": 75420, ""outlier_cells"": 15084, ""missing_cells"": 40097, ""n_train"": 1257, ""n_cells"": 80448}",2026-10-05T13:37:13.396531+00:00,bc936294060c9d60cc9127a37c6fda1969abe1f7004c343bee8fc4c265a83362,1.0,1.0.0,True,ok,
stage2-run,official,stage2,digits,random_forest,0,gaussian+outliers+missing,3,5,0.6565963169083397,0.6703703703703704,0.5707662105560303,1257,540,"{""label_flipped"": 0, ""gaussian_cells"": 75420, ""outlier_cells"": 15084, ""missing_cells"": 40097, ""n_train"": 1257, ""n_cells"": 80448}",2026-10-05T13:37:13.979333+00:00,bc936294060c9d60cc9127a37c6fda1969abe1f7004c343bee8fc4c265a83362,1.0,1.0.0,True,ok,
stage2-run,official,stage2,digits,logreg,0,label+gaussian+outliers+missing,4,1,0.9261510493408093,0.9259259259259259,0.02156829833984375,1257,540,"{""label_flipped"": 63, ""gaussian_cells"": 75420, ""outlier_cells"": 1508, ""missing_cells"": 8224, ""n_train"": 1257, ""n_cells"": 80448}",2026-10-05T13:37:14.002907+00:00,bc936294060c9d60cc9127a37c6fda1969abe1f7004c343bee8fc4c265a83362,1.0,1.0.0,True,ok,
stage2-run,official,stage2,digits,svm_rbf,0,label+gaussian+outliers+missing,4,1,0.955375992138768,0.9555555555555556,0.0702059268951416,1257,540,"{""label_flipped"": 63, ""gaussian_cells"": 75420, ""outlier_cells"": 1508, ""missing_cells"": 8224, ""n_train"": 1257, ""n_cells"": 80448}",2026-10-05T13:37:14.112508+00:00,bc936294060c9d60cc9127a37c6fda1969abe1f7004c343bee8fc4c265a83362,1.0,1.0.0,True,ok,
stage2-run,official,stage2,digits,decision_tree,0,label+gaussian+outliers+missing,4,1,0.7738118879169169,0.7777777777777778,0.07128238677978516,1257,540,"{""label_flipped"": 63, ""gaussian_cells"": 75420, ""outlier_cells"": 1508, ""missing_cells"": 8224, ""n_train"": 1257, ""n_cells"": 80448}",2026-10-05T13:37:14.192984+00:00,bc936294060c9d60cc9127a37c6fda1969abe1f7004c343bee8fc4c265a83362,1.0,1.0.0,True,ok,
stage2-run,official,stage2,digits,random_forest,0,label+gaussian+outliers+missing,4,1,0.9514728139612109,0.9518518518518518,0.6459147930145264,1257,540,"{""label_flipped"": 63, ""gaussian_cells"": 75420, ""outlier_cells"": 1508, ""missing_cells"": 8224, ""n_train"": 1257, ""n_cells"": 80448}",2026-10-05T13:37:14.849926+00:00,bc936294060c9d60cc9127a37c6fda1969abe1f7004c343bee8fc4c265a83362,1.0,1.0.0,True,ok,
stage2-run,official,stage2,digits,logreg,0,label+gaussian+outliers+missing,4,2,0.9203561857449968,0.9203703703703704,0.01765608787536621,1257,540,"{""label_flipped"": 126, ""gaussian_cells"": 75420, ""outlier_cells"": 3771, ""missing_cells"": 15963, ""n_train"": 1257, ""n_cells"": 80448}",2026-10-05T13:37:14.875800+00:00,bc936294060c9d60cc9127a37c6fda1969abe1f7004c343bee8fc4c265a83362,1.0,1.0.0,True,ok,
stage2-run,official,stage2,digits,svm_rbf,0,label+gaussian+outliers+missing,4,2,0.9425841405587734,0.9425925925925925,0.07774639129638672,1257,540,"{""label_flipped"": 126, ""gaussian_cells"": 75420, ""outlier_cells"": 3771, ""missing_cells"": 15963, ""n_train"": 1257, ""n_cells"": 80448}",2026-10-05T13:37:14.997748+00:00,bc936294060c9d60cc9127a37c6fda1969abe1f7004c343bee8fc4c265a83362,1.0,1.0.0,True,ok,
stage2-run,official,stage2,digits,decision_tree,0,label+gaussian+outliers+missing,4,2,0.6638941366682862,0.6833333333333333,0.06387567520141602,1257,540,"{""label_flipped"": 126, ""gaussian_cells"": 75420, ""outlier_cells"": 3771, ""missing_cells"": 15963, ""n_train"": 1257, ""n_cells"": 80448}",2026-10-05T13:37:15.074208+00:00,bc936294060c9d60cc9127a37c6fda1969abe1f7004c343bee8fc4c265a83362,1.0,1.0.0,True,ok,
stage2-run,official,stage2,digits,random_forest,0,label+gaussian+outliers+missing,4,2,0.9413464684233004,0.9425925925925925,0.6277813911437988,1257,540,"{""label_flipped"": 126, ""gaussian_cells"": 75420, ""outlier_cells"": 3771, ""missing_cells"": 15963, ""n_train"": 1257, ""n_cells"": 80448}",2026-10-05T13:37:15.731588+00:00,bc936294060c9d60cc9127a37c6fda1969abe1f7004c343bee8fc4c265a83362,1.0,1.0.0,True,ok,
stage2-run,official,stage2,digits,logreg,0,label+gaussian+outliers+missing,4,3,0.8615591827366235,0.8629629629629629,0.004620790481567383,1257,540,"{""label_flipped"": 251, ""gaussian_cells"": 75420, ""outlier_cells"": 7542, ""missing_cells"": 24215, ""n_train"": 1257, ""n_cells"": 80448}",2026-10-05T13:37:15.744235+00:00,bc936294060c9d60cc9127a37c6fda1969abe1f7004c343bee8fc4c265a83362,1.0,1.0.0,True,ok,
stage2-run,official,stage2,digits,svm_rbf,0,label+gaussian+outliers+missing,4,3,0.8685295794002854,0.8685185185185185,0.08399629592895508,1257,540,"{""label_flipped"": 251, ""gaussian_cells"": 75420, ""outlier_cells"": 7542, ""missing_cells"": 24215, ""n_train"": 1257, ""n_cells"": 80448}",2026-10-05T13:37:15.893238+00:00,bc936294060c9d60cc9127a37c6fda1969abe1f7004c343bee8fc4c265a83362,1.0,1.0.0,True,ok,
stage2-run,official,stage2,digits,decision_tree,0,label+gaussian+outliers+missing,4,3,0.45788184739766835,0.46111111111111114,0.05956768989562988,1257,540,"{""label_flipped"": 251, ""gaussian_cells"": 75420, ""outlier_cells"": 7542, ""missing_cells"": 24215, ""n_train"": 1257, ""n_cells"": 80448}",2026-10-05T13:37:15.959134+00:00,bc936294060c9d60cc9127a37c6fda1969abe1f7004c343bee8fc4c265a83362,1.0,1.0.0,True,ok,
stage2-run,official,stage2,digits,random_forest,0,label+gaussian+outliers+missing,4,3,0.8616122890190343,0.8648148148148148,0.6265749931335449,1257,540,"{""label_flipped"": 251, ""gaussian_cells"": 75420, ""outlier_cells"": 7542, ""missing_cells"": 24215, ""n_train"": 1257, ""n_cells"": 80448}",2026-10-05T13:37:16.604797+00:00,bc936294060c9d60cc9127a37c6fda1969abe1f7004c343bee8fc4c265a83362,1.0,1.0.0,True,ok,
stage2-run,official,stage2,digits,logreg,0,label+gaussian+outliers+missing,4,4,0.7889070154321627,0.8,0.020054101943969727,1257,540,"{""label_flipped"": 377, ""gaussian_cells"": 75420, ""outlier_cells"": 11313, ""missing_cells"": 32097, ""n_train"": 1257, ""n_cells"": 80448}",2026-10-05T13:37:16.630005+00:00,bc936294060c9d60cc9127a37c6fda1969abe1f7004c343bee8fc4c265a83362,1.0,1.0.0,True,ok,
stage2-run,official,stage2,digits,svm_rbf,0,label+gaussian+outliers+missing,4,4,0.7504928027829747,0.7648148148148148,0.07533550262451172,1257,540,"{""label_flipped"": 377, ""gaussian_cells"": 75420, ""outlier_cells"": 11313, ""missing_cells"": 32097, ""n_train"": 1257, ""n_cells"": 80448}",2026-10-05T13:37:16.764481+00:00,bc936294060c9d60cc9127a37c6fda1969abe1f7004c343bee8fc4c265a83362,1.0,1.0.0,True,ok,
stage2-run,official,stage2,digits,decision_tree,0,label+gaussian+outliers+missing,4,4,0.2761179335665407,0.2777777777777778,0.06343722343444824,1257,540,"{""label_flipped"": 377, ""gaussian_cells"": 75420, ""outlier_cells"": 11313, ""missing_cells"": 32097, ""n_train"": 1257, ""n_cells"": 80448}",2026-10-05T13:37:16.834331+00:00,bc936294060c9d60cc9127a37c6fda1969abe1f7004c343bee8fc4c265a83362,1.0,1.0.0,True,ok,
stage2-run,official,stage2,digits,random_forest,0,label+gaussian+outliers+missing,4,4,0.6857139833185208,0.7055555555555556,0.6390173435211182,1257,540,"{""label_flipped"": 377, ""gaussian_cells"": 75420, ""outlier_cells"": 11313, ""missing_cells"": 32097, ""n_train"": 1257, ""n_cells"": 80448}",2026-10-05T13:37:17.492069+00:00,bc936294060c9d60cc9127a37c6fda1969abe1f7004c343bee8fc4c265a83362,1.0,1.0.0,True,ok,
stage2-run,official,stage2,digits,logreg,0,label+gaussian+outliers+missing,4,5,0.6723859047667318,0.6851851851851852,0.01576852798461914,1257,540,"{""label_flipped"": 503, ""gaussian_cells"": 75420, ""outlier_cells"": 15084, ""missing_cells"": 40097, ""n_train"": 1257, ""n_cells"": 80448}",2026-10-05T13:37:17.507837+00:00,bc936294060c9d60cc9127a37c6fda1969abe1f7004c343bee8fc4c265a83362,1.0,1.0.0,True,ok,
stage2-run,official,stage2,digits,svm_rbf,0,label+gaussian+outliers+missing,4,5,0.49695676381327464,0.5462962962962963,0.12976694107055664,1257,540,"{""label_flipped"": 503, ""gaussian_cells"": 75420, ""outlier_cells"": 15084, ""missing_cells"": 40097, ""n_train"": 1257, ""n_cells"": 80448}",2026-10-05T13:37:17.702186+00:00,bc936294060c9d60cc9127a37c6fda1969abe1f7004c343bee8fc4c265a83362,1.0,1.0.0,True,ok,
stage2-run,official,stage2,digits,decision_tree,0,label+gaussian+outliers+missing,4,5,0.14461352678180067,0.1574074074074074,0.06316733360290527,1257,540,"{""label_flipped"": 503, ""gaussian_cells"": 75420, ""outlier_cells"": 15084, ""missing_cells"": 40097, ""n_train"": 1257, ""n_cells"": 80448}",2026-10-05T13:37:17.772598+00:00,bc936294060c9d60cc9127a37c6fda1969abe1f7004c343bee8fc4c265a83362,1.0,1.0.0,True,ok,
stage2-run,official,stage2,digits,random_forest,0,label+gaussian+outliers+missing,4,5,0.4119964086948816,0.44814814814814813,0.6222391128540039,1257,540,"{""label_flipped"": 503, ""gaussian_cells"": 75420, ""outlier_cells"": 15084, ""missing_cells"": 40097, ""n_train"": 1257, ""n_cells"": 80448}",2026-10-05T13:37:18.406814+00:00,bc936294060c9d60cc9127a37c6fda1969abe1f7004c343bee8fc4c265a83362,1.0,1.0.0,True,ok,
stage2-run,official,stage2,digits,logreg,1,clean,0,0,0.9665831324400598,0.9666666666666667,0.016011953353881836,1257,540,{},2026-10-05T13:37:18.438512+00:00,bc936294060c9d60cc9127a37c6fda1969abe1f7004c343bee8fc4c265a83362,1.0,1.0.0,True,ok,
stage2-run,official,stage2,digits,svm_rbf,1,clean,0,0,0.9888967534933537,0.9888888888888889,0.028924226760864258,1257,540,{},2026-10-05T13:37:18.485871+00:00,bc936294060c9d60cc9127a37c6fda1969abe1f7004c343bee8fc4c265a83362,1.0,1.0.0,True,ok,
stage2-run,official,stage2,digits,decision_tree,1,clean,0,0,0.8554264364165581,0.8555555555555555,0.023610830307006836,1257,540,{},2026-10-05T13:37:18.509482+00:00,bc936294060c9d60cc9127a37c6fda1969abe1f7004c343bee8fc4c265a83362,1.0,1.0.0,True,ok,
stage2-run,official,stage2,digits,random_forest,1,clean,0,0,0.966666662834313,0.9666666666666667,0.23083782196044922,1257,540,{},2026-10-05T13:37:18.756442+00:00,bc936294060c9d60cc9127a37c6fda1969abe1f7004c343bee8fc4c265a83362,1.0,1.0.0,True,ok,
stage2-run,official,stage2,digits,logreg,1,label,1,1,0.9271807612909548,0.9277777777777778,0.036493539810180664,1257,540,"{""label_flipped"": 63, ""gaussian_cells"": 0, ""outlier_cells"": 0, ""missing_cells"": 0, ""n_train"": 1257, ""n_cells"": 80448}",2026-10-05T13:37:18.792935+00:00,bc936294060c9d60cc9127a37c6fda1969abe1f7004c343bee8fc4c265a83362,1.0,1.0.0,True,ok,
stage2-run,official,stage2,digits,svm_rbf,1,label,1,1,0.9907486053452054,0.9907407407407407,0.026923656463623047,1257,540,"{""label_flipped"": 63, ""gaussian_cells"": 0, ""outlier_cells"": 0, ""missing_cells"": 0, ""n_train"": 1257, ""n_cells"": 80448}",2026-10-05T13:37:18.865880+00:00,bc936294060c9d60cc9127a37c6fda1969abe1f7004c343bee8fc4c265a83362,1.0,1.0.0,True,ok,
stage2-run,official,stage2,digits,decision_tree,1,label,1,1,0.8101056184977322,0.8092592592592592,0.020580768585205078,1257,540,"{""label_flipped"": 63, ""gaussian_cells"": 0, ""outlier_cells"": 0, ""missing_cells"": 0, ""n_train"": 1257, ""n_cells"": 80448}",2026-10-05T13:37:18.891414+00:00,bc936294060c9d60cc9127a37c6fda1969abe1f7004c343bee8fc4c265a83362,1.0,1.0.0,True,ok,
stage2-run,official,stage2,digits,random_forest,1,label,1,1,0.9721750778415228,0.9722222222222222,0.2501811981201172,1257,540,"{""label_flipped"": 63, ""gaussian_cells"": 0, ""outlier_cells"": 0, ""missing_cells"": 0, ""n_train"": 1257, ""n_cells"": 80448}",2026-10-05T13:37:19.153681+00:00,bc936294060c9d60cc9127a37c6fda1969abe1f7004c343bee8fc4c265a83362,1.0,1.0.0,True,ok,
stage2-run,official,stage2,digits,logreg,1,label,1,2,0.8978886181030822,0.8981481481481481,0.03130316734313965,1257,540,"{""label_flipped"": 126, ""gaussian_cells"": 0, ""outlier_cells"": 0, ""missing_cells"": 0, ""n_train"": 1257, ""n_cells"": 80448}",2026-10-05T13:37:19.192694+00:00,bc936294060c9d60cc9127a37c6fda1969abe1f7004c343bee8fc4c265a83362,1.0,1.0.0,True,ok,
stage2-run,official,stage2,digits,svm_rbf,1,label,1,2,0.9850724164163674,0.9851851851851852,0.032003164291381836,1257,540,"{""label_flipped"": 126, ""gaussian_cells"": 0, ""outlier_cells"": 0, ""missing_cells"": 0, ""n_train"": 1257, ""n_cells"": 80448}",2026-10-05T13:37:19.256645+00:00,bc936294060c9d60cc9127a37c6fda1969abe1f7004c343bee8fc4c265a83362,1.0,1.0.0,True,ok,
stage2-run,official,stage2,digits,decision_tree,1,label,1,2,0.7533208918489785,0.7537037037037037,0.03775835037231445,1257,540,"{""label_flipped"": 126, ""gaussian_cells"": 0, ""outlier_cells"": 0, ""missing_cells"": 0, ""n_train"": 1257, ""n_cells"": 80448}",2026-10-05T13:37:19.296410+00:00,bc936294060c9d60cc9127a37c6fda1969abe1f7004c343bee8fc4c265a83362,1.0,1.0.0,True,ok,
stage2-run,official,stage2,digits,random_forest,1,label,1,2,0.9666157950558624,0.9666666666666667,0.2626965045928955,1257,540,"{""label_flipped"": 126, ""gaussian_cells"": 0, ""outlier_cells"": 0, ""missing_cells"": 0, ""n_train"": 1257, ""n_cells"": 80448}",2026-10-05T13:37:19.576859+00:00,bc936294060c9d60cc9127a37c6fda1969abe1f7004c343bee8fc4c265a83362,1.0,1.0.0,True,ok,
stage2-run,official,stage2,digits,logreg,1,label,1,3,0.8835895769654114,0.8833333333333333,0.024988174438476562,1257,540,"{""label_flipped"": 251, ""gaussian_cells"": 0, ""outlier_cells"": 0, ""missing_cells"": 0, ""n_train"": 1257, ""n_cells"": 80448}",2026-10-05T13:37:19.605860+00:00,bc936294060c9d60cc9127a37c6fda1969abe1f7004c343bee8fc4c265a83362,1.0,1.0.0,True,ok,
stage2-run,official,stage2,digits,svm_rbf,1,label,1,3,0.9795750019066831,0.9796296296296296,0.04790067672729492,1257,540,"{""label_flipped"": 251, ""gaussian_cells"": 0, ""outlier_cells"": 0, ""missing_cells"": 0, ""n_train"": 1257, ""n_cells"": 80448}",2026-10-05T13:37:19.709312+00:00,bc936294060c9d60cc9127a37c6fda1969abe1f7004c343bee8fc4c265a83362,1.0,1.0.0,True,ok,
stage2-run,official,stage2,digits,decision_tree,1,label,1,3,0.6587494633053875,0.6574074074074074,0.02448272705078125,1257,540,"{""label_flipped"": 251, ""gaussian_cells"": 0, ""outlier_cells"": 0, ""missing_cells"": 0, ""n_train"": 1257, ""n_cells"": 80448}",2026-10-05T13:37:19.735536+00:00,bc936294060c9d60cc9127a37c6fda1969abe1f7004c343bee8fc4c265a83362,1.0,1.0.0,True,ok,
stage2-run,official,stage2,digits,random_forest,1,label,1,3,0.966736461123709,0.9666666666666667,0.2868976593017578,1257,540,"{""label_flipped"": 251, ""gaussian_cells"": 0, ""outlier_cells"": 0, ""missing_cells"": 0, ""n_train"": 1257, ""n_cells"": 80448}",2026-10-05T13:37:20.026446+00:00,bc936294060c9d60cc9127a37c6fda1969abe1f7004c343bee8fc4c265a83362,1.0,1.0.0,True,ok,
stage2-run,official,stage2,digits,logreg,1,label,1,4,0.8648130312905838,0.8648148148148148,0.031049489974975586,1257,540,"{""label_flipped"": 377, ""gaussian_cells"": 0, ""outlier_cells"": 0, ""missing_cells"": 0, ""n_train"": 1257, ""n_cells"": 80448}",2026-10-05T13:37:20.073654+00:00,bc936294060c9d60cc9127a37c6fda1969abe1f7004c343bee8fc4c265a83362,1.0,1.0.0,True,ok,
stage2-run,official,stage2,digits,svm_rbf,1,label,1,4,0.9775760415713688,0.9777777777777777,0.06660175323486328,1257,540,"{""label_flipped"": 377, ""gaussian_cells"": 0, ""outlier_cells"": 0, ""missing_cells"": 0, ""n_train"": 1257, ""n_cells"": 80448}",2026-10-05T13:37:20.175049+00:00,bc936294060c9d60cc9127a37c6fda1969abe1f7004c343bee8fc4c265a83362,1.0,1.0.0,True,ok,
stage2-run,official,stage2,digits,decision_tree,1,label,1,4,0.5164536489127076,0.5203703703703704,0.03597688674926758,1257,540,"{""label_flipped"": 377, ""gaussian_cells"": 0, ""outlier_cells"": 0, ""missing_cells"": 0, ""n_train"": 1257, ""n_cells"": 80448}",2026-10-05T13:37:20.211025+00:00,bc936294060c9d60cc9127a37c6fda1969abe1f7004c343bee8fc4c265a83362,1.0,1.0.0,True,ok,
stage2-run,official,stage2,digits,random_forest,1,label,1,4,0.9610816681324966,0.9611111111111111,0.30722808837890625,1257,540,"{""label_flipped"": 377, ""gaussian_cells"": 0, ""outlier_cells"": 0, ""missing_cells"": 0, ""n_train"": 1257, ""n_cells"": 80448}",2026-10-05T13:37:20.526083+00:00,bc936294060c9d60cc9127a37c6fda1969abe1f7004c343bee8fc4c265a83362,1.0,1.0.0,True,ok,
stage2-run,official,stage2,digits,logreg,1,label,1,5,0.8395803069275501,0.8388888888888889,0.03151345252990723,1257,540,"{""label_flipped"": 503, ""gaussian_cells"": 0, ""outlier_cells"": 0, ""missing_cells"": 0, ""n_train"": 1257, ""n_cells"": 80448}",2026-10-05T13:37:20.557596+00:00,bc936294060c9d60cc9127a37c6fda1969abe1f7004c343bee8fc4c265a83362,1.0,1.0.0,True,ok,
stage2-run,official,stage2,digits,svm_rbf,1,label,1,5,0.9594865835168548,0.9592592592592593,0.06836605072021484,1257,540,"{""label_flipped"": 503, ""gaussian_cells"": 0, ""outlier_cells"": 0, ""missing_cells"": 0, ""n_train"": 1257, ""n_cells"": 80448}",2026-10-05T13:37:20.672622+00:00,bc936294060c9d60cc9127a37c6fda1969abe1f7004c343bee8fc4c265a83362,1.0,1.0.0,True,ok,
stage2-run,official,stage2,digits,decision_tree,1,label,1,5,0.5160734335653415,0.5185185185185185,0.03885626792907715,1257,540,"{""label_flipped"": 503, ""gaussian_cells"": 0, ""outlier_cells"": 0, ""missing_cells"": 0, ""n_train"": 1257, ""n_cells"": 80448}",2026-10-05T13:37:20.713484+00:00,bc936294060c9d60cc9127a37c6fda1969abe1f7004c343bee8fc4c265a83362,1.0,1.0.0,True,ok,
stage2-run,official,stage2,digits,random_forest,1,label,1,5,0.9482413882038019,0.9481481481481482,0.31450986862182617,1257,540,"{""label_flipped"": 503, ""gaussian_cells"": 0, ""outlier_cells"": 0, ""missing_cells"": 0, ""n_train"": 1257, ""n_cells"": 80448}",2026-10-05T13:37:21.038024+00:00,bc936294060c9d60cc9127a37c6fda1969abe1f7004c343bee8fc4c265a83362,1.0,1.0.0,True,ok,
stage2-run,official,stage2,digits,logreg,1,gaussian,1,1,0.9610845504791324,0.9611111111111111,0.013016700744628906,1257,540,"{""label_flipped"": 0, ""gaussian_cells"": 76677, ""outlier_cells"": 0, ""missing_cells"": 0, ""n_train"": 1257, ""n_cells"": 80448}",2026-10-05T13:37:21.057671+00:00,bc936294060c9d60cc9127a37c6fda1969abe1f7004c343bee8fc4c265a83362,1.0,1.0.0,True,ok,
stage2-run,official,stage2,digits,svm_rbf,1,gaussian,1,1,0.9869930299819506,0.987037037037037,0.03333878517150879,1257,540,"{""label_flipped"": 0, ""gaussian_cells"": 76677, ""outlier_cells"": 0, ""missing_cells"": 0, ""n_train"": 1257, ""n_cells"": 80448}",2026-10-05T13:37:21.136434+00:00,bc936294060c9d60cc9127a37c6fda1969abe1f7004c343bee8fc4c265a83362,1.0,1.0.0,True,ok,
stage2-run,official,stage2,digits,decision_tree,1,gaussian,1,1,0.8485453968864857,0.85,0.061209917068481445,1257,540,"{""label_flipped"": 0, ""gaussian_cells"": 76677, ""outlier_cells"": 0, ""missing_cells"": 0, ""n_train"": 1257, ""n_cells"": 80448}",2026-10-05T13:37:21.200656+00:00,bc936294060c9d60cc9127a37c6fda1969abe1f7004c343bee8fc4c265a83362,1.0,1.0.0,True,ok,
stage2-run,official,stage2,digits,random_forest,1,gaussian,1,1,0.9683708574573275,0.9685185185185186,0.6224091053009033,1257,540,"{""label_flipped"": 0, ""gaussian_cells"": 76677, ""outlier_cells"": 0, ""missing_cells"": 0, ""n_train"": 1257, ""n_cells"": 80448}",2026-10-05T13:37:21.833240+00:00,bc936294060c9d60cc9127a37c6fda1969abe1f7004c343bee8fc4c265a83362,1.0,1.0.0,True,ok,
stage2-run,official,stage2,digits,logreg,1,gaussian,1,2,0.9572810691474414,0.9574074074074074,0.02206277847290039,1257,540,"{""label_flipped"": 0, ""gaussian_cells"": 76677, ""outlier_cells"": 0, ""missing_cells"": 0, ""n_train"": 1257, ""n_cells"": 80448}",2026-10-05T13:37:21.859315+00:00,bc936294060c9d60cc9127a37c6fda1969abe1f7004c343bee8fc4c265a83362,1.0,1.0.0,True,ok,
stage2-run,official,stage2,digits,svm_rbf,1,gaussian,1,2,0.9796000709064574,0.9796296296296296,0.04927349090576172,1257,540,"{""label_flipped"": 0, ""gaussian_cells"": 76677, ""outlier_cells"": 0, ""missing_cells"": 0, ""n_train"": 1257, ""n_cells"": 80448}",2026-10-05T13:37:21.958853+00:00,bc936294060c9d60cc9127a37c6fda1969abe1f7004c343bee8fc4c265a83362,1.0,1.0.0,True,ok,
stage2-run,official,stage2,digits,decision_tree,1,gaussian,1,2,0.8174057620366687,0.8166666666666667,0.07719707489013672,1257,540,"{""label_flipped"": 0, ""gaussian_cells"": 76677, ""outlier_cells"": 0, ""missing_cells"": 0, ""n_train"": 1257, ""n_cells"": 80448}",2026-10-05T13:37:22.042386+00:00,bc936294060c9d60cc9127a37c6fda1969abe1f7004c343bee8fc4c265a83362,1.0,1.0.0,True,ok,
stage2-run,official,stage2,digits,random_forest,1,gaussian,1,2,0.9683555298228195,0.9685185185185186,0.6998012065887451,1257,540,"{""label_flipped"": 0, ""gaussian_cells"": 76677, ""outlier_cells"": 0, ""missing_cells"": 0, ""n_train"": 1257, ""n_cells"": 80448}",2026-10-05T13:37:22.757962+00:00,bc936294060c9d60cc9127a37c6fda1969abe1f7004c343bee8fc4c265a83362,1.0,1.0.0,True,ok,
stage2-run,official,stage2,digits,logreg,1,gaussian,1,3,0.9536188477872791,0.9537037037037037,0.03510546684265137,1257,540,"{""label_flipped"": 0, ""gaussian_cells"": 76677, ""outlier_cells"": 0, ""missing_cells"": 0, ""n_train"": 1257, ""n_cells"": 80448}",2026-10-05T13:37:22.793067+00:00,bc936294060c9d60cc9127a37c6fda1969abe1f7004c343bee8fc4c265a83362,1.0,1.0.0,True,ok,
stage2-run,official,stage2,digits,svm_rbf,1,gaussian,1,3,0.9663968343744944,0.9666666666666667,0.059339046478271484,1257,540,"{""label_flipped"": 0, ""gaussian_cells"": 76677, ""outlier_cells"": 0, ""missing_cells"": 0, ""n_train"": 1257, ""n_cells"": 80448}",2026-10-05T13:37:22.891213+00:00,bc936294060c9d60cc9127a37c6fda1969abe1f7004c343bee8fc4c265a83362,1.0,1.0.0,True,ok,
stage2-run,official,stage2,digits,decision_tree,1,gaussian,1,3,0.7018502566764024,0.7018518518518518,0.08030581474304199,1257,540,"{""label_flipped"": 0, ""gaussian_cells"": 76677, ""outlier_cells"": 0, ""missing_cells"": 0, ""n_train"": 1257, ""n_cells"": 80448}",2026-10-05T13:37:22.971519+00:00,bc936294060c9d60cc9127a37c6fda1969abe1f7004c343bee8fc4c265a83362,1.0,1.0.0,True,ok,
stage2-run,official,stage2,digits,random_forest,1,gaussian,1,3,0.9458651180132339,0.9462962962962963,0.7212324142456055,1257,540,"{""label_flipped"": 0, ""gaussian_cells"": 76677, ""outlier_cells"": 0, ""missing_cells"": 0, ""n_train"": 1257, ""n_cells"": 80448}",2026-10-05T13:37:23.692751+00:00,bc936294060c9d60cc9127a37c6fda1969abe1f7004c343bee8fc4c265a83362,1.0,1.0.0,True,ok,
stage2-run,official,stage2,digits,logreg,1,gaussian,1,4,0.9300641142485615,0.9296296296296296,0.01665520668029785,1257,540,"{""label_flipped"": 0, ""gaussian_cells"": 76677, ""outlier_cells"": 0, ""missing_cells"": 0, ""n_train"": 1257, ""n_cells"": 80448}",2026-10-05T13:37:23.725988+00:00,bc936294060c9d60cc9127a37c6fda1969abe1f7004c343bee8fc4c265a83362,1.0,1.0.0,True,ok,
stage2-run,official,stage2,digits,svm_rbf,1,gaussian,1,4,0.9334259162398881,0.9333333333333333,0.08519887924194336,1257,540,"{""label_flipped"": 0, ""gaussian_cells"": 76677, ""outlier_cells"": 0, ""missing_cells"": 0, ""n_train"": 1257, ""n_cells"": 80448}",2026-10-05T13:37:23.859322+00:00,bc936294060c9d60cc9127a37c6fda1969abe1f7004c343bee8fc4c265a83362,1.0,1.0.0,True,ok,
stage2-run,official,stage2,digits,decision_tree,1,gaussian,1,4,0.570974141265996,0.5722222222222222,0.08753824234008789,1257,540,"{""label_flipped"": 0, ""gaussian_cells"": 76677, ""outlier_cells"": 0, ""missing_cells"": 0, ""n_train"": 1257, ""n_cells"": 80448}",2026-10-05T13:37:23.950871+00:00,bc936294060c9d60cc9127a37c6fda1969abe1f7004c343bee8fc4c265a83362,1.0,1.0.0,True,ok,
stage2-run,official,stage2,digits,random_forest,1,gaussian,1,4,0.9193080266829717,0.9203703703703704,0.7729592323303223,1257,540,"{""label_flipped"": 0, ""gaussian_cells"": 76677, ""outlier_cells"": 0, ""missing_cells"": 0, ""n_train"": 1257, ""n_cells"": 80448}",2026-10-05T13:37:24.725838+00:00,bc936294060c9d60cc9127a37c6fda1969abe1f7004c343bee8fc4c265a83362,1.0,1.0.0,True,ok,
stage2-run,official,stage2,digits,logreg,1,gaussian,1,5,0.909229786493882,0.9092592592592592,0.017652273178100586,1257,540,"{""label_flipped"": 0, ""gaussian_cells"": 76677, ""outlier_cells"": 0, ""missing_cells"": 0, ""n_train"": 1257, ""n_cells"": 80448}",2026-10-05T13:37:24.757194+00:00,bc936294060c9d60cc9127a37c6fda1969abe1f7004c343bee8fc4c265a83362,1.0,1.0.0,True,ok,
stage2-run,official,stage2,digits,svm_rbf,1,gaussian,1,5,0.889985228943128,0.8888888888888888,0.09331655502319336,1257,540,"{""label_flipped"": 0, ""gaussian_cells"": 76677, ""outlier_cells"": 0, ""missing_cells"": 0, ""n_train"": 1257, ""n_cells"": 80448}",2026-10-05T13:37:24.900405+00:00,bc936294060c9d60cc9127a37c6fda1969abe1f7004c343bee8fc4c265a83362,1.0,1.0.0,True,ok,
stage2-run,official,stage2,digits,decision_tree,1,gaussian,1,5,0.48343304786544944,0.5222222222222223,0.08214044570922852,1257,540,"{""label_flipped"": 0, ""gaussian_cells"": 76677, ""outlier_cells"": 0, ""missing_cells"": 0, ""n_train"": 1257, ""n_cells"": 80448}",2026-10-05T13:37:24.989084+00:00,bc936294060c9d60cc9127a37c6fda1969abe1f7004c343bee8fc4c265a83362,1.0,1.0.0,True,ok,
stage2-run,official,stage2,digits,random_forest,1,gaussian,1,5,0.8594036246395085,0.8611111111111112,0.8165440559387207,1257,540,"{""label_flipped"": 0, ""gaussian_cells"": 76677, ""outlier_cells"": 0, ""missing_cells"": 0, ""n_train"": 1257, ""n_cells"": 80448}",2026-10-05T13:37:25.812694+00:00,bc936294060c9d60cc9127a37c6fda1969abe1f7004c343bee8fc4c265a83362,1.0,1.0.0,True,ok,
stage2-run,official,stage2,digits,logreg,1,outliers,1,1,0.9481320625425745,0.9481481481481482,0.026279687881469727,1257,540,"{""label_flipped"": 0, ""gaussian_cells"": 0, ""outlier_cells"": 1534, ""missing_cells"": 0, ""n_train"": 1257, ""n_cells"": 80448}",2026-10-05T13:37:25.838973+00:00,bc936294060c9d60cc9127a37c6fda1969abe1f7004c343bee8fc4c265a83362,1.0,1.0.0,True,ok,
stage2-run,official,stage2,digits,svm_rbf,1,outliers,1,1,0.9758790601761008,0.975925925925926,0.05825209617614746,1257,540,"{""label_flipped"": 0, ""gaussian_cells"": 0, ""outlier_cells"": 1534, ""missing_cells"": 0, ""n_train"": 1257, ""n_cells"": 80448}",2026-10-05T13:37:25.935362+00:00,bc936294060c9d60cc9127a37c6fda1969abe1f7004c343bee8fc4c265a83362,1.0,1.0.0,True,ok,
stage2-run,official,stage2,digits,decision_tree,1,outliers,1,1,0.8316387937179164,0.8314814814814815,0.017785072326660156,1257,540,"{""label_flipped"": 0, ""gaussian_cells"": 0, ""outlier_cells"": 1534, ""missing_cells"": 0, ""n_train"": 1257, ""n_cells"": 80448}",2026-10-05T13:37:25.956896+00:00,bc936294060c9d60cc9127a37c6fda1969abe1f7004c343bee8fc4c265a83362,1.0,1.0.0,True,ok,
stage2-run,official,stage2,digits,random_forest,1,outliers,1,1,0.9647505346616846,0.9648148148148148,0.2354893684387207,1257,540,"{""label_flipped"": 0, ""gaussian_cells"": 0, ""outlier_cells"": 1534, ""missing_cells"": 0, ""n_train"": 1257, ""n_cells"": 80448}",2026-10-05T13:37:26.212808+00:00,bc936294060c9d60cc9127a37c6fda1969abe1f7004c343bee8fc4c265a83362,1.0,1.0.0,True,ok,
stage2-run,official,stage2,digits,logreg,1,outliers,1,2,0.9450028617106735,0.9444444444444444,0.027170181274414062,1257,540,"{""label_flipped"": 0, ""gaussian_cells"": 0, ""outlier_cells"": 3834, ""missing_cells"": 0, ""n_train"": 1257, ""n_cells"": 80448}",2026-10-05T13:37:26.239978+00:00,bc936294060c9d60cc9127a37c6fda1969abe1f7004c343bee8fc4c265a83362,1.0,1.0.0,True,ok,
stage2-run,official,stage2,digits,svm_rbf,1,outliers,1,2,0.9527958015753344,0.9518518518518518,0.06123232841491699,1257,540,"{""label_flipped"": 0, ""gaussian_cells"": 0, ""outlier_cells"": 3834, ""missing_cells"": 0, ""n_train"": 1257, ""n_cells"": 80448}",2026-10-05T13:37:26.343189+00:00,bc936294060c9d60cc9127a37c6fda1969abe1f7004c343bee8fc4c265a83362,1.0,1.0.0,True,ok,
stage2-run,official,stage2,digits,decision_tree,1,outliers,1,2,0.8670434210492323,0.8666666666666667,0.014128684997558594,1257,540,"{""label_flipped"": 0, ""gaussian_cells"": 0, ""outlier_cells"": 3834, ""missing_cells"": 0, ""n_train"": 1257, ""n_cells"": 80448}",2026-10-05T13:37:26.359325+00:00,bc936294060c9d60cc9127a37c6fda1969abe1f7004c343bee8fc4c265a83362,1.0,1.0.0,True,ok,
stage2-run,official,stage2,digits,random_forest,1,outliers,1,2,0.962912563947153,0.9629629629629629,0.263714075088501,1257,540,"{""label_flipped"": 0, ""gaussian_cells"": 0, ""outlier_cells"": 3834, ""missing_cells"": 0, ""n_train"": 1257, ""n_cells"": 80448}",2026-10-05T13:37:26.625046+00:00,bc936294060c9d60cc9127a37c6fda1969abe1f7004c343bee8fc4c265a83362,1.0,1.0.0,True,ok,
stage2-run,official,stage2,digits,logreg,1,outliers,1,3,0.9265092697371777,0.9259259259259259,0.027726411819458008,1257,540,"{""label_flipped"": 0, ""gaussian_cells"": 0, ""outlier_cells"": 7668, ""missing_cells"": 0, ""n_train"": 1257, ""n_cells"": 80448}",2026-10-05T13:37:26.652772+00:00,bc936294060c9d60cc9127a37c6fda1969abe1f7004c343bee8fc4c265a83362,1.0,1.0.0,True,ok,
stage2-run,official,stage2,digits,svm_rbf,1,outliers,1,3,0.9418084550903091,0.9407407407407408,0.08439874649047852,1257,540,"{""label_flipped"": 0, ""gaussian_cells"": 0, ""outlier_cells"": 7668, ""missing_cells"": 0, ""n_train"": 1257, ""n_cells"": 80448}",2026-10-05T13:37:26.787064+00:00,bc936294060c9d60cc9127a37c6fda1969abe1f7004c343bee8fc4c265a83362,1.0,1.0.0,True,ok,
stage2-run,official,stage2,digits,decision_tree,1,outliers,1,3,0.8277482759733091,0.8277777777777777,0.01894092559814453,1257,540,"{""label_flipped"": 0, ""gaussian_cells"": 0, ""outlier_cells"": 7668, ""missing_cells"": 0, ""n_train"": 1257, ""n_cells"": 80448}",2026-10-05T13:37:26.812991+00:00,bc936294060c9d60cc9127a37c6fda1969abe1f7004c343bee8fc4c265a83362,1.0,1.0.0,True,ok,
stage2-run,official,stage2,digits,random_forest,1,outliers,1,3,0.9666515531184231,0.9666666666666667,0.28072643280029297,1257,540,"{""label_flipped"": 0, ""gaussian_cells"": 0, ""outlier_cells"": 7668, ""missing_cells"": 0, ""n_train"": 1257, ""n_cells"": 80448}",2026-10-05T13:37:27.103748+00:00,bc936294060c9d60cc9127a37c6fda1969abe1f7004c343bee8fc4c265a83362,1.0,1.0.0,True,ok,
stage2-run,official,stage2,digits,logreg,1,outliers,1,4,0.9052829571467964,0.9055555555555556,0.017531871795654297,1257,540,"{""label_flipped"": 0, ""gaussian_cells"": 0, ""outlier_cells"": 11502, ""missing_cells"": 0, ""n_train"": 1257, ""n_cells"": 80448}",2026-10-05T13:37:27.123286+00:00,bc936294060c9d60cc9127a37c6fda1969abe1f7004c343bee8fc4c265a83362,1.0,1.0.0,True,ok,
stage2-run,official,stage2,digits,svm_rbf,1,outliers,1,4,0.9019588406176933,0.9,0.09050798416137695,1257,540,"{""label_flipped"": 0, ""gaussian_cells"": 0, ""outlier_cells"": 11502, ""missing_cells"": 0, ""n_train"": 1257, ""n_cells"": 80448}",2026-10-05T13:37:27.258363+00:00,bc936294060c9d60cc9127a37c6fda1969abe1f7004c343bee8fc4c265a83362,1.0,1.0.0,True,ok,
stage2-run,official,stage2,digits,decision_tree,1,outliers,1,4,0.8321066093147869,0.8333333333333334,0.02438044548034668,1257,540,"{""label_flipped"": 0, ""gaussian_cells"": 0, ""outlier_cells"": 11502, ""missing_cells"": 0, ""n_train"": 1257, ""n_cells"": 80448}",2026-10-05T13:37:27.284748+00:00,bc936294060c9d60cc9127a37c6fda1969abe1f7004c343bee8fc4c265a83362,1.0,1.0.0,True,ok,
stage2-run,official,stage2,digits,random_forest,1,outliers,1,4,0.9516849466556015,0.9518518518518518,0.28401660919189453,1257,540,"{""label_flipped"": 0, ""gaussian_cells"": 0, ""outlier_cells"": 11502, ""missing_cells"": 0, ""n_train"": 1257, ""n_cells"": 80448}",2026-10-05T13:37:27.579542+00:00,bc936294060c9d60cc9127a37c6fda1969abe1f7004c343bee8fc4c265a83362,1.0,1.0.0,True,ok,
stage2-run,official,stage2,digits,logreg,1,outliers,1,5,0.9004275011516182,0.9018518518518519,0.005084037780761719,1257,540,"{""label_flipped"": 0, ""gaussian_cells"": 0, ""outlier_cells"": 15335, ""missing_cells"": 0, ""n_train"": 1257, ""n_cells"": 80448}",2026-10-05T13:37:27.588638+00:00,bc936294060c9d60cc9127a37c6fda1969abe1f7004c343bee8fc4c265a83362,1.0,1.0.0,True,ok,
stage2-run,official,stage2,digits,svm_rbf,1,outliers,1,5,0.8708096602495875,0.8703703703703703,0.09469223022460938,1257,540,"{""label_flipped"": 0, ""gaussian_cells"": 0, ""outlier_cells"": 15335, ""missing_cells"": 0, ""n_train"": 1257, ""n_cells"": 80448}",2026-10-05T13:37:27.724228+00:00,bc936294060c9d60cc9127a37c6fda1969abe1f7004c343bee8fc4c265a83362,1.0,1.0.0,True,ok,
stage2-run,official,stage2,digits,decision_tree,1,outliers,1,5,0.7872655762452632,0.7888888888888889,0.02313685417175293,1257,540,"{""label_flipped"": 0, ""gaussian_cells"": 0, ""outlier_cells"": 15335, ""missing_cells"": 0, ""n_train"": 1257, ""n_cells"": 80448}",2026-10-05T13:37:27.766848+00:00,bc936294060c9d60cc9127a37c6fda1969abe1f7004c343bee8fc4c265a83362,1.0,1.0.0,True,ok,
stage2-run,official,stage2,digits,random_forest,1,outliers,1,5,0.9551996590288248,0.9555555555555556,0.31061625480651855,1257,540,"{""label_flipped"": 0, ""gaussian_cells"": 0, ""outlier_cells"": 15335, ""missing_cells"": 0, ""n_train"": 1257, ""n_cells"": 80448}",2026-10-05T13:37:28.089846+00:00,bc936294060c9d60cc9127a37c6fda1969abe1f7004c343bee8fc4c265a83362,1.0,1.0.0,True,ok,
stage2-run,official,stage2,digits,logreg,1,missing,1,1,0.9535843846688575,0.9537037037037037,0.019234657287597656,1257,540,"{""label_flipped"": 0, ""gaussian_cells"": 0, ""outlier_cells"": 0, ""missing_cells"": 8084, ""n_train"": 1257, ""n_cells"": 80448}",2026-10-05T13:37:28.121444+00:00,bc936294060c9d60cc9127a37c6fda1969abe1f7004c343bee8fc4c265a83362,1.0,1.0.0,True,ok,
stage2-run,official,stage2,digits,svm_rbf,1,missing,1,1,0.9812831318369823,0.9814814814814815,0.03155994415283203,1257,540,"{""label_flipped"": 0, ""gaussian_cells"": 0, ""outlier_cells"": 0, ""missing_cells"": 8084, ""n_train"": 1257, ""n_cells"": 80448}",2026-10-05T13:37:28.192377+00:00,bc936294060c9d60cc9127a37c6fda1969abe1f7004c343bee8fc4c265a83362,1.0,1.0.0,True,ok,
stage2-run,official,stage2,digits,decision_tree,1,missing,1,1,0.8142691168682422,0.8166666666666667,0.020279645919799805,1257,540,"{""label_flipped"": 0, ""gaussian_cells"": 0, ""outlier_cells"": 0, ""missing_cells"": 8084, ""n_train"": 1257, ""n_cells"": 80448}",2026-10-05T13:37:28.215177+00:00,bc936294060c9d60cc9127a37c6fda1969abe1f7004c343bee8fc4c265a83362,1.0,1.0.0,True,ok,
stage2-run,official,stage2,digits,random_forest,1,missing,1,1,0.964673726917655,0.9648148148148148,0.27245521545410156,1257,540,"{""label_flipped"": 0, ""gaussian_cells"": 0, ""outlier_cells"": 0, ""missing_cells"": 8084, ""n_train"": 1257, ""n_cells"": 80448}",2026-10-05T13:37:28.487633+00:00,bc936294060c9d60cc9127a37c6fda1969abe1f7004c343bee8fc4c265a83362,1.0,1.0.0,True,ok,
stage2-run,official,stage2,digits,logreg,1,missing,1,2,0.9535637131181869,0.9537037037037037,0.03822827339172363,1257,540,"{""label_flipped"": 0, ""gaussian_cells"": 0, ""outlier_cells"": 0, ""missing_cells"": 16092, ""n_train"": 1257, ""n_cells"": 80448}",2026-10-05T13:37:28.525861+00:00,bc936294060c9d60cc9127a37c6fda1969abe1f7004c343bee8fc4c265a83362,1.0,1.0.0,True,ok,
stage2-run,official,stage2,digits,svm_rbf,1,missing,1,2,0.9757005811097731,0.975925925925926,0.044827938079833984,1257,540,"{""label_flipped"": 0, ""gaussian_cells"": 0, ""outlier_cells"": 0, ""missing_cells"": 16092, ""n_train"": 1257, ""n_cells"": 80448}",2026-10-05T13:37:28.606792+00:00,bc936294060c9d60cc9127a37c6fda1969abe1f7004c343bee8fc4c265a83362,1.0,1.0.0,True,ok,
stage2-run,official,stage2,digits,decision_tree,1,missing,1,2,0.8062817669754756,0.8092592592592592,0.0161590576171875,1257,540,"{""label_flipped"": 0, ""gaussian_cells"": 0, ""outlier_cells"": 0, ""missing_cells"": 16092, ""n_train"": 1257, ""n_cells"": 80448}",2026-10-05T13:37:28.622951+00:00,bc936294060c9d60cc9127a37c6fda1969abe1f7004c343bee8fc4c265a83362,1.0,1.0.0,True,ok,
stage2-run,official,stage2,digits,random_forest,1,missing,1,2,0.9685299300789003,0.9685185185185186,0.3041219711303711,1257,540,"{""label_flipped"": 0, ""gaussian_cells"": 0, ""outlier_cells"": 0, ""missing_cells"": 16092, ""n_train"": 1257, ""n_cells"": 80448}",2026-10-05T13:37:28.935097+00:00,bc936294060c9d60cc9127a37c6fda1969abe1f7004c343bee8fc4c265a83362,1.0,1.0.0,True,ok,
stage2-run,official,stage2,digits,logreg,1,missing,1,3,0.9588291640383038,0.9592592592592593,0.023855209350585938,1257,540,"{""label_flipped"": 0, ""gaussian_cells"": 0, ""outlier_cells"": 0, ""missing_cells"": 23985, ""n_train"": 1257, ""n_cells"": 80448}",2026-10-05T13:37:28.961963+00:00,bc936294060c9d60cc9127a37c6fda1969abe1f7004c343bee8fc4c265a83362,1.0,1.0.0,True,ok,
stage2-run,official,stage2,digits,svm_rbf,1,missing,1,3,0.9795144405823096,0.9796296296296296,0.03643345832824707,1257,540,"{""label_flipped"": 0, ""gaussian_cells"": 0, ""outlier_cells"": 0, ""missing_cells"": 23985, ""n_train"": 1257, ""n_cells"": 80448}",2026-10-05T13:37:29.042479+00:00,bc936294060c9d60cc9127a37c6fda1969abe1f7004c343bee8fc4c265a83362,1.0,1.0.0,True,ok,
stage2-run,official,stage2,digits,decision_tree,1,missing,1,3,0.8014880594417886,0.8018518518518518,0.03309512138366699,1257,540,"{""label_flipped"": 0, ""gaussian_cells"": 0, ""outlier_cells"": 0, ""missing_cells"": 23985, ""n_train"": 1257, ""n_cells"": 80448}",2026-10-05T13:37:29.075574+00:00,bc936294060c9d60cc9127a37c6fda1969abe1f7004c343bee8fc4c265a83362,1.0,1.0.0,True,ok,
stage2-run,official,stage2,digits,random_forest,1,missing,1,3,0.9587481217173194,0.9592592592592593,0.3181791305541992,1257,540,"{""label_flipped"": 0, ""gaussian_cells"": 0, ""outlier_cells"": 0, ""missing_cells"": 23985, ""n_train"": 1257, ""n_cells"": 80448}",2026-10-05T13:37:29.401776+00:00,bc936294060c9d60cc9127a37c6fda1969abe1f7004c343bee8fc4c265a83362,1.0,1.0.0,True,ok,
stage2-run,official,stage2,digits,logreg,1,missing,1,4,0.9492589752211552,0.95,0.031603097915649414,1257,540,"{""label_flipped"": 0, ""gaussian_cells"": 0, ""outlier_cells"": 0, ""missing_cells"": 32187, ""n_train"": 1257, ""n_cells"": 80448}",2026-10-05T13:37:29.437392+00:00,bc936294060c9d60cc9127a37c6fda1969abe1f7004c343bee8fc4c265a83362,1.0,1.0.0,True,ok,
stage2-run,official,stage2,digits,svm_rbf,1,missing,1,4,0.9557508287944441,0.9555555555555556,0.04783010482788086,1257,540,"{""label_flipped"": 0, ""gaussian_cells"": 0, ""outlier_cells"": 0, ""missing_cells"": 32187, ""n_train"": 1257, ""n_cells"": 80448}",2026-10-05T13:37:29.525030+00:00,bc936294060c9d60cc9127a37c6fda1969abe1f7004c343bee8fc4c265a83362,1.0,1.0.0,True,ok,
stage2-run,official,stage2,digits,decision_tree,1,missing,1,4,0.689849587324652,0.6907407407407408,0.016434192657470703,1257,540,"{""label_flipped"": 0, ""gaussian_cells"": 0, ""outlier_cells"": 0, ""missing_cells"": 32187, ""n_train"": 1257, ""n_cells"": 80448}",2026-10-05T13:37:29.542336+00:00,bc936294060c9d60cc9127a37c6fda1969abe1f7004c343bee8fc4c265a83362,1.0,1.0.0,True,ok,
stage2-run,official,stage2,digits,random_forest,1,missing,1,4,0.9399986636967066,0.9407407407407408,0.33329105377197266,1257,540,"{""label_flipped"": 0, ""gaussian_cells"": 0, ""outlier_cells"": 0, ""missing_cells"": 32187, ""n_train"": 1257, ""n_cells"": 80448}",2026-10-05T13:37:29.875627+00:00,bc936294060c9d60cc9127a37c6fda1969abe1f7004c343bee8fc4c265a83362,1.0,1.0.0,True,ok,
stage2-run,official,stage2,digits,logreg,1,missing,1,5,0.9471457691546863,0.9481481481481482,0.02915191650390625,1257,540,"{""label_flipped"": 0, ""gaussian_cells"": 0, ""outlier_cells"": 0, ""missing_cells"": 40449, ""n_train"": 1257, ""n_cells"": 80448}",2026-10-05T13:37:29.921929+00:00,bc936294060c9d60cc9127a37c6fda1969abe1f7004c343bee8fc4c265a83362,1.0,1.0.0,True,ok,
stage2-run,official,stage2,digits,svm_rbf,1,missing,1,5,0.9333456396629675,0.9333333333333333,0.03772568702697754,1257,540,"{""label_flipped"": 0, ""gaussian_cells"": 0, ""outlier_cells"": 0, ""missing_cells"": 40449, ""n_train"": 1257, ""n_cells"": 80448}",2026-10-05T13:37:30.005049+00:00,bc936294060c9d60cc9127a37c6fda1969abe1f7004c343bee8fc4c265a83362,1.0,1.0.0,True,ok,
stage2-run,official,stage2,digits,decision_tree,1,missing,1,5,0.6542230480697577,0.6666666666666666,0.03657889366149902,1257,540,"{""label_flipped"": 0, ""gaussian_cells"": 0, ""outlier_cells"": 0, ""missing_cells"": 40449, ""n_train"": 1257, ""n_cells"": 80448}",2026-10-05T13:37:30.042188+00:00,bc936294060c9d60cc9127a37c6fda1969abe1f7004c343bee8fc4c265a83362,1.0,1.0.0,True,ok,
stage2-run,official,stage2,digits,random_forest,1,missing,1,5,0.935962838479934,0.937037037037037,0.3157005310058594,1257,540,"{""label_flipped"": 0, ""gaussian_cells"": 0, ""outlier_cells"": 0, ""missing_cells"": 40449, ""n_train"": 1257, ""n_cells"": 80448}",2026-10-05T13:37:30.358873+00:00,bc936294060c9d60cc9127a37c6fda1969abe1f7004c343bee8fc4c265a83362,1.0,1.0.0,True,ok,
stage2-run,official,stage2,digits,logreg,1,label+gaussian,2,1,0.9310306648635921,0.9314814814814815,0.03208661079406738,1257,540,"{""label_flipped"": 63, ""gaussian_cells"": 76677, ""outlier_cells"": 0, ""missing_cells"": 0, ""n_train"": 1257, ""n_cells"": 80448}",2026-10-05T13:37:30.390960+00:00,bc936294060c9d60cc9127a37c6fda1969abe1f7004c343bee8fc4c265a83362,1.0,1.0.0,True,ok,
stage2-run,official,stage2,digits,svm_rbf,1,label+gaussian,2,1,0.9888623476405163,0.9888888888888889,0.05644655227661133,1257,540,"{""label_flipped"": 63, ""gaussian_cells"": 76677, ""outlier_cells"": 0, ""missing_cells"": 0, ""n_train"": 1257, ""n_cells"": 80448}",2026-10-05T13:37:30.482666+00:00,bc936294060c9d60cc9127a37c6fda1969abe1f7004c343bee8fc4c265a83362,1.0,1.0.0,True,ok,
stage2-run,official,stage2,digits,decision_tree,1,label+gaussian,2,1,0.7985391234878964,0.8,0.0741269588470459,1257,540,"{""label_flipped"": 63, ""gaussian_cells"": 76677, ""outlier_cells"": 0, ""missing_cells"": 0, ""n_train"": 1257, ""n_cells"": 80448}",2026-10-05T13:37:30.558800+00:00,bc936294060c9d60cc9127a37c6fda1969abe1f7004c343bee8fc4c265a83362,1.0,1.0.0,True,ok,
stage2-run,official,stage2,digits,random_forest,1,label+gaussian,2,1,0.9721702292538896,0.9722222222222222,0.6785867214202881,1257,540,"{""label_flipped"": 63, ""gaussian_cells"": 76677, ""outlier_cells"": 0, ""missing_cells"": 0, ""n_train"": 1257, ""n_cells"": 80448}",2026-10-05T13:37:31.241448+00:00,bc936294060c9d60cc9127a37c6fda1969abe1f7004c343bee8fc4c265a83362,1.0,1.0.0,True,ok,
stage2-run,official,stage2,digits,logreg,1,label+gaussian,2,2,0.9238159631940362,0.924074074074074,0.031476736068725586,1257,540,"{""label_flipped"": 126, ""gaussian_cells"": 76677, ""outlier_cells"": 0, ""missing_cells"": 0, ""n_train"": 1257, ""n_cells"": 80448}",2026-10-05T13:37:31.272925+00:00,bc936294060c9d60cc9127a37c6fda1969abe1f7004c343bee8fc4c265a83362,1.0,1.0.0,True,ok,
stage2-run,official,stage2,digits,svm_rbf,1,label+gaussian,2,2,0.9795183098217569,0.9796296296296296,0.04997563362121582,1257,540,"{""label_flipped"": 126, ""gaussian_cells"": 76677, ""outlier_cells"": 0, ""missing_cells"": 0, ""n_train"": 1257, ""n_cells"": 80448}",2026-10-05T13:37:31.377304+00:00,bc936294060c9d60cc9127a37c6fda1969abe1f7004c343bee8fc4c265a83362,1.0,1.0.0,True,ok,
stage2-run,official,stage2,digits,decision_tree,1,label+gaussian,2,2,0.7673996505811264,0.7703703703703704,0.07745146751403809,1257,540,"{""label_flipped"": 126, ""gaussian_cells"": 76677, ""outlier_cells"": 0, ""missing_cells"": 0, ""n_train"": 1257, ""n_cells"": 80448}",2026-10-05T13:37:31.456762+00:00,bc936294060c9d60cc9127a37c6fda1969abe1f7004c343bee8fc4c265a83362,1.0,1.0.0,True,ok,
stage2-run,official,stage2,digits,random_forest,1,label+gaussian,2,2,0.9663431640383358,0.9666666666666667,0.6974067687988281,1257,540,"{""label_flipped"": 126, ""gaussian_cells"": 76677, ""outlier_cells"": 0, ""missing_cells"": 0, ""n_train"": 1257, ""n_cells"": 80448}",2026-10-05T13:37:32.170211+00:00,bc936294060c9d60cc9127a37c6fda1969abe1f7004c343bee8fc4c265a83362,1.0,1.0.0,True,ok,
stage2-run,official,stage2,digits,logreg,1,label+gaussian,2,3,0.9191056110285937,0.9185185185185185,0.022099018096923828,1257,540,"{""label_flipped"": 251, ""gaussian_cells"": 76677, ""outlier_cells"": 0, ""missing_cells"": 0, ""n_train"": 1257, ""n_cells"": 80448}",2026-10-05T13:37:32.192310+00:00,bc936294060c9d60cc9127a37c6fda1969abe1f7004c343bee8fc4c265a83362,1.0,1.0.0,True,ok,
stage2-run,official,stage2,digits,svm_rbf,1,label+gaussian,2,3,0.9434224934997678,0.9425925925925925,0.08308005332946777,1257,540,"{""label_flipped"": 251, ""gaussian_cells"": 76677, ""outlier_cells"": 0, ""missing_cells"": 0, ""n_train"": 1257, ""n_cells"": 80448}",2026-10-05T13:37:32.325679+00:00,bc936294060c9d60cc9127a37c6fda1969abe1f7004c343bee8fc4c265a83362,1.0,1.0.0,True,ok,
stage2-run,official,stage2,digits,decision_tree,1,label+gaussian,2,3,0.5930255970505197,0.5925925925925926,0.0851747989654541,1257,540,"{""label_flipped"": 251, ""gaussian_cells"": 76677, ""outlier_cells"": 0, ""missing_cells"": 0, ""n_train"": 1257, ""n_cells"": 80448}",2026-10-05T13:37:32.416875+00:00,bc936294060c9d60cc9127a37c6fda1969abe1f7004c343bee8fc4c265a83362,1.0,1.0.0,True,ok,
stage2-run,official,stage2,digits,random_forest,1,label+gaussian,2,3,0.922689478387114,0.9222222222222223,0.7326653003692627,1257,540,"{""label_flipped"": 251, ""gaussian_cells"": 76677, ""outlier_cells"": 0, ""missing_cells"": 0, ""n_train"": 1257, ""n_cells"": 80448}",2026-10-05T13:37:33.169717+00:00,bc936294060c9d60cc9127a37c6fda1969abe1f7004c343bee8fc4c265a83362,1.0,1.0.0,True,ok,
stage2-run,official,stage2,digits,logreg,1,label+gaussian,2,4,0.8980612312205205,0.9,0.022586345672607422,1257,540,"{""label_flipped"": 377, ""gaussian_cells"": 76677, ""outlier_cells"": 0, ""missing_cells"": 0, ""n_train"": 1257, ""n_cells"": 80448}",2026-10-05T13:37:33.192303+00:00,bc936294060c9d60cc9127a37c6fda1969abe1f7004c343bee8fc4c265a83362,1.0,1.0.0,True,ok,
stage2-run,official,stage2,digits,svm_rbf,1,label+gaussian,2,4,0.8976803369005442,0.8962962962962963,0.0971224308013916,1257,540,"{""label_flipped"": 377, ""gaussian_cells"": 76677, ""outlier_cells"": 0, ""missing_cells"": 0, ""n_train"": 1257, ""n_cells"": 80448}",2026-10-05T13:37:33.341903+00:00,bc936294060c9d60cc9127a37c6fda1969abe1f7004c343bee8fc4c265a83362,1.0,1.0.0,True,ok,
stage2-run,official,stage2,digits,decision_tree,1,label+gaussian,2,4,0.44439635278433876,0.45740740740740743,0.08200883865356445,1257,540,"{""label_flipped"": 377, ""gaussian_cells"": 76677, ""outlier_cells"": 0, ""missing_cells"": 0, ""n_train"": 1257, ""n_cells"": 80448}",2026-10-05T13:37:33.423912+00:00,bc936294060c9d60cc9127a37c6fda1969abe1f7004c343bee8fc4c265a83362,1.0,1.0.0,True,ok,
stage2-run,official,stage2,digits,random_forest,1,label+gaussian,2,4,0.8677449987234646,0.8740740740740741,0.831092119216919,1257,540,"{""label_flipped"": 377, ""gaussian_cells"": 76677, ""outlier_cells"": 0, ""missing_cells"": 0, ""n_train"": 1257, ""n_cells"": 80448}",2026-10-05T13:37:34.264267+00:00,bc936294060c9d60cc9127a37c6fda1969abe1f7004c343bee8fc4c265a83362,1.0,1.0.0,True,ok,
stage2-run,official,stage2,digits,logreg,1,label+gaussian,2,5,0.8947156828310397,0.8962962962962963,0.0037467479705810547,1257,540,"{""label_flipped"": 503, ""gaussian_cells"": 76677, ""outlier_cells"": 0, ""missing_cells"": 0, ""n_train"": 1257, ""n_cells"": 80448}",2026-10-05T13:37:34.274359+00:00,bc936294060c9d60cc9127a37c6fda1969abe1f7004c343bee8fc4c265a83362,1.0,1.0.0,True,ok,
stage2-run,official,stage2,digits,svm_rbf,1,label+gaussian,2,5,0.8291156970530169,0.8314814814814815,0.07976436614990234,1257,540,"{""label_flipped"": 503, ""gaussian_cells"": 76677, ""outlier_cells"": 0, ""missing_cells"": 0, ""n_train"": 1257, ""n_cells"": 80448}",2026-10-05T13:37:34.426926+00:00,bc936294060c9d60cc9127a37c6fda1969abe1f7004c343bee8fc4c265a83362,1.0,1.0.0,True,ok,
stage2-run,official,stage2,digits,decision_tree,1,label+gaussian,2,5,0.22914336349571549,0.27037037037037037,0.08706140518188477,1257,540,"{""label_flipped"": 503, ""gaussian_cells"": 76677, ""outlier_cells"": 0, ""missing_cells"": 0, ""n_train"": 1257, ""n_cells"": 80448}",2026-10-05T13:37:34.524019+00:00,bc936294060c9d60cc9127a37c6fda1969abe1f7004c343bee8fc4c265a83362,1.0,1.0.0,True,ok,
stage2-run,official,stage2,digits,random_forest,1,label+gaussian,2,5,0.6720648990943747,0.6722222222222223,0.931318998336792,1257,540,"{""label_flipped"": 503, ""gaussian_cells"": 76677, ""outlier_cells"": 0, ""missing_cells"": 0, ""n_train"": 1257, ""n_cells"": 80448}",2026-10-05T13:37:35.466013+00:00,bc936294060c9d60cc9127a37c6fda1969abe1f7004c343bee8fc4c265a83362,1.0,1.0.0,True,ok,
stage2-run,official,stage2,digits,logreg,1,label+outliers,2,1,0.9316114990992854,0.9314814814814815,0.01963186264038086,1257,540,"{""label_flipped"": 63, ""gaussian_cells"": 0, ""outlier_cells"": 1534, ""missing_cells"": 0, ""n_train"": 1257, ""n_cells"": 80448}",2026-10-05T13:37:35.489657+00:00,bc936294060c9d60cc9127a37c6fda1969abe1f7004c343bee8fc4c265a83362,1.0,1.0.0,True,ok,
stage2-run,official,stage2,digits,svm_rbf,1,label+outliers,2,1,0.9739944264628397,0.9740740740740741,0.05253458023071289,1257,540,"{""label_flipped"": 63, ""gaussian_cells"": 0, ""outlier_cells"": 1534, ""missing_cells"": 0, ""n_train"": 1257, ""n_cells"": 80448}",2026-10-05T13:37:35.587011+00:00,bc936294060c9d60cc9127a37c6fda1969abe1f7004c343bee8fc4c265a83362,1.0,1.0.0,True,ok,
stage2-run,official,stage2,digits,decision_tree,1,label+outliers,2,1,0.8055037430339539,0.8055555555555556,0.011721372604370117,1257,540,"{""label_flipped"": 63, ""gaussian_cells"": 0, ""outlier_cells"": 1534, ""missing_cells"": 0, ""n_train"": 1257, ""n_cells"": 80448}",2026-10-05T13:37:35.613797+00:00,bc936294060c9d60cc9127a37c6fda1969abe1f7004c343bee8fc4c265a83362,1.0,1.0.0,True,ok,
stage2-run,official,stage2,digits,random_forest,1,label+outliers,2,1,0.9683594385114755,0.9685185185185186,0.2767918109893799,1257,540,"{""label_flipped"": 63, ""gaussian_cells"": 0, ""outlier_cells"": 1534, ""missing_cells"": 0, ""n_train"": 1257, ""n_cells"": 80448}",2026-10-05T13:37:35.903974+00:00,bc936294060c9d60cc9127a37c6fda1969abe1f7004c343bee8fc4c265a83362,1.0,1.0.0,True,ok,
stage2-run,official,stage2,digits,logreg,1,label+outliers,2,2,0.9199568897067693,0.9203703703703704,0.020985126495361328,1257,540,"{""label_flipped"": 126, ""gaussian_cells"": 0, ""outlier_cells"": 3834, ""missing_cells"": 0, ""n_train"": 1257, ""n_cells"": 80448}",2026-10-05T13:37:35.929585+00:00,bc936294060c9d60cc9127a37c6fda1969abe1f7004c343bee8fc4c265a83362,1.0,1.0.0,True,ok,
stage2-run,official,stage2,digits,svm_rbf,1,label+outliers,2,2,0.9592146606379437,0.9592592592592593,0.06220269203186035,1257,540,"{""label_flipped"": 126, ""gaussian_cells"": 0, ""outlier_cells"": 3834, ""missing_cells"": 0, ""n_train"": 1257, ""n_cells"": 80448}",2026-10-05T13:37:36.039365+00:00,bc936294060c9d60cc9127a37c6fda1969abe1f7004c343bee8fc4c265a83362,1.0,1.0.0,True,ok,
stage2-run,official,stage2,digits,decision_tree,1,label+outliers,2,2,0.7953165650604759,0.7944444444444444,0.016446828842163086,1257,540,"{""label_flipped"": 126, ""gaussian_cells"": 0, ""outlier_cells"": 3834, ""missing_cells"": 0, ""n_train"": 1257, ""n_cells"": 80448}",2026-10-05T13:37:36.058704+00:00,bc936294060c9d60cc9127a37c6fda1969abe1f7004c343bee8fc4c265a83362,1.0,1.0.0,True,ok,
stage2-run,official,stage2,digits,random_forest,1,label+outliers,2,2,0.9607795284574443,0.9611111111111111,0.27777600288391113,1257,540,"{""label_flipped"": 126, ""gaussian_cells"": 0, ""outlier_cells"": 3834, ""missing_cells"": 0, ""n_train"": 1257, ""n_cells"": 80448}",2026-10-05T13:37:36.352297+00:00,bc936294060c9d60cc9127a37c6fda1969abe1f7004c343bee8fc4c265a83362,1.0,1.0.0,True,ok,
stage2-run,official,stage2,digits,logreg,1,label+outliers,2,3,0.909956975065891,0.9092592592592592,0.013197898864746094,1257,540,"{""label_flipped"": 251, ""gaussian_cells"": 0, ""outlier_cells"": 7668, ""missing_cells"": 0, ""n_train"": 1257, ""n_cells"": 80448}",2026-10-05T13:37:36.375663+00:00,bc936294060c9d60cc9127a37c6fda1969abe1f7004c343bee8fc4c265a83362,1.0,1.0.0,True,ok,
stage2-run,official,stage2,digits,svm_rbf,1,label+outliers,2,3,0.9187447097257895,0.9185185185185185,0.07935142517089844,1257,540,"{""label_flipped"": 251, ""gaussian_cells"": 0, ""outlier_cells"": 7668, ""missing_cells"": 0, ""n_train"": 1257, ""n_cells"": 80448}",2026-10-05T13:37:36.503382+00:00,bc936294060c9d60cc9127a37c6fda1969abe1f7004c343bee8fc4c265a83362,1.0,1.0.0,True,ok,
stage2-run,official,stage2,digits,decision_tree,1,label+outliers,2,3,0.7546592824717361,0.7592592592592593,0.023723125457763672,1257,540,"{""label_flipped"": 251, ""gaussian_cells"": 0, ""outlier_cells"": 7668, ""missing_cells"": 0, ""n_train"": 1257, ""n_cells"": 80448}",2026-10-05T13:37:36.527105+00:00,bc936294060c9d60cc9127a37c6fda1969abe1f7004c343bee8fc4c265a83362,1.0,1.0.0,True,ok,
stage2-run,official,stage2,digits,random_forest,1,label+outliers,2,3,0.9571326685997148,0.9574074074074074,0.31257152557373047,1257,540,"{""label_flipped"": 251, ""gaussian_cells"": 0, ""outlier_cells"": 7668, ""missing_cells"": 0, ""n_train"": 1257, ""n_cells"": 80448}",2026-10-05T13:37:36.854632+00:00,bc936294060c9d60cc9127a37c6fda1969abe1f7004c343bee8fc4c265a83362,1.0,1.0.0,True,ok,
stage2-run,official,stage2,digits,logreg,1,label+outliers,2,4,0.8828738915872526,0.8851851851851852,0.004807233810424805,1257,540,"{""label_flipped"": 377, ""gaussian_cells"": 0, ""outlier_cells"": 11502, ""missing_cells"": 0, ""n_train"": 1257, ""n_cells"": 80448}",2026-10-05T13:37:36.875365+00:00,bc936294060c9d60cc9127a37c6fda1969abe1f7004c343bee8fc4c265a83362,1.0,1.0.0,True,ok,
stage2-run,official,stage2,digits,svm_rbf,1,label+outliers,2,4,0.8652772308339275,0.8648148148148148,0.09023833274841309,1257,540,"{""label_flipped"": 377, ""gaussian_cells"": 0, ""outlier_cells"": 11502, ""missing_cells"": 0, ""n_train"": 1257, ""n_cells"": 80448}",2026-10-05T13:37:37.014534+00:00,bc936294060c9d60cc9127a37c6fda1969abe1f7004c343bee8fc4c265a83362,1.0,1.0.0,True,ok,
stage2-run,official,stage2,digits,decision_tree,1,label+outliers,2,4,0.6770235173807608,0.6777777777777778,0.027521371841430664,1257,540,"{""label_flipped"": 377, ""gaussian_cells"": 0, ""outlier_cells"": 11502, ""missing_cells"": 0, ""n_train"": 1257, ""n_cells"": 80448}",2026-10-05T13:37:37.046068+00:00,bc936294060c9d60cc9127a37c6fda1969abe1f7004c343bee8fc4c265a83362,1.0,1.0.0,True,ok,
stage2-run,official,stage2,digits,random_forest,1,label+outliers,2,4,0.9646962444770351,0.9648148148148148,0.32758426666259766,1257,540,"{""label_flipped"": 377, ""gaussian_cells"": 0, ""outlier_cells"": 11502, ""missing_cells"": 0, ""n_train"": 1257, ""n_cells"": 80448}",2026-10-05T13:37:37.391760+00:00,bc936294060c9d60cc9127a37c6fda1969abe1f7004c343bee8fc4c265a83362,1.0,1.0.0,True,ok,
stage2-run,official,stage2,digits,logreg,1,label+outliers,2,5,0.8278100785560678,0.8296296296296296,0.016131877899169922,1257,540,"{""label_flipped"": 503, ""gaussian_cells"": 0, ""outlier_cells"": 15335, ""missing_cells"": 0, ""n_train"": 1257, ""n_cells"": 80448}",2026-10-05T13:37:37.407891+00:00,bc936294060c9d60cc9127a37c6fda1969abe1f7004c343bee8fc4c265a83362,1.0,1.0.0,True,ok,
stage2-run,official,stage2,digits,svm_rbf,1,label+outliers,2,5,0.7186692562636806,0.7092592592592593,0.09710216522216797,1257,540,"{""label_flipped"": 503, ""gaussian_cells"": 0, ""outlier_cells"": 15335, ""missing_cells"": 0, ""n_train"": 1257, ""n_cells"": 80448}",2026-10-05T13:37:37.562592+00:00,bc936294060c9d60cc9127a37c6fda1969abe1f7004c343bee8fc4c265a83362,1.0,1.0.0,True,ok,
stage2-run,official,stage2,digits,decision_tree,1,label+outliers,2,5,0.5781026373182162,0.5777777777777777,0.027693510055541992,1257,540,"{""label_flipped"": 503, ""gaussian_cells"": 0, ""outlier_cells"": 15335, ""missing_cells"": 0, ""n_train"": 1257, ""n_cells"": 80448}",2026-10-05T13:37:37.590286+00:00,bc936294060c9d60cc9127a37c6fda1969abe1f7004c343bee8fc4c265a83362,1.0,1.0.0,True,ok,
stage2-run,official,stage2,digits,random_forest,1,label+outliers,2,5,0.9285172286771548,0.9296296296296296,0.3570563793182373,1257,540,"{""label_flipped"": 503, ""gaussian_cells"": 0, ""outlier_cells"": 15335, ""missing_cells"": 0, ""n_train"": 1257, ""n_cells"": 80448}",2026-10-05T13:37:37.954365+00:00,bc936294060c9d60cc9127a37c6fda1969abe1f7004c343bee8fc4c265a83362,1.0,1.0.0,True,ok,
stage2-run,official,stage2,digits,logreg,1,label+missing,2,1,0.9255800001940114,0.9259259259259259,0.03157496452331543,1257,540,"{""label_flipped"": 63, ""gaussian_cells"": 0, ""outlier_cells"": 0, ""missing_cells"": 8084, ""n_train"": 1257, ""n_cells"": 80448}",2026-10-05T13:37:37.985940+00:00,bc936294060c9d60cc9127a37c6fda1969abe1f7004c343bee8fc4c265a83362,1.0,1.0.0,True,ok,
stage2-run,official,stage2,digits,svm_rbf,1,label+missing,2,1,0.9813663111515126,0.9814814814814815,0.04984283447265625,1257,540,"{""label_flipped"": 63, ""gaussian_cells"": 0, ""outlier_cells"": 0, ""missing_cells"": 8084, ""n_train"": 1257, ""n_cells"": 80448}",2026-10-05T13:37:38.058350+00:00,bc936294060c9d60cc9127a37c6fda1969abe1f7004c343bee8fc4c265a83362,1.0,1.0.0,True,ok,
stage2-run,official,stage2,digits,decision_tree,1,label+missing,2,1,0.8090156741103713,0.8092592592592592,0.021221637725830078,1257,540,"{""label_flipped"": 63, ""gaussian_cells"": 0, ""outlier_cells"": 0, ""missing_cells"": 8084, ""n_train"": 1257, ""n_cells"": 80448}",2026-10-05T13:37:38.096924+00:00,bc936294060c9d60cc9127a37c6fda1969abe1f7004c343bee8fc4c265a83362,1.0,1.0.0,True,ok,
stage2-run,official,stage2,digits,random_forest,1,label+missing,2,1,0.9627488512569158,0.9629629629629629,0.27446913719177246,1257,540,"{""label_flipped"": 63, ""gaussian_cells"": 0, ""outlier_cells"": 0, ""missing_cells"": 8084, ""n_train"": 1257, ""n_cells"": 80448}",2026-10-05T13:37:38.375405+00:00,bc936294060c9d60cc9127a37c6fda1969abe1f7004c343bee8fc4c265a83362,1.0,1.0.0,True,ok,
stage2-run,official,stage2,digits,logreg,1,label+missing,2,2,0.9236712016330827,0.924074074074074,0.031978607177734375,1257,540,"{""label_flipped"": 126, ""gaussian_cells"": 0, ""outlier_cells"": 0, ""missing_cells"": 16092, ""n_train"": 1257, ""n_cells"": 80448}",2026-10-05T13:37:38.423267+00:00,bc936294060c9d60cc9127a37c6fda1969abe1f7004c343bee8fc4c265a83362,1.0,1.0.0,True,ok,
stage2-run,official,stage2,digits,svm_rbf,1,label+missing,2,2,0.9703666336212133,0.9703703703703703,0.0477299690246582,1257,540,"{""label_flipped"": 126, ""gaussian_cells"": 0, ""outlier_cells"": 0, ""missing_cells"": 16092, ""n_train"": 1257, ""n_cells"": 80448}",2026-10-05T13:37:38.506849+00:00,bc936294060c9d60cc9127a37c6fda1969abe1f7004c343bee8fc4c265a83362,1.0,1.0.0,True,ok,
stage2-run,official,stage2,digits,decision_tree,1,label+missing,2,2,0.7506746767444623,0.75,0.034497976303100586,1257,540,"{""label_flipped"": 126, ""gaussian_cells"": 0, ""outlier_cells"": 0, ""missing_cells"": 16092, ""n_train"": 1257, ""n_cells"": 80448}",2026-10-05T13:37:38.543094+00:00,bc936294060c9d60cc9127a37c6fda1969abe1f7004c343bee8fc4c265a83362,1.0,1.0.0,True,ok,
stage2-run,official,stage2,digits,random_forest,1,label+missing,2,2,0.9516427909198774,0.9518518518518518,0.315488338470459,1257,540,"{""label_flipped"": 126, ""gaussian_cells"": 0, ""outlier_cells"": 0, ""missing_cells"": 16092, ""n_train"": 1257, ""n_cells"": 80448}",2026-10-05T13:37:38.870358+00:00,bc936294060c9d60cc9127a37c6fda1969abe1f7004c343bee8fc4c265a83362,1.0,1.0.0,True,ok,
stage2-run,official,stage2,digits,logreg,1,label+missing,2,3,0.9088815512484347,0.9092592592592592,0.015876293182373047,1257,540,"{""label_flipped"": 251, ""gaussian_cells"": 0, ""outlier_cells"": 0, ""missing_cells"": 23985, ""n_train"": 1257, ""n_cells"": 80448}",2026-10-05T13:37:38.907897+00:00,bc936294060c9d60cc9127a37c6fda1969abe1f7004c343bee8fc4c265a83362,1.0,1.0.0,True,ok,
stage2-run,official,stage2,digits,svm_rbf,1,label+missing,2,3,0.9647898816554367,0.9648148148148148,0.05866718292236328,1257,540,"{""label_flipped"": 251, ""gaussian_cells"": 0, ""outlier_cells"": 0, ""missing_cells"": 23985, ""n_train"": 1257, ""n_cells"": 80448}",2026-10-05T13:37:39.002588+00:00,bc936294060c9d60cc9127a37c6fda1969abe1f7004c343bee8fc4c265a83362,1.0,1.0.0,True,ok,
stage2-run,official,stage2,digits,decision_tree,1,label+missing,2,3,0.5978255262734125,0.6,0.039337873458862305,1257,540,"{""label_flipped"": 251, ""gaussian_cells"": 0, ""outlier_cells"": 0, ""missing_cells"": 23985, ""n_train"": 1257, ""n_cells"": 80448}",2026-10-05T13:37:39.043933+00:00,bc936294060c9d60cc9127a37c6fda1969abe1f7004c343bee8fc4c265a83362,1.0,1.0.0,True,ok,
stage2-run,official,stage2,digits,random_forest,1,label+missing,2,3,0.9589797911527219,0.9592592592592593,0.32946133613586426,1257,540,"{""label_flipped"": 251, ""gaussian_cells"": 0, ""outlier_cells"": 0, ""missing_cells"": 23985, ""n_train"": 1257, ""n_cells"": 80448}",2026-10-05T13:37:39.393680+00:00,bc936294060c9d60cc9127a37c6fda1969abe1f7004c343bee8fc4c265a83362,1.0,1.0.0,True,ok,
stage2-run,official,stage2,digits,logreg,1,label+missing,2,4,0.9000087705184262,0.9018518518518519,0.0335240364074707,1257,540,"{""label_flipped"": 377, ""gaussian_cells"": 0, ""outlier_cells"": 0, ""missing_cells"": 32187, ""n_train"": 1257, ""n_cells"": 80448}",2026-10-05T13:37:39.431217+00:00,bc936294060c9d60cc9127a37c6fda1969abe1f7004c343bee8fc4c265a83362,1.0,1.0.0,True,ok,
stage2-run,official,stage2,digits,svm_rbf,1,label+missing,2,4,0.9354205261524509,0.937037037037037,0.06386590003967285,1257,540,"{""label_flipped"": 377, ""gaussian_cells"": 0, ""outlier_cells"": 0, ""missing_cells"": 32187, ""n_train"": 1257, ""n_cells"": 80448}",2026-10-05T13:37:39.542190+00:00,bc936294060c9d60cc9127a37c6fda1969abe1f7004c343bee8fc4c265a83362,1.0,1.0.0,True,ok,
stage2-run,official,stage2,digits,decision_tree,1,label+missing,2,4,0.47300533605303235,0.4740740740740741,0.04069232940673828,1257,540,"{""label_flipped"": 377, ""gaussian_cells"": 0, ""outlier_cells"": 0, ""missing_cells"": 32187, ""n_train"": 1257, ""n_cells"": 80448}",2026-10-05T13:37:39.584887+00:00,bc936294060c9d60cc9127a37c6fda1969abe1f7004c343bee8fc4c265a83362,1.0,1.0.0,True,ok,
stage2-run,official,stage2,digits,random_forest,1,label+missing,2,4,0.924712868612389,0.9259259259259259,0.35222959518432617,1257,540,"{""label_flipped"": 377, ""gaussian_cells"": 0, ""outlier_cells"": 0, ""missing_cells"": 32187, ""n_train"": 1257, ""n_cells"": 80448}",2026-10-05T13:37:39.941130+00:00,bc936294060c9d60cc9127a37c6fda1969abe1f7004c343bee8fc4c265a83362,1.0,1.0.0,True,ok,
stage2-run,official,stage2,digits,logreg,1,label+missing,2,5,0.8645791011479526,0.8648148148148148,0.03232288360595703,1257,540,"{""label_flipped"": 503, ""gaussian_cells"": 0, ""outlier_cells"": 0, ""missing_cells"": 40449, ""n_train"": 1257, ""n_cells"": 80448}",2026-10-05T13:37:39.988763+00:00,bc936294060c9d60cc9127a37c6fda1969abe1f7004c343bee8fc4c265a83362,1.0,1.0.0,True,ok,
stage2-run,official,stage2,digits,svm_rbf,1,label+missing,2,5,0.9159635015721609,0.9148148148148149,0.08517003059387207,1257,540,"{""label_flipped"": 503, ""gaussian_cells"": 0, ""outlier_cells"": 0, ""missing_cells"": 40449, ""n_train"": 1257, ""n_cells"": 80448}",2026-10-05T13:37:40.121833+00:00,bc936294060c9d60cc9127a37c6fda1969abe1f7004c343bee8fc4c265a83362,1.0,1.0.0,True,ok,
stage2-run,official,stage2,digits,decision_tree,1,label+missing,2,5,0.3718857803534863,0.37592592592592594,0.033417463302612305,1257,540,"{""label_flipped"": 503, ""gaussian_cells"": 0, ""outlier_cells"": 0, ""missing_cells"": 40449, ""n_train"": 1257, ""n_cells"": 80448}",2026-10-05T13:37:40.155250+00:00,bc936294060c9d60cc9127a37c6fda1969abe1f7004c343bee8fc4c265a83362,1.0,1.0.0,True,ok,
stage2-run,official,stage2,digits,random_forest,1,label+missing,2,5,0.8894897641917497,0.8907407407407407,0.362044095993042,1257,540,"{""label_flipped"": 503, ""gaussian_cells"": 0, ""outlier_cells"": 0, ""missing_cells"": 40449, ""n_train"": 1257, ""n_cells"": 80448}",2026-10-05T13:37:40.526466+00:00,bc936294060c9d60cc9127a37c6fda1969abe1f7004c343bee8fc4c265a83362,1.0,1.0.0,True,ok,
stage2-run,official,stage2,digits,logreg,1,gaussian+outliers,2,1,0.9482749701487794,0.9481481481481482,0.02788233757019043,1257,540,"{""label_flipped"": 0, ""gaussian_cells"": 76677, ""outlier_cells"": 1534, ""missing_cells"": 0, ""n_train"": 1257, ""n_cells"": 80448}",2026-10-05T13:37:40.558362+00:00,bc936294060c9d60cc9127a37c6fda1969abe1f7004c343bee8fc4c265a83362,1.0,1.0.0,True,ok,
stage2-run,official,stage2,digits,svm_rbf,1,gaussian+outliers,2,1,0.972128119196185,0.9722222222222222,0.052496910095214844,1257,540,"{""label_flipped"": 0, ""gaussian_cells"": 76677, ""outlier_cells"": 1534, ""missing_cells"": 0, ""n_train"": 1257, ""n_cells"": 80448}",2026-10-05T13:37:40.648014+00:00,bc936294060c9d60cc9127a37c6fda1969abe1f7004c343bee8fc4c265a83362,1.0,1.0.0,True,ok,
stage2-run,official,stage2,digits,decision_tree,1,gaussian+outliers,2,1,0.8268913395196495,0.8296296296296296,0.05691099166870117,1257,540,"{""label_flipped"": 0, ""gaussian_cells"": 76677, ""outlier_cells"": 1534, ""missing_cells"": 0, ""n_train"": 1257, ""n_cells"": 80448}",2026-10-05T13:37:40.708673+00:00,bc936294060c9d60cc9127a37c6fda1969abe1f7004c343bee8fc4c265a83362,1.0,1.0.0,True,ok,
stage2-run,official,stage2,digits,random_forest,1,gaussian+outliers,2,1,0.96841825474492,0.9685185185185186,0.640547513961792,1257,540,"{""label_flipped"": 0, ""gaussian_cells"": 76677, ""outlier_cells"": 1534, ""missing_cells"": 0, ""n_train"": 1257, ""n_cells"": 80448}",2026-10-05T13:37:41.358749+00:00,bc936294060c9d60cc9127a37c6fda1969abe1f7004c343bee8fc4c265a83362,1.0,1.0.0,True,ok,
stage2-run,official,stage2,digits,logreg,1,gaussian+outliers,2,2,0.9358799188728419,0.9351851851851852,0.032800912857055664,1257,540,"{""label_flipped"": 0, ""gaussian_cells"": 76677, ""outlier_cells"": 3834, ""missing_cells"": 0, ""n_train"": 1257, ""n_cells"": 80448}",2026-10-05T13:37:41.391549+00:00,bc936294060c9d60cc9127a37c6fda1969abe1f7004c343bee8fc4c265a83362,1.0,1.0.0,True,ok,
stage2-run,official,stage2,digits,svm_rbf,1,gaussian+outliers,2,2,0.9484367728707351,0.9481481481481482,0.06289219856262207,1257,540,"{""label_flipped"": 0, ""gaussian_cells"": 76677, ""outlier_cells"": 3834, ""missing_cells"": 0, ""n_train"": 1257, ""n_cells"": 80448}",2026-10-05T13:37:41.498849+00:00,bc936294060c9d60cc9127a37c6fda1969abe1f7004c343bee8fc4c265a83362,1.0,1.0.0,True,ok,
stage2-run,official,stage2,digits,decision_tree,1,gaussian+outliers,2,2,0.8031971828952937,0.8018518518518518,0.06803727149963379,1257,540,"{""label_flipped"": 0, ""gaussian_cells"": 76677, ""outlier_cells"": 3834, ""missing_cells"": 0, ""n_train"": 1257, ""n_cells"": 80448}",2026-10-05T13:37:41.573410+00:00,bc936294060c9d60cc9127a37c6fda1969abe1f7004c343bee8fc4c265a83362,1.0,1.0.0,True,ok,
stage2-run,official,stage2,digits,random_forest,1,gaussian+outliers,2,2,0.9593249028664669,0.9592592592592593,0.6332180500030518,1257,540,"{""label_flipped"": 0, ""gaussian_cells"": 76677, ""outlier_cells"": 3834, ""missing_cells"": 0, ""n_train"": 1257, ""n_cells"": 80448}",2026-10-05T13:37:42.225104+00:00,bc936294060c9d60cc9127a37c6fda1969abe1f7004c343bee8fc4c265a83362,1.0,1.0.0,True,ok,
stage2-run,official,stage2,digits,logreg,1,gaussian+outliers,2,3,0.9188178374553191,0.9185185185185185,0.005419254302978516,1257,540,"{""label_flipped"": 0, ""gaussian_cells"": 76677, ""outlier_cells"": 7668, ""missing_cells"": 0, ""n_train"": 1257, ""n_cells"": 80448}",2026-10-05T13:37:42.240486+00:00,bc936294060c9d60cc9127a37c6fda1969abe1f7004c343bee8fc4c265a83362,1.0,1.0.0,True,ok,
stage2-run,official,stage2,digits,svm_rbf,1,gaussian+outliers,2,3,0.917600644321771,0.9166666666666666,0.07858562469482422,1257,540,"{""label_flipped"": 0, ""gaussian_cells"": 76677, ""outlier_cells"": 7668, ""missing_cells"": 0, ""n_train"": 1257, ""n_cells"": 80448}",2026-10-05T13:37:42.375277+00:00,bc936294060c9d60cc9127a37c6fda1969abe1f7004c343bee8fc4c265a83362,1.0,1.0.0,True,ok,
stage2-run,official,stage2,digits,decision_tree,1,gaussian+outliers,2,3,0.6453368919451982,0.6611111111111111,0.0657660961151123,1257,540,"{""label_flipped"": 0, ""gaussian_cells"": 76677, ""outlier_cells"": 7668, ""missing_cells"": 0, ""n_train"": 1257, ""n_cells"": 80448}",2026-10-05T13:37:42.441043+00:00,bc936294060c9d60cc9127a37c6fda1969abe1f7004c343bee8fc4c265a83362,1.0,1.0.0,True,ok,
stage2-run,official,stage2,digits,random_forest,1,gaussian+outliers,2,3,0.9314525993247498,0.9314814814814815,0.731494665145874,1257,540,"{""label_flipped"": 0, ""gaussian_cells"": 76677, ""outlier_cells"": 7668, ""missing_cells"": 0, ""n_train"": 1257, ""n_cells"": 80448}",2026-10-05T13:37:43.211600+00:00,bc936294060c9d60cc9127a37c6fda1969abe1f7004c343bee8fc4c265a83362,1.0,1.0.0,True,ok,
stage2-run,official,stage2,digits,logreg,1,gaussian+outliers,2,4,0.9131577492600046,0.912962962962963,0.019334077835083008,1257,540,"{""label_flipped"": 0, ""gaussian_cells"": 76677, ""outlier_cells"": 11502, ""missing_cells"": 0, ""n_train"": 1257, ""n_cells"": 80448}",2026-10-05T13:37:43.236036+00:00,bc936294060c9d60cc9127a37c6fda1969abe1f7004c343bee8fc4c265a83362,1.0,1.0.0,True,ok,
stage2-run,official,stage2,digits,svm_rbf,1,gaussian+outliers,2,4,0.8748778366890964,0.8740740740740741,0.08593130111694336,1257,540,"{""label_flipped"": 0, ""gaussian_cells"": 76677, ""outlier_cells"": 11502, ""missing_cells"": 0, ""n_train"": 1257, ""n_cells"": 80448}",2026-10-05T13:37:43.375132+00:00,bc936294060c9d60cc9127a37c6fda1969abe1f7004c343bee8fc4c265a83362,1.0,1.0.0,True,ok,
stage2-run,official,stage2,digits,decision_tree,1,gaussian+outliers,2,4,0.45399052888941344,0.4740740740740741,0.062273263931274414,1257,540,"{""label_flipped"": 0, ""gaussian_cells"": 76677, ""outlier_cells"": 11502, ""missing_cells"": 0, ""n_train"": 1257, ""n_cells"": 80448}",2026-10-05T13:37:43.439691+00:00,bc936294060c9d60cc9127a37c6fda1969abe1f7004c343bee8fc4c265a83362,1.0,1.0.0,True,ok,
stage2-run,official,stage2,digits,random_forest,1,gaussian+outliers,2,4,0.8796719948077115,0.8814814814814815,0.7001686096191406,1257,540,"{""label_flipped"": 0, ""gaussian_cells"": 76677, ""outlier_cells"": 11502, ""missing_cells"": 0, ""n_train"": 1257, ""n_cells"": 80448}",2026-10-05T13:37:44.177889+00:00,bc936294060c9d60cc9127a37c6fda1969abe1f7004c343bee8fc4c265a83362,1.0,1.0.0,True,ok,
stage2-run,official,stage2,digits,logreg,1,gaussian+outliers,2,5,0.8795367572511192,0.8814814814814815,0.007245779037475586,1257,540,"{""label_flipped"": 0, ""gaussian_cells"": 76677, ""outlier_cells"": 15335, ""missing_cells"": 0, ""n_train"": 1257, ""n_cells"": 80448}",2026-10-05T13:37:44.189148+00:00,bc936294060c9d60cc9127a37c6fda1969abe1f7004c343bee8fc4c265a83362,1.0,1.0.0,True,ok,
stage2-run,official,stage2,digits,svm_rbf,1,gaussian+outliers,2,5,0.7827348977065737,0.7833333333333333,0.08158707618713379,1257,540,"{""label_flipped"": 0, ""gaussian_cells"": 76677, ""outlier_cells"": 15335, ""missing_cells"": 0, ""n_train"": 1257, ""n_cells"": 80448}",2026-10-05T13:37:44.341101+00:00,bc936294060c9d60cc9127a37c6fda1969abe1f7004c343bee8fc4c265a83362,1.0,1.0.0,True,ok,
stage2-run,official,stage2,digits,decision_tree,1,gaussian+outliers,2,5,0.27566747101769556,0.3148148148148148,0.06652116775512695,1257,540,"{""label_flipped"": 0, ""gaussian_cells"": 76677, ""outlier_cells"": 15335, ""missing_cells"": 0, ""n_train"": 1257, ""n_cells"": 80448}",2026-10-05T13:37:44.407622+00:00,bc936294060c9d60cc9127a37c6fda1969abe1f7004c343bee8fc4c265a83362,1.0,1.0.0,True,ok,
stage2-run,official,stage2,digits,random_forest,1,gaussian+outliers,2,5,0.7902916771970542,0.7944444444444444,0.7230777740478516,1257,540,"{""label_flipped"": 0, ""gaussian_cells"": 76677, ""outlier_cells"": 15335, ""missing_cells"": 0, ""n_train"": 1257, ""n_cells"": 80448}",2026-10-05T13:37:45.141557+00:00,bc936294060c9d60cc9127a37c6fda1969abe1f7004c343bee8fc4c265a83362,1.0,1.0.0,True,ok,
stage2-run,official,stage2,digits,logreg,1,gaussian+missing,2,1,0.9424663525460668,0.9425925925925925,0.017783403396606445,1257,540,"{""label_flipped"": 0, ""gaussian_cells"": 76677, ""outlier_cells"": 0, ""missing_cells"": 8084, ""n_train"": 1257, ""n_cells"": 80448}",2026-10-05T13:37:45.174403+00:00,bc936294060c9d60cc9127a37c6fda1969abe1f7004c343bee8fc4c265a83362,1.0,1.0.0,True,ok,
stage2-run,official,stage2,digits,svm_rbf,1,gaussian+missing,2,1,0.983279908577418,0.9833333333333333,0.03718161582946777,1257,540,"{""label_flipped"": 0, ""gaussian_cells"": 76677, ""outlier_cells"": 0, ""missing_cells"": 8084, ""n_train"": 1257, ""n_cells"": 80448}",2026-10-05T13:37:45.256102+00:00,bc936294060c9d60cc9127a37c6fda1969abe1f7004c343bee8fc4c265a83362,1.0,1.0.0,True,ok,
stage2-run,official,stage2,digits,decision_tree,1,gaussian+missing,2,1,0.8499654920345459,0.8518518518518519,0.0731649398803711,1257,540,"{""label_flipped"": 0, ""gaussian_cells"": 76677, ""outlier_cells"": 0, ""missing_cells"": 8084, ""n_train"": 1257, ""n_cells"": 80448}",2026-10-05T13:37:45.331274+00:00,bc936294060c9d60cc9127a37c6fda1969abe1f7004c343bee8fc4c265a83362,1.0,1.0.0,True,ok,
stage2-run,official,stage2,digits,random_forest,1,gaussian+missing,2,1,0.9645044013442584,0.9648148148148148,0.6701104640960693,1257,540,"{""label_flipped"": 0, ""gaussian_cells"": 76677, ""outlier_cells"": 0, ""missing_cells"": 8084, ""n_train"": 1257, ""n_cells"": 80448}",2026-10-05T13:37:46.003394+00:00,bc936294060c9d60cc9127a37c6fda1969abe1f7004c343bee8fc4c265a83362,1.0,1.0.0,True,ok,
stage2-run,official,stage2,digits,logreg,1,gaussian+missing,2,2,0.9628271093506543,0.9629629629629629,0.022726058959960938,1257,540,"{""label_flipped"": 0, ""gaussian_cells"": 76677, ""outlier_cells"": 0, ""missing_cells"": 16092, ""n_train"": 1257, ""n_cells"": 80448}",2026-10-05T13:37:46.041760+00:00,bc936294060c9d60cc9127a37c6fda1969abe1f7004c343bee8fc4c265a83362,1.0,1.0.0,True,ok,
stage2-run,official,stage2,digits,svm_rbf,1,gaussian+missing,2,2,0.9739238590986223,0.9740740740740741,0.03186988830566406,1257,540,"{""label_flipped"": 0, ""gaussian_cells"": 76677, ""outlier_cells"": 0, ""missing_cells"": 16092, ""n_train"": 1257, ""n_cells"": 80448}",2026-10-05T13:37:46.144938+00:00,bc936294060c9d60cc9127a37c6fda1969abe1f7004c343bee8fc4c265a83362,1.0,1.0.0,True,ok,
stage2-run,official,stage2,digits,decision_tree,1,gaussian+missing,2,2,0.7924708707146022,0.7925925925925926,0.05937361717224121,1257,540,"{""label_flipped"": 0, ""gaussian_cells"": 76677, ""outlier_cells"": 0, ""missing_cells"": 16092, ""n_train"": 1257, ""n_cells"": 80448}",2026-10-05T13:37:46.208325+00:00,bc936294060c9d60cc9127a37c6fda1969abe1f7004c343bee8fc4c265a83362,1.0,1.0.0,True,ok,
stage2-run,official,stage2,digits,random_forest,1,gaussian+missing,2,2,0.9512576454774703,0.9518518518518518,0.6452438831329346,1257,540,"{""label_flipped"": 0, ""gaussian_cells"": 76677, ""outlier_cells"": 0, ""missing_cells"": 16092, ""n_train"": 1257, ""n_cells"": 80448}",2026-10-05T13:37:46.879645+00:00,bc936294060c9d60cc9127a37c6fda1969abe1f7004c343bee8fc4c265a83362,1.0,1.0.0,True,ok,
stage2-run,official,stage2,digits,logreg,1,gaussian+missing,2,3,0.9422380502647709,0.9425925925925925,0.024330615997314453,1257,540,"{""label_flipped"": 0, ""gaussian_cells"": 76677, ""outlier_cells"": 0, ""missing_cells"": 23985, ""n_train"": 1257, ""n_cells"": 80448}",2026-10-05T13:37:46.913266+00:00,bc936294060c9d60cc9127a37c6fda1969abe1f7004c343bee8fc4c265a83362,1.0,1.0.0,True,ok,
stage2-run,official,stage2,digits,svm_rbf,1,gaussian+missing,2,3,0.9588191039488259,0.9592592592592593,0.06086587905883789,1257,540,"{""label_flipped"": 0, ""gaussian_cells"": 76677, ""outlier_cells"": 0, ""missing_cells"": 23985, ""n_train"": 1257, ""n_cells"": 80448}",2026-10-05T13:37:47.028106+00:00,bc936294060c9d60cc9127a37c6fda1969abe1f7004c343bee8fc4c265a83362,1.0,1.0.0,True,ok,
stage2-run,official,stage2,digits,decision_tree,1,gaussian+missing,2,3,0.6250298574712914,0.6407407407407407,0.0719752311706543,1257,540,"{""label_flipped"": 0, ""gaussian_cells"": 76677, ""outlier_cells"": 0, ""missing_cells"": 23985, ""n_train"": 1257, ""n_cells"": 80448}",2026-10-05T13:37:47.106100+00:00,bc936294060c9d60cc9127a37c6fda1969abe1f7004c343bee8fc4c265a83362,1.0,1.0.0,True,ok,
stage2-run,official,stage2,digits,random_forest,1,gaussian+missing,2,3,0.9208389858299881,0.9222222222222223,0.6660556793212891,1257,540,"{""label_flipped"": 0, ""gaussian_cells"": 76677, ""outlier_cells"": 0, ""missing_cells"": 23985, ""n_train"": 1257, ""n_cells"": 80448}",2026-10-05T13:37:47.796860+00:00,bc936294060c9d60cc9127a37c6fda1969abe1f7004c343bee8fc4c265a83362,1.0,1.0.0,True,ok,
stage2-run,official,stage2,digits,logreg,1,gaussian+missing,2,4,0.9097543259687833,0.9111111111111111,0.021260976791381836,1257,540,"{""label_flipped"": 0, ""gaussian_cells"": 76677, ""outlier_cells"": 0, ""missing_cells"": 32187, ""n_train"": 1257, ""n_cells"": 80448}",2026-10-05T13:37:47.820127+00:00,bc936294060c9d60cc9127a37c6fda1969abe1f7004c343bee8fc4c265a83362,1.0,1.0.0,True,ok,
stage2-run,official,stage2,digits,svm_rbf,1,gaussian+missing,2,4,0.9191050474274679,0.9203703703703704,0.08885955810546875,1257,540,"{""label_flipped"": 0, ""gaussian_cells"": 76677, ""outlier_cells"": 0, ""missing_cells"": 32187, ""n_train"": 1257, ""n_cells"": 80448}",2026-10-05T13:37:47.969935+00:00,bc936294060c9d60cc9127a37c6fda1969abe1f7004c343bee8fc4c265a83362,1.0,1.0.0,True,ok,
stage2-run,official,stage2,digits,decision_tree,1,gaussian+missing,2,4,0.5036695225194524,0.512962962962963,0.07481074333190918,1257,540,"{""label_flipped"": 0, ""gaussian_cells"": 76677, ""outlier_cells"": 0, ""missing_cells"": 32187, ""n_train"": 1257, ""n_cells"": 80448}",2026-10-05T13:37:48.049109+00:00,bc936294060c9d60cc9127a37c6fda1969abe1f7004c343bee8fc4c265a83362,1.0,1.0.0,True,ok,
stage2-run,official,stage2,digits,random_forest,1,gaussian+missing,2,4,0.8694284924817264,0.8722222222222222,0.7055065631866455,1257,540,"{""label_flipped"": 0, ""gaussian_cells"": 76677, ""outlier_cells"": 0, ""missing_cells"": 32187, ""n_train"": 1257, ""n_cells"": 80448}",2026-10-05T13:37:48.756622+00:00,bc936294060c9d60cc9127a37c6fda1969abe1f7004c343bee8fc4c265a83362,1.0,1.0.0,True,ok,
stage2-run,official,stage2,digits,logreg,1,gaussian+missing,2,5,0.8799477839130713,0.8833333333333333,0.015788793563842773,1257,540,"{""label_flipped"": 0, ""gaussian_cells"": 76677, ""outlier_cells"": 0, ""missing_cells"": 40449, ""n_train"": 1257, ""n_cells"": 80448}",2026-10-05T13:37:48.788200+00:00,bc936294060c9d60cc9127a37c6fda1969abe1f7004c343bee8fc4c265a83362,1.0,1.0.0,True,ok,
stage2-run,official,stage2,digits,svm_rbf,1,gaussian+missing,2,5,0.8896056962964549,0.8907407407407407,0.0839996337890625,1257,540,"{""label_flipped"": 0, ""gaussian_cells"": 76677, ""outlier_cells"": 0, ""missing_cells"": 40449, ""n_train"": 1257, ""n_cells"": 80448}",2026-10-05T13:37:48.929187+00:00,bc936294060c9d60cc9127a37c6fda1969abe1f7004c343bee8fc4c265a83362,1.0,1.0.0,True,ok,
stage2-run,official,stage2,digits,decision_tree,1,gaussian+missing,2,5,0.30491263188771583,0.32407407407407407,0.06928372383117676,1257,540,"{""label_flipped"": 0, ""gaussian_cells"": 76677, ""outlier_cells"": 0, ""missing_cells"": 40449, ""n_train"": 1257, ""n_cells"": 80448}",2026-10-05T13:37:49.002000+00:00,bc936294060c9d60cc9127a37c6fda1969abe1f7004c343bee8fc4c265a83362,1.0,1.0.0,True,ok,
stage2-run,official,stage2,digits,random_forest,1,gaussian+missing,2,5,0.7609655047747906,0.774074074074074,0.7104852199554443,1257,540,"{""label_flipped"": 0, ""gaussian_cells"": 76677, ""outlier_cells"": 0, ""missing_cells"": 40449, ""n_train"": 1257, ""n_cells"": 80448}",2026-10-05T13:37:49.722512+00:00,bc936294060c9d60cc9127a37c6fda1969abe1f7004c343bee8fc4c265a83362,1.0,1.0.0,True,ok,
stage2-run,official,stage2,digits,logreg,1,outliers+missing,2,1,0.9538379523842864,0.9537037037037037,0.020726919174194336,1257,540,"{""label_flipped"": 0, ""gaussian_cells"": 0, ""outlier_cells"": 1534, ""missing_cells"": 8084, ""n_train"": 1257, ""n_cells"": 80448}",2026-10-05T13:37:49.745706+00:00,bc936294060c9d60cc9127a37c6fda1969abe1f7004c343bee8fc4c265a83362,1.0,1.0.0,True,ok,
stage2-run,official,stage2,digits,svm_rbf,1,outliers+missing,2,1,0.9758684060827383,0.975925925925926,0.03712320327758789,1257,540,"{""label_flipped"": 0, ""gaussian_cells"": 0, ""outlier_cells"": 1534, ""missing_cells"": 8084, ""n_train"": 1257, ""n_cells"": 80448}",2026-10-05T13:37:49.839565+00:00,bc936294060c9d60cc9127a37c6fda1969abe1f7004c343bee8fc4c265a83362,1.0,1.0.0,True,ok,
stage2-run,official,stage2,digits,decision_tree,1,outliers+missing,2,1,0.8452240998471648,0.8462962962962963,0.020137310028076172,1257,540,"{""label_flipped"": 0, ""gaussian_cells"": 0, ""outlier_cells"": 1534, ""missing_cells"": 8084, ""n_train"": 1257, ""n_cells"": 80448}",2026-10-05T13:37:49.867683+00:00,bc936294060c9d60cc9127a37c6fda1969abe1f7004c343bee8fc4c265a83362,1.0,1.0.0,True,ok,
stage2-run,official,stage2,digits,random_forest,1,outliers+missing,2,1,0.9646526362624707,0.9648148148148148,0.28194618225097656,1257,540,"{""label_flipped"": 0, ""gaussian_cells"": 0, ""outlier_cells"": 1534, ""missing_cells"": 8084, ""n_train"": 1257, ""n_cells"": 80448}",2026-10-05T13:37:50.153377+00:00,bc936294060c9d60cc9127a37c6fda1969abe1f7004c343bee8fc4c265a83362,1.0,1.0.0,True,ok,
stage2-run,official,stage2,digits,logreg,1,outliers+missing,2,2,0.9240389093786817,0.924074074074074,0.016239404678344727,1257,540,"{""label_flipped"": 0, ""gaussian_cells"": 0, ""outlier_cells"": 3834, ""missing_cells"": 16092, ""n_train"": 1257, ""n_cells"": 80448}",2026-10-05T13:37:50.185431+00:00,bc936294060c9d60cc9127a37c6fda1969abe1f7004c343bee8fc4c265a83362,1.0,1.0.0,True,ok,
stage2-run,official,stage2,digits,svm_rbf,1,outliers+missing,2,2,0.9555763424762146,0.9555555555555556,0.0740354061126709,1257,540,"{""label_flipped"": 0, ""gaussian_cells"": 0, ""outlier_cells"": 3834, ""missing_cells"": 16092, ""n_train"": 1257, ""n_cells"": 80448}",2026-10-05T13:37:50.308021+00:00,bc936294060c9d60cc9127a37c6fda1969abe1f7004c343bee8fc4c265a83362,1.0,1.0.0,True,ok,
stage2-run,official,stage2,digits,decision_tree,1,outliers+missing,2,2,0.7738194103363443,0.7759259259259259,0.015041828155517578,1257,540,"{""label_flipped"": 0, ""gaussian_cells"": 0, ""outlier_cells"": 3834, ""missing_cells"": 16092, ""n_train"": 1257, ""n_cells"": 80448}",2026-10-05T13:37:50.323063+00:00,bc936294060c9d60cc9127a37c6fda1969abe1f7004c343bee8fc4c265a83362,1.0,1.0.0,True,ok,
stage2-run,official,stage2,digits,random_forest,1,outliers+missing,2,2,0.9592347257798725,0.9592592592592593,0.3027153015136719,1257,540,"{""label_flipped"": 0, ""gaussian_cells"": 0, ""outlier_cells"": 3834, ""missing_cells"": 16092, ""n_train"": 1257, ""n_cells"": 80448}",2026-10-05T13:37:50.647358+00:00,bc936294060c9d60cc9127a37c6fda1969abe1f7004c343bee8fc4c265a83362,1.0,1.0.0,True,ok,
stage2-run,official,stage2,digits,logreg,1,outliers+missing,2,3,0.9103523064954832,0.9111111111111111,0.01563262939453125,1257,540,"{""label_flipped"": 0, ""gaussian_cells"": 0, ""outlier_cells"": 7668, ""missing_cells"": 23985, ""n_train"": 1257, ""n_cells"": 80448}",2026-10-05T13:37:50.669195+00:00,bc936294060c9d60cc9127a37c6fda1969abe1f7004c343bee8fc4c265a83362,1.0,1.0.0,True,ok,
stage2-run,official,stage2,digits,svm_rbf,1,outliers+missing,2,3,0.9293077597400267,0.9296296296296296,0.08735418319702148,1257,540,"{""label_flipped"": 0, ""gaussian_cells"": 0, ""outlier_cells"": 7668, ""missing_cells"": 23985, ""n_train"": 1257, ""n_cells"": 80448}",2026-10-05T13:37:50.806676+00:00,bc936294060c9d60cc9127a37c6fda1969abe1f7004c343bee8fc4c265a83362,1.0,1.0.0,True,ok,
stage2-run,official,stage2,digits,decision_tree,1,outliers+missing,2,3,0.7524501091913345,0.7555555555555555,0.017971277236938477,1257,540,"{""label_flipped"": 0, ""gaussian_cells"": 0, ""outlier_cells"": 7668, ""missing_cells"": 23985, ""n_train"": 1257, ""n_cells"": 80448}",2026-10-05T13:37:50.824647+00:00,bc936294060c9d60cc9127a37c6fda1969abe1f7004c343bee8fc4c265a83362,1.0,1.0.0,True,ok,
stage2-run,official,stage2,digits,random_forest,1,outliers+missing,2,3,0.9496355202167228,0.95,0.33287715911865234,1257,540,"{""label_flipped"": 0, ""gaussian_cells"": 0, ""outlier_cells"": 7668, ""missing_cells"": 23985, ""n_train"": 1257, ""n_cells"": 80448}",2026-10-05T13:37:51.182481+00:00,bc936294060c9d60cc9127a37c6fda1969abe1f7004c343bee8fc4c265a83362,1.0,1.0.0,True,ok,
stage2-run,official,stage2,digits,logreg,1,outliers+missing,2,4,0.8893206051801614,0.8907407407407407,0.015740156173706055,1257,540,"{""label_flipped"": 0, ""gaussian_cells"": 0, ""outlier_cells"": 11502, ""missing_cells"": 32187, ""n_train"": 1257, ""n_cells"": 80448}",2026-10-05T13:37:51.202233+00:00,bc936294060c9d60cc9127a37c6fda1969abe1f7004c343bee8fc4c265a83362,1.0,1.0.0,True,ok,
stage2-run,official,stage2,digits,svm_rbf,1,outliers+missing,2,4,0.9142949587742614,0.9148148148148149,0.06255388259887695,1257,540,"{""label_flipped"": 0, ""gaussian_cells"": 0, ""outlier_cells"": 11502, ""missing_cells"": 32187, ""n_train"": 1257, ""n_cells"": 80448}",2026-10-05T13:37:51.334942+00:00,bc936294060c9d60cc9127a37c6fda1969abe1f7004c343bee8fc4c265a83362,1.0,1.0.0,True,ok,
stage2-run,official,stage2,digits,decision_tree,1,outliers+missing,2,4,0.6367359196711863,0.6425925925925926,0.023226499557495117,1257,540,"{""label_flipped"": 0, ""gaussian_cells"": 0, ""outlier_cells"": 11502, ""missing_cells"": 32187, ""n_train"": 1257, ""n_cells"": 80448}",2026-10-05T13:37:51.358169+00:00,bc936294060c9d60cc9127a37c6fda1969abe1f7004c343bee8fc4c265a83362,1.0,1.0.0,True,ok,
stage2-run,official,stage2,digits,random_forest,1,outliers+missing,2,4,0.9359266702128227,0.937037037037037,0.3411390781402588,1257,540,"{""label_flipped"": 0, ""gaussian_cells"": 0, ""outlier_cells"": 11502, ""missing_cells"": 32187, ""n_train"": 1257, ""n_cells"": 80448}",2026-10-05T13:37:51.723934+00:00,bc936294060c9d60cc9127a37c6fda1969abe1f7004c343bee8fc4c265a83362,1.0,1.0.0,True,ok,
stage2-run,official,stage2,digits,logreg,1,outliers+missing,2,5,0.8484996227202155,0.8574074074074074,0.015199422836303711,1257,540,"{""label_flipped"": 0, ""gaussian_cells"": 0, ""outlier_cells"": 15335, ""missing_cells"": 40449, ""n_train"": 1257, ""n_cells"": 80448}",2026-10-05T13:37:51.739637+00:00,bc936294060c9d60cc9127a37c6fda1969abe1f7004c343bee8fc4c265a83362,1.0,1.0.0,True,ok,
stage2-run,official,stage2,digits,svm_rbf,1,outliers+missing,2,5,0.8677970542198539,0.8703703703703703,0.08577728271484375,1257,540,"{""label_flipped"": 0, ""gaussian_cells"": 0, ""outlier_cells"": 15335, ""missing_cells"": 40449, ""n_train"": 1257, ""n_cells"": 80448}",2026-10-05T13:37:51.891269+00:00,bc936294060c9d60cc9127a37c6fda1969abe1f7004c343bee8fc4c265a83362,1.0,1.0.0,True,ok,
stage2-run,official,stage2,digits,decision_tree,1,outliers+missing,2,5,0.6877389224737125,0.7055555555555556,0.0326235294342041,1257,540,"{""label_flipped"": 0, ""gaussian_cells"": 0, ""outlier_cells"": 15335, ""missing_cells"": 40449, ""n_train"": 1257, ""n_cells"": 80448}",2026-10-05T13:37:51.923892+00:00,bc936294060c9d60cc9127a37c6fda1969abe1f7004c343bee8fc4c265a83362,1.0,1.0.0,True,ok,
stage2-run,official,stage2,digits,random_forest,1,outliers+missing,2,5,0.8781707690508898,0.8851851851851852,0.36170363426208496,1257,540,"{""label_flipped"": 0, ""gaussian_cells"": 0, ""outlier_cells"": 15335, ""missing_cells"": 40449, ""n_train"": 1257, ""n_cells"": 80448}",2026-10-05T13:37:52.306321+00:00,bc936294060c9d60cc9127a37c6fda1969abe1f7004c343bee8fc4c265a83362,1.0,1.0.0,True,ok,
stage2-run,official,stage2,digits,logreg,1,label+gaussian+outliers,3,1,0.9371182501419671,0.937037037037037,0.0262753963470459,1257,540,"{""label_flipped"": 63, ""gaussian_cells"": 76677, ""outlier_cells"": 1534, ""missing_cells"": 0, ""n_train"": 1257, ""n_cells"": 80448}",2026-10-05T13:37:52.337974+00:00,bc936294060c9d60cc9127a37c6fda1969abe1f7004c343bee8fc4c265a83362,1.0,1.0.0,True,ok,
stage2-run,official,stage2,digits,svm_rbf,1,label+gaussian+outliers,3,1,0.9702503101029348,0.9703703703703703,0.07155871391296387,1257,540,"{""label_flipped"": 63, ""gaussian_cells"": 76677, ""outlier_cells"": 1534, ""missing_cells"": 0, ""n_train"": 1257, ""n_cells"": 80448}",2026-10-05T13:37:52.448977+00:00,bc936294060c9d60cc9127a37c6fda1969abe1f7004c343bee8fc4c265a83362,1.0,1.0.0,True,ok,
stage2-run,official,stage2,digits,decision_tree,1,label+gaussian+outliers,3,1,0.8026624882739541,0.8037037037037037,0.06394720077514648,1257,540,"{""label_flipped"": 63, ""gaussian_cells"": 76677, ""outlier_cells"": 1534, ""missing_cells"": 0, ""n_train"": 1257, ""n_cells"": 80448}",2026-10-05T13:37:52.520003+00:00,bc936294060c9d60cc9127a37c6fda1969abe1f7004c343bee8fc4c265a83362,1.0,1.0.0,True,ok,
stage2-run,official,stage2,digits,random_forest,1,label+gaussian+outliers,3,1,0.9665112741704563,0.9666666666666667,0.6722080707550049,1257,540,"{""label_flipped"": 63, ""gaussian_cells"": 76677, ""outlier_cells"": 1534, ""missing_cells"": 0, ""n_train"": 1257, ""n_cells"": 80448}",2026-10-05T13:37:53.212475+00:00,bc936294060c9d60cc9127a37c6fda1969abe1f7004c343bee8fc4c265a83362,1.0,1.0.0,True,ok,
stage2-run,official,stage2,digits,logreg,1,label+gaussian+outliers,3,2,0.9220986014824877,0.9222222222222223,0.02730393409729004,1257,540,"{""label_flipped"": 126, ""gaussian_cells"": 76677, ""outlier_cells"": 3834, ""missing_cells"": 0, ""n_train"": 1257, ""n_cells"": 80448}",2026-10-05T13:37:53.239779+00:00,bc936294060c9d60cc9127a37c6fda1969abe1f7004c343bee8fc4c265a83362,1.0,1.0.0,True,ok,
stage2-run,official,stage2,digits,svm_rbf,1,label+gaussian+outliers,3,2,0.9480818708570613,0.9481481481481482,0.06368470191955566,1257,540,"{""label_flipped"": 126, ""gaussian_cells"": 76677, ""outlier_cells"": 3834, ""missing_cells"": 0, ""n_train"": 1257, ""n_cells"": 80448}",2026-10-05T13:37:53.354820+00:00,bc936294060c9d60cc9127a37c6fda1969abe1f7004c343bee8fc4c265a83362,1.0,1.0.0,True,ok,
stage2-run,official,stage2,digits,decision_tree,1,label+gaussian+outliers,3,2,0.7595592882447162,0.7611111111111111,0.06559085845947266,1257,540,"{""label_flipped"": 126, ""gaussian_cells"": 76677, ""outlier_cells"": 3834, ""missing_cells"": 0, ""n_train"": 1257, ""n_cells"": 80448}",2026-10-05T13:37:53.422417+00:00,bc936294060c9d60cc9127a37c6fda1969abe1f7004c343bee8fc4c265a83362,1.0,1.0.0,True,ok,
stage2-run,official,stage2,digits,random_forest,1,label+gaussian+outliers,3,2,0.9608440593803129,0.9611111111111111,0.7145082950592041,1257,540,"{""label_flipped"": 126, ""gaussian_cells"": 76677, ""outlier_cells"": 3834, ""missing_cells"": 0, ""n_train"": 1257, ""n_cells"": 80448}",2026-10-05T13:37:54.150003+00:00,bc936294060c9d60cc9127a37c6fda1969abe1f7004c343bee8fc4c265a83362,1.0,1.0.0,True,ok,
stage2-run,official,stage2,digits,logreg,1,label+gaussian+outliers,3,3,0.8979804003266108,0.8981481481481481,0.01314854621887207,1257,540,"{""label_flipped"": 251, ""gaussian_cells"": 76677, ""outlier_cells"": 7668, ""missing_cells"": 0, ""n_train"": 1257, ""n_cells"": 80448}",2026-10-05T13:37:54.168250+00:00,bc936294060c9d60cc9127a37c6fda1969abe1f7004c343bee8fc4c265a83362,1.0,1.0.0,True,ok,
stage2-run,official,stage2,digits,svm_rbf,1,label+gaussian+outliers,3,3,0.8950949516345827,0.8944444444444445,0.10487604141235352,1257,540,"{""label_flipped"": 251, ""gaussian_cells"": 76677, ""outlier_cells"": 7668, ""missing_cells"": 0, ""n_train"": 1257, ""n_cells"": 80448}",2026-10-05T13:37:54.328768+00:00,bc936294060c9d60cc9127a37c6fda1969abe1f7004c343bee8fc4c265a83362,1.0,1.0.0,True,ok,
stage2-run,official,stage2,digits,decision_tree,1,label+gaussian+outliers,3,3,0.6103553417603635,0.6092592592592593,0.07558178901672363,1257,540,"{""label_flipped"": 251, ""gaussian_cells"": 76677, ""outlier_cells"": 7668, ""missing_cells"": 0, ""n_train"": 1257, ""n_cells"": 80448}",2026-10-05T13:37:54.409320+00:00,bc936294060c9d60cc9127a37c6fda1969abe1f7004c343bee8fc4c265a83362,1.0,1.0.0,True,ok,
stage2-run,official,stage2,digits,random_forest,1,label+gaussian+outliers,3,3,0.914654111164185,0.9148148148148149,0.7255432605743408,1257,540,"{""label_flipped"": 251, ""gaussian_cells"": 76677, ""outlier_cells"": 7668, ""missing_cells"": 0, ""n_train"": 1257, ""n_cells"": 80448}",2026-10-05T13:37:55.158686+00:00,bc936294060c9d60cc9127a37c6fda1969abe1f7004c343bee8fc4c265a83362,1.0,1.0.0,True,ok,
stage2-run,official,stage2,digits,logreg,1,label+gaussian+outliers,3,4,0.8665296803111004,0.8685185185185185,0.012560606002807617,1257,540,"{""label_flipped"": 377, ""gaussian_cells"": 76677, ""outlier_cells"": 11502, ""missing_cells"": 0, ""n_train"": 1257, ""n_cells"": 80448}",2026-10-05T13:37:55.175261+00:00,bc936294060c9d60cc9127a37c6fda1969abe1f7004c343bee8fc4c265a83362,1.0,1.0.0,True,ok,
stage2-run,official,stage2,digits,svm_rbf,1,label+gaussian+outliers,3,4,0.8474759551949329,0.8481481481481481,0.09781503677368164,1257,540,"{""label_flipped"": 377, ""gaussian_cells"": 76677, ""outlier_cells"": 11502, ""missing_cells"": 0, ""n_train"": 1257, ""n_cells"": 80448}",2026-10-05T13:37:55.323029+00:00,bc936294060c9d60cc9127a37c6fda1969abe1f7004c343bee8fc4c265a83362,1.0,1.0.0,True,ok,
stage2-run,official,stage2,digits,decision_tree,1,label+gaussian+outliers,3,4,0.3956026246019756,0.42592592592592593,0.0831902027130127,1257,540,"{""label_flipped"": 377, ""gaussian_cells"": 76677, ""outlier_cells"": 11502, ""missing_cells"": 0, ""n_train"": 1257, ""n_cells"": 80448}",2026-10-05T13:37:55.411415+00:00,bc936294060c9d60cc9127a37c6fda1969abe1f7004c343bee8fc4c265a83362,1.0,1.0.0,True,ok,
stage2-run,official,stage2,digits,random_forest,1,label+gaussian+outliers,3,4,0.7745266962288436,0.7851851851851852,0.7305488586425781,1257,540,"{""label_flipped"": 377, ""gaussian_cells"": 76677, ""outlier_cells"": 11502, ""missing_cells"": 0, ""n_train"": 1257, ""n_cells"": 80448}",2026-10-05T13:37:56.153002+00:00,bc936294060c9d60cc9127a37c6fda1969abe1f7004c343bee8fc4c265a83362,1.0,1.0.0,True,ok,
stage2-run,official,stage2,digits,logreg,1,label+gaussian+outliers,3,5,0.7996741792219476,0.8037037037037037,0.004014015197753906,1257,540,"{""label_flipped"": 503, ""gaussian_cells"": 76677, ""outlier_cells"": 15335, ""missing_cells"": 0, ""n_train"": 1257, ""n_cells"": 80448}",2026-10-05T13:37:56.171748+00:00,bc936294060c9d60cc9127a37c6fda1969abe1f7004c343bee8fc4c265a83362,1.0,1.0.0,True,ok,
stage2-run,official,stage2,digits,svm_rbf,1,label+gaussian+outliers,3,5,0.5585852920059552,0.6037037037037037,0.08129358291625977,1257,540,"{""label_flipped"": 503, ""gaussian_cells"": 76677, ""outlier_cells"": 15335, ""missing_cells"": 0, ""n_train"": 1257, ""n_cells"": 80448}",2026-10-05T13:37:56.304614+00:00,bc936294060c9d60cc9127a37c6fda1969abe1f7004c343bee8fc4c265a83362,1.0,1.0.0,True,ok,
stage2-run,official,stage2,digits,decision_tree,1,label+gaussian+outliers,3,5,0.25643013256227787,0.2740740740740741,0.07021880149841309,1257,540,"{""label_flipped"": 503, ""gaussian_cells"": 76677, ""outlier_cells"": 15335, ""missing_cells"": 0, ""n_train"": 1257, ""n_cells"": 80448}",2026-10-05T13:37:56.374833+00:00,bc936294060c9d60cc9127a37c6fda1969abe1f7004c343bee8fc4c265a83362,1.0,1.0.0,True,ok,
stage2-run,official,stage2,digits,random_forest,1,label+gaussian+outliers,3,5,0.5836612497362343,0.5851851851851851,0.7424290180206299,1257,540,"{""label_flipped"": 503, ""gaussian_cells"": 76677, ""outlier_cells"": 15335, ""missing_cells"": 0, ""n_train"": 1257, ""n_cells"": 80448}",2026-10-05T13:37:57.126103+00:00,bc936294060c9d60cc9127a37c6fda1969abe1f7004c343bee8fc4c265a83362,1.0,1.0.0,True,ok,
stage2-run,official,stage2,digits,logreg,1,label+gaussian+missing,3,1,0.9311571750199719,0.9314814814814815,0.02749943733215332,1257,540,"{""label_flipped"": 63, ""gaussian_cells"": 76677, ""outlier_cells"": 0, ""missing_cells"": 8084, ""n_train"": 1257, ""n_cells"": 80448}",2026-10-05T13:37:57.155608+00:00,bc936294060c9d60cc9127a37c6fda1969abe1f7004c343bee8fc4c265a83362,1.0,1.0.0,True,ok,
stage2-run,official,stage2,digits,svm_rbf,1,label+gaussian+missing,3,1,0.983255759177263,0.9833333333333333,0.03641533851623535,1257,540,"{""label_flipped"": 63, ""gaussian_cells"": 76677, ""outlier_cells"": 0, ""missing_cells"": 8084, ""n_train"": 1257, ""n_cells"": 80448}",2026-10-05T13:37:57.240915+00:00,bc936294060c9d60cc9127a37c6fda1969abe1f7004c343bee8fc4c265a83362,1.0,1.0.0,True,ok,
stage2-run,official,stage2,digits,decision_tree,1,label+gaussian+missing,3,1,0.8160373693671588,0.8166666666666667,0.06200551986694336,1257,540,"{""label_flipped"": 63, ""gaussian_cells"": 76677, ""outlier_cells"": 0, ""missing_cells"": 8084, ""n_train"": 1257, ""n_cells"": 80448}",2026-10-05T13:37:57.302920+00:00,bc936294060c9d60cc9127a37c6fda1969abe1f7004c343bee8fc4c265a83362,1.0,1.0.0,True,ok,
stage2-run,official,stage2,digits,random_forest,1,label+gaussian+missing,3,1,0.947608425198806,0.9481481481481482,0.6560044288635254,1257,540,"{""label_flipped"": 63, ""gaussian_cells"": 76677, ""outlier_cells"": 0, ""missing_cells"": 8084, ""n_train"": 1257, ""n_cells"": 80448}",2026-10-05T13:37:57.994992+00:00,bc936294060c9d60cc9127a37c6fda1969abe1f7004c343bee8fc4c265a83362,1.0,1.0.0,True,ok,
stage2-run,official,stage2,digits,logreg,1,label+gaussian+missing,3,2,0.9419356269560591,0.9425925925925925,0.023113012313842773,1257,540,"{""label_flipped"": 126, ""gaussian_cells"": 76677, ""outlier_cells"": 0, ""missing_cells"": 16092, ""n_train"": 1257, ""n_cells"": 80448}",2026-10-05T13:37:58.020111+00:00,bc936294060c9d60cc9127a37c6fda1969abe1f7004c343bee8fc4c265a83362,1.0,1.0.0,True,ok,
stage2-run,official,stage2,digits,svm_rbf,1,label+gaussian+missing,3,2,0.9662724038183287,0.9666666666666667,0.04285144805908203,1257,540,"{""label_flipped"": 126, ""gaussian_cells"": 76677, ""outlier_cells"": 0, ""missing_cells"": 16092, ""n_train"": 1257, ""n_cells"": 80448}",2026-10-05T13:37:58.131501+00:00,bc936294060c9d60cc9127a37c6fda1969abe1f7004c343bee8fc4c265a83362,1.0,1.0.0,True,ok,
stage2-run,official,stage2,digits,decision_tree,1,label+gaussian+missing,3,2,0.7610626927760926,0.762962962962963,0.07155132293701172,1257,540,"{""label_flipped"": 126, ""gaussian_cells"": 76677, ""outlier_cells"": 0, ""missing_cells"": 16092, ""n_train"": 1257, ""n_cells"": 80448}",2026-10-05T13:37:58.207066+00:00,bc936294060c9d60cc9127a37c6fda1969abe1f7004c343bee8fc4c265a83362,1.0,1.0.0,True,ok,
stage2-run,official,stage2,digits,random_forest,1,label+gaussian+missing,3,2,0.9458835152938491,0.9462962962962963,0.6605384349822998,1257,540,"{""label_flipped"": 126, ""gaussian_cells"": 76677, ""outlier_cells"": 0, ""missing_cells"": 16092, ""n_train"": 1257, ""n_cells"": 80448}",2026-10-05T13:37:58.891390+00:00,bc936294060c9d60cc9127a37c6fda1969abe1f7004c343bee8fc4c265a83362,1.0,1.0.0,True,ok,
stage2-run,official,stage2,digits,logreg,1,label+gaussian+missing,3,3,0.9328408013433724,0.9333333333333333,0.031606197357177734,1257,540,"{""label_flipped"": 251, ""gaussian_cells"": 76677, ""outlier_cells"": 0, ""missing_cells"": 23985, ""n_train"": 1257, ""n_cells"": 80448}",2026-10-05T13:37:58.922996+00:00,bc936294060c9d60cc9127a37c6fda1969abe1f7004c343bee8fc4c265a83362,1.0,1.0.0,True,ok,
stage2-run,official,stage2,digits,svm_rbf,1,label+gaussian+missing,3,3,0.9443707321575314,0.9444444444444444,0.06730508804321289,1257,540,"{""label_flipped"": 251, ""gaussian_cells"": 76677, ""outlier_cells"": 0, ""missing_cells"": 23985, ""n_train"": 1257, ""n_cells"": 80448}",2026-10-05T13:37:59.053783+00:00,bc936294060c9d60cc9127a37c6fda1969abe1f7004c343bee8fc4c265a83362,1.0,1.0.0,True,ok,
stage2-run,official,stage2,digits,decision_tree,1,label+gaussian+missing,3,3,0.5214176599954914,0.5185185185185185,0.06479573249816895,1257,540,"{""label_flipped"": 251, ""gaussian_cells"": 76677, ""outlier_cells"": 0, ""missing_cells"": 23985, ""n_train"": 1257, ""n_cells"": 80448}",2026-10-05T13:37:59.138786+00:00,bc936294060c9d60cc9127a37c6fda1969abe1f7004c343bee8fc4c265a83362,1.0,1.0.0,True,ok,
stage2-run,official,stage2,digits,random_forest,1,label+gaussian+missing,3,3,0.9031920297002148,0.9037037037037037,0.7025063037872314,1257,540,"{""label_flipped"": 251, ""gaussian_cells"": 76677, ""outlier_cells"": 0, ""missing_cells"": 23985, ""n_train"": 1257, ""n_cells"": 80448}",2026-10-05T13:37:59.858933+00:00,bc936294060c9d60cc9127a37c6fda1969abe1f7004c343bee8fc4c265a83362,1.0,1.0.0,True,ok,
stage2-run,official,stage2,digits,logreg,1,label+gaussian+missing,3,4,0.8758289130894636,0.8777777777777778,0.013531923294067383,1257,540,"{""label_flipped"": 377, ""gaussian_cells"": 76677, ""outlier_cells"": 0, ""missing_cells"": 32187, ""n_train"": 1257, ""n_cells"": 80448}",2026-10-05T13:37:59.872465+00:00,bc936294060c9d60cc9127a37c6fda1969abe1f7004c343bee8fc4c265a83362,1.0,1.0.0,True,ok,
stage2-run,official,stage2,digits,svm_rbf,1,label+gaussian+missing,3,4,0.8909838071332477,0.8925925925925926,0.0864715576171875,1257,540,"{""label_flipped"": 377, ""gaussian_cells"": 76677, ""outlier_cells"": 0, ""missing_cells"": 32187, ""n_train"": 1257, ""n_cells"": 80448}",2026-10-05T13:38:00.019753+00:00,bc936294060c9d60cc9127a37c6fda1969abe1f7004c343bee8fc4c265a83362,1.0,1.0.0,True,ok,
stage2-run,official,stage2,digits,decision_tree,1,label+gaussian+missing,3,4,0.3196658640810696,0.3537037037037037,0.06986069679260254,1257,540,"{""label_flipped"": 377, ""gaussian_cells"": 76677, ""outlier_cells"": 0, ""missing_cells"": 32187, ""n_train"": 1257, ""n_cells"": 80448}",2026-10-05T13:38:00.089614+00:00,bc936294060c9d60cc9127a37c6fda1969abe1f7004c343bee8fc4c265a83362,1.0,1.0.0,True,ok,
stage2-run,official,stage2,digits,random_forest,1,label+gaussian+missing,3,4,0.8186250654639988,0.8222222222222222,0.7350718975067139,1257,540,"{""label_flipped"": 377, ""gaussian_cells"": 76677, ""outlier_cells"": 0, ""missing_cells"": 32187, ""n_train"": 1257, ""n_cells"": 80448}",2026-10-05T13:38:00.860047+00:00,bc936294060c9d60cc9127a37c6fda1969abe1f7004c343bee8fc4c265a83362,1.0,1.0.0,True,ok,
stage2-run,official,stage2,digits,logreg,1,label+gaussian+missing,3,5,0.8467641774168934,0.8481481481481481,0.012542963027954102,1257,540,"{""label_flipped"": 503, ""gaussian_cells"": 76677, ""outlier_cells"": 0, ""missing_cells"": 40449, ""n_train"": 1257, ""n_cells"": 80448}",2026-10-05T13:38:00.872590+00:00,bc936294060c9d60cc9127a37c6fda1969abe1f7004c343bee8fc4c265a83362,1.0,1.0.0,True,ok,
stage2-run,official,stage2,digits,svm_rbf,1,label+gaussian+missing,3,5,0.8251360346739054,0.8240740740740741,0.08746123313903809,1257,540,"{""label_flipped"": 503, ""gaussian_cells"": 76677, ""outlier_cells"": 0, ""missing_cells"": 40449, ""n_train"": 1257, ""n_cells"": 80448}",2026-10-05T13:38:01.007014+00:00,bc936294060c9d60cc9127a37c6fda1969abe1f7004c343bee8fc4c265a83362,1.0,1.0.0,True,ok,
stage2-run,official,stage2,digits,decision_tree,1,label+gaussian+missing,3,5,0.14677940436905468,0.15,0.06654810905456543,1257,540,"{""label_flipped"": 503, ""gaussian_cells"": 76677, ""outlier_cells"": 0, ""missing_cells"": 40449, ""n_train"": 1257, ""n_cells"": 80448}",2026-10-05T13:38:01.089591+00:00,bc936294060c9d60cc9127a37c6fda1969abe1f7004c343bee8fc4c265a83362,1.0,1.0.0,True,ok,
stage2-run,official,stage2,digits,random_forest,1,label+gaussian+missing,3,5,0.49354446989981915,0.5111111111111111,0.7147917747497559,1257,540,"{""label_flipped"": 503, ""gaussian_cells"": 76677, ""outlier_cells"": 0, ""missing_cells"": 40449, ""n_train"": 1257, ""n_cells"": 80448}",2026-10-05T13:38:01.836081+00:00,bc936294060c9d60cc9127a37c6fda1969abe1f7004c343bee8fc4c265a83362,1.0,1.0.0,True,ok,
stage2-run,official,stage2,digits,logreg,1,label+outliers+missing,3,1,0.9310846359500301,0.9314814814814815,0.031853675842285156,1257,540,"{""label_flipped"": 63, ""gaussian_cells"": 0, ""outlier_cells"": 1534, ""missing_cells"": 8084, ""n_train"": 1257, ""n_cells"": 80448}",2026-10-05T13:38:01.867935+00:00,bc936294060c9d60cc9127a37c6fda1969abe1f7004c343bee8fc4c265a83362,1.0,1.0.0,True,ok,
stage2-run,official,stage2,digits,svm_rbf,1,label+outliers+missing,3,1,0.9758524852411294,0.975925925925926,0.05552816390991211,1257,540,"{""label_flipped"": 63, ""gaussian_cells"": 0, ""outlier_cells"": 1534, ""missing_cells"": 8084, ""n_train"": 1257, ""n_cells"": 80448}",2026-10-05T13:38:01.961277+00:00,bc936294060c9d60cc9127a37c6fda1969abe1f7004c343bee8fc4c265a83362,1.0,1.0.0,True,ok,
stage2-run,official,stage2,digits,decision_tree,1,label+outliers+missing,3,1,0.8314117235268104,0.8314814814814815,0.016826868057250977,1257,540,"{""label_flipped"": 63, ""gaussian_cells"": 0, ""outlier_cells"": 1534, ""missing_cells"": 8084, ""n_train"": 1257, ""n_cells"": 80448}",2026-10-05T13:38:01.989631+00:00,bc936294060c9d60cc9127a37c6fda1969abe1f7004c343bee8fc4c265a83362,1.0,1.0.0,True,ok,
stage2-run,official,stage2,digits,random_forest,1,label+outliers+missing,3,1,0.9573024270505848,0.9574074074074074,0.29815220832824707,1257,540,"{""label_flipped"": 63, ""gaussian_cells"": 0, ""outlier_cells"": 1534, ""missing_cells"": 8084, ""n_train"": 1257, ""n_cells"": 80448}",2026-10-05T13:38:02.287783+00:00,bc936294060c9d60cc9127a37c6fda1969abe1f7004c343bee8fc4c265a83362,1.0,1.0.0,True,ok,
stage2-run,official,stage2,digits,logreg,1,label+outliers+missing,3,2,0.9154925883310987,0.9166666666666666,0.015676259994506836,1257,540,"{""label_flipped"": 126, ""gaussian_cells"": 0, ""outlier_cells"": 3834, ""missing_cells"": 16092, ""n_train"": 1257, ""n_cells"": 80448}",2026-10-05T13:38:02.319238+00:00,bc936294060c9d60cc9127a37c6fda1969abe1f7004c343bee8fc4c265a83362,1.0,1.0.0,True,ok,
stage2-run,official,stage2,digits,svm_rbf,1,label+outliers+missing,3,2,0.9403964939533122,0.9407407407407408,0.07193160057067871,1257,540,"{""label_flipped"": 126, ""gaussian_cells"": 0, ""outlier_cells"": 3834, ""missing_cells"": 16092, ""n_train"": 1257, ""n_cells"": 80448}",2026-10-05T13:38:02.440146+00:00,bc936294060c9d60cc9127a37c6fda1969abe1f7004c343bee8fc4c265a83362,1.0,1.0.0,True,ok,
stage2-run,official,stage2,digits,decision_tree,1,label+outliers+missing,3,2,0.7146038791076397,0.7166666666666667,0.03204703330993652,1257,540,"{""label_flipped"": 126, ""gaussian_cells"": 0, ""outlier_cells"": 3834, ""missing_cells"": 16092, ""n_train"": 1257, ""n_cells"": 80448}",2026-10-05T13:38:02.472193+00:00,bc936294060c9d60cc9127a37c6fda1969abe1f7004c343bee8fc4c265a83362,1.0,1.0.0,True,ok,
stage2-run,official,stage2,digits,random_forest,1,label+outliers+missing,3,2,0.9553602817715975,0.9555555555555556,0.3316488265991211,1257,540,"{""label_flipped"": 126, ""gaussian_cells"": 0, ""outlier_cells"": 3834, ""missing_cells"": 16092, ""n_train"": 1257, ""n_cells"": 80448}",2026-10-05T13:38:02.803842+00:00,bc936294060c9d60cc9127a37c6fda1969abe1f7004c343bee8fc4c265a83362,1.0,1.0.0,True,ok,
stage2-run,official,stage2,digits,logreg,1,label+outliers+missing,3,3,0.8966801559644061,0.8962962962962963,0.015610456466674805,1257,540,"{""label_flipped"": 251, ""gaussian_cells"": 0, ""outlier_cells"": 7668, ""missing_cells"": 23985, ""n_train"": 1257, ""n_cells"": 80448}",2026-10-05T13:38:02.835240+00:00,bc936294060c9d60cc9127a37c6fda1969abe1f7004c343bee8fc4c265a83362,1.0,1.0.0,True,ok,
stage2-run,official,stage2,digits,svm_rbf,1,label+outliers+missing,3,3,0.9031803628590988,0.9037037037037037,0.06787681579589844,1257,540,"{""label_flipped"": 251, ""gaussian_cells"": 0, ""outlier_cells"": 7668, ""missing_cells"": 23985, ""n_train"": 1257, ""n_cells"": 80448}",2026-10-05T13:38:02.962437+00:00,bc936294060c9d60cc9127a37c6fda1969abe1f7004c343bee8fc4c265a83362,1.0,1.0.0,True,ok,
stage2-run,official,stage2,digits,decision_tree,1,label+outliers+missing,3,3,0.6109072867806786,0.6166666666666667,0.027945518493652344,1257,540,"{""label_flipped"": 251, ""gaussian_cells"": 0, ""outlier_cells"": 7668, ""missing_cells"": 23985, ""n_train"": 1257, ""n_cells"": 80448}",2026-10-05T13:38:03.004239+00:00,bc936294060c9d60cc9127a37c6fda1969abe1f7004c343bee8fc4c265a83362,1.0,1.0.0,True,ok,
stage2-run,official,stage2,digits,random_forest,1,label+outliers+missing,3,3,0.9441520539716469,0.9444444444444444,0.36928772926330566,1257,540,"{""label_flipped"": 251, ""gaussian_cells"": 0, ""outlier_cells"": 7668, ""missing_cells"": 23985, ""n_train"": 1257, ""n_cells"": 80448}",2026-10-05T13:38:03.390846+00:00,bc936294060c9d60cc9127a37c6fda1969abe1f7004c343bee8fc4c265a83362,1.0,1.0.0,True,ok,
stage2-run,official,stage2,digits,logreg,1,label+outliers+missing,3,4,0.8228799070022461,0.8296296296296296,0.016691207885742188,1257,540,"{""label_flipped"": 377, ""gaussian_cells"": 0, ""outlier_cells"": 11502, ""missing_cells"": 32187, ""n_train"": 1257, ""n_cells"": 80448}",2026-10-05T13:38:03.407538+00:00,bc936294060c9d60cc9127a37c6fda1969abe1f7004c343bee8fc4c265a83362,1.0,1.0.0,True,ok,
stage2-run,official,stage2,digits,svm_rbf,1,label+outliers+missing,3,4,0.8626556525778211,0.8648148148148148,0.09757757186889648,1257,540,"{""label_flipped"": 377, ""gaussian_cells"": 0, ""outlier_cells"": 11502, ""missing_cells"": 32187, ""n_train"": 1257, ""n_cells"": 80448}",2026-10-05T13:38:03.562986+00:00,bc936294060c9d60cc9127a37c6fda1969abe1f7004c343bee8fc4c265a83362,1.0,1.0.0,True,ok,
stage2-run,official,stage2,digits,decision_tree,1,label+outliers+missing,3,4,0.4479421175682175,0.4537037037037037,0.02662062644958496,1257,540,"{""label_flipped"": 377, ""gaussian_cells"": 0, ""outlier_cells"": 11502, ""missing_cells"": 32187, ""n_train"": 1257, ""n_cells"": 80448}",2026-10-05T13:38:03.589607+00:00,bc936294060c9d60cc9127a37c6fda1969abe1f7004c343bee8fc4c265a83362,1.0,1.0.0,True,ok,
stage2-run,official,stage2,digits,random_forest,1,label+outliers+missing,3,4,0.8803339434601399,0.8851851851851852,0.387087345123291,1257,540,"{""label_flipped"": 377, ""gaussian_cells"": 0, ""outlier_cells"": 11502, ""missing_cells"": 32187, ""n_train"": 1257, ""n_cells"": 80448}",2026-10-05T13:38:03.994568+00:00,bc936294060c9d60cc9127a37c6fda1969abe1f7004c343bee8fc4c265a83362,1.0,1.0.0,True,ok,
stage2-run,official,stage2,digits,logreg,1,label+outliers+missing,3,5,0.8011386581135275,0.8092592592592592,0.006391286849975586,1257,540,"{""label_flipped"": 503, ""gaussian_cells"": 0, ""outlier_cells"": 15335, ""missing_cells"": 40449, ""n_train"": 1257, ""n_cells"": 80448}",2026-10-05T13:38:04.006979+00:00,bc936294060c9d60cc9127a37c6fda1969abe1f7004c343bee8fc4c265a83362,1.0,1.0.0,True,ok,
stage2-run,official,stage2,digits,svm_rbf,1,label+outliers+missing,3,5,0.7476880931812484,0.7611111111111111,0.1001901626586914,1257,540,"{""label_flipped"": 503, ""gaussian_cells"": 0, ""outlier_cells"": 15335, ""missing_cells"": 40449, ""n_train"": 1257, ""n_cells"": 80448}",2026-10-05T13:38:04.166144+00:00,bc936294060c9d60cc9127a37c6fda1969abe1f7004c343bee8fc4c265a83362,1.0,1.0.0,True,ok,
stage2-run,official,stage2,digits,decision_tree,1,label+outliers+missing,3,5,0.31187349560403954,0.31851851851851853,0.031809091567993164,1257,540,"{""label_flipped"": 503, ""gaussian_cells"": 0, ""outlier_cells"": 15335, ""missing_cells"": 40449, ""n_train"": 1257, ""n_cells"": 80448}",2026-10-05T13:38:04.206875+00:00,bc936294060c9d60cc9127a37c6fda1969abe1f7004c343bee8fc4c265a83362,1.0,1.0.0,True,ok,
stage2-run,official,stage2,digits,random_forest,1,label+outliers+missing,3,5,0.8305728033172889,0.8351851851851851,0.41108274459838867,1257,540,"{""label_flipped"": 503, ""gaussian_cells"": 0, ""outlier_cells"": 15335, ""missing_cells"": 40449, ""n_train"": 1257, ""n_cells"": 80448}",2026-10-05T13:38:04.622454+00:00,bc936294060c9d60cc9127a37c6fda1969abe1f7004c343bee8fc4c265a83362,1.0,1.0.0,True,ok,
stage2-run,official,stage2,digits,logreg,1,gaussian+outliers+missing,3,1,0.9444990134293058,0.9444444444444444,0.03164839744567871,1257,540,"{""label_flipped"": 0, ""gaussian_cells"": 76677, ""outlier_cells"": 1534, ""missing_cells"": 8084, ""n_train"": 1257, ""n_cells"": 80448}",2026-10-05T13:38:04.669842+00:00,bc936294060c9d60cc9127a37c6fda1969abe1f7004c343bee8fc4c265a83362,1.0,1.0.0,True,ok,
stage2-run,official,stage2,digits,svm_rbf,1,gaussian+outliers+missing,3,1,0.9758223088855956,0.975925925925926,0.07088732719421387,1257,540,"{""label_flipped"": 0, ""gaussian_cells"": 76677, ""outlier_cells"": 1534, ""missing_cells"": 8084, ""n_train"": 1257, ""n_cells"": 80448}",2026-10-05T13:38:04.785829+00:00,bc936294060c9d60cc9127a37c6fda1969abe1f7004c343bee8fc4c265a83362,1.0,1.0.0,True,ok,
stage2-run,official,stage2,digits,decision_tree,1,gaussian+outliers+missing,3,1,0.8228546921978234,0.825925925925926,0.07743430137634277,1257,540,"{""label_flipped"": 0, ""gaussian_cells"": 76677, ""outlier_cells"": 1534, ""missing_cells"": 8084, ""n_train"": 1257, ""n_cells"": 80448}",2026-10-05T13:38:04.869286+00:00,bc936294060c9d60cc9127a37c6fda1969abe1f7004c343bee8fc4c265a83362,1.0,1.0.0,True,ok,
stage2-run,official,stage2,digits,random_forest,1,gaussian+outliers+missing,3,1,0.9531391004505598,0.9537037037037037,0.7420661449432373,1257,540,"{""label_flipped"": 0, ""gaussian_cells"": 76677, ""outlier_cells"": 1534, ""missing_cells"": 8084, ""n_train"": 1257, ""n_cells"": 80448}",2026-10-05T13:38:05.625776+00:00,bc936294060c9d60cc9127a37c6fda1969abe1f7004c343bee8fc4c265a83362,1.0,1.0.0,True,ok,
stage2-run,official,stage2,digits,logreg,1,gaussian+outliers+missing,3,2,0.9407952388762734,0.9407407407407408,0.028031110763549805,1257,540,"{""label_flipped"": 0, ""gaussian_cells"": 76677, ""outlier_cells"": 3834, ""missing_cells"": 16092, ""n_train"": 1257, ""n_cells"": 80448}",2026-10-05T13:38:05.662136+00:00,bc936294060c9d60cc9127a37c6fda1969abe1f7004c343bee8fc4c265a83362,1.0,1.0.0,True,ok,
stage2-run,official,stage2,digits,svm_rbf,1,gaussian+outliers+missing,3,2,0.9608066605051265,0.9611111111111111,0.05755329132080078,1257,540,"{""label_flipped"": 0, ""gaussian_cells"": 76677, ""outlier_cells"": 3834, ""missing_cells"": 16092, ""n_train"": 1257, ""n_cells"": 80448}",2026-10-05T13:38:05.771632+00:00,bc936294060c9d60cc9127a37c6fda1969abe1f7004c343bee8fc4c265a83362,1.0,1.0.0,True,ok,
stage2-run,official,stage2,digits,decision_tree,1,gaussian+outliers+missing,3,2,0.7350200657128154,0.737037037037037,0.06785225868225098,1257,540,"{""label_flipped"": 0, ""gaussian_cells"": 76677, ""outlier_cells"": 3834, ""missing_cells"": 16092, ""n_train"": 1257, ""n_cells"": 80448}",2026-10-05T13:38:05.864802+00:00,bc936294060c9d60cc9127a37c6fda1969abe1f7004c343bee8fc4c265a83362,1.0,1.0.0,True,ok,
stage2-run,official,stage2,digits,random_forest,1,gaussian+outliers+missing,3,2,0.9365270633830208,0.937037037037037,0.6349136829376221,1257,540,"{""label_flipped"": 0, ""gaussian_cells"": 76677, ""outlier_cells"": 3834, ""missing_cells"": 16092, ""n_train"": 1257, ""n_cells"": 80448}",2026-10-05T13:38:06.505236+00:00,bc936294060c9d60cc9127a37c6fda1969abe1f7004c343bee8fc4c265a83362,1.0,1.0.0,True,ok,
stage2-run,official,stage2,digits,logreg,1,gaussian+outliers+missing,3,3,0.900702243625271,0.9018518518518519,0.029897212982177734,1257,540,"{""label_flipped"": 0, ""gaussian_cells"": 76677, ""outlier_cells"": 7668, ""missing_cells"": 23985, ""n_train"": 1257, ""n_cells"": 80448}",2026-10-05T13:38:06.535133+00:00,bc936294060c9d60cc9127a37c6fda1969abe1f7004c343bee8fc4c265a83362,1.0,1.0.0,True,ok,
stage2-run,official,stage2,digits,svm_rbf,1,gaussian+outliers+missing,3,3,0.9237153350388645,0.924074074074074,0.0892786979675293,1257,540,"{""label_flipped"": 0, ""gaussian_cells"": 76677, ""outlier_cells"": 7668, ""missing_cells"": 23985, ""n_train"": 1257, ""n_cells"": 80448}",2026-10-05T13:38:06.672687+00:00,bc936294060c9d60cc9127a37c6fda1969abe1f7004c343bee8fc4c265a83362,1.0,1.0.0,True,ok,
stage2-run,official,stage2,digits,decision_tree,1,gaussian+outliers+missing,3,3,0.6112970209908043,0.6148148148148148,0.06785702705383301,1257,540,"{""label_flipped"": 0, ""gaussian_cells"": 76677, ""outlier_cells"": 7668, ""missing_cells"": 23985, ""n_train"": 1257, ""n_cells"": 80448}",2026-10-05T13:38:06.740544+00:00,bc936294060c9d60cc9127a37c6fda1969abe1f7004c343bee8fc4c265a83362,1.0,1.0.0,True,ok,
stage2-run,official,stage2,digits,random_forest,1,gaussian+outliers+missing,3,3,0.9214038773388461,0.9222222222222223,0.6161003112792969,1257,540,"{""label_flipped"": 0, ""gaussian_cells"": 76677, ""outlier_cells"": 7668, ""missing_cells"": 23985, ""n_train"": 1257, ""n_cells"": 80448}",2026-10-05T13:38:07.372416+00:00,bc936294060c9d60cc9127a37c6fda1969abe1f7004c343bee8fc4c265a83362,1.0,1.0.0,True,ok,
stage2-run,official,stage2,digits,logreg,1,gaussian+outliers+missing,3,4,0.8974696751801565,0.8981481481481481,0.01345062255859375,1257,540,"{""label_flipped"": 0, ""gaussian_cells"": 76677, ""outlier_cells"": 11502, ""missing_cells"": 32187, ""n_train"": 1257, ""n_cells"": 80448}",2026-10-05T13:38:07.390970+00:00,bc936294060c9d60cc9127a37c6fda1969abe1f7004c343bee8fc4c265a83362,1.0,1.0.0,True,ok,
stage2-run,official,stage2,digits,svm_rbf,1,gaussian+outliers+missing,3,4,0.8679733351283556,0.8685185185185185,0.09433484077453613,1257,540,"{""label_flipped"": 0, ""gaussian_cells"": 76677, ""outlier_cells"": 11502, ""missing_cells"": 32187, ""n_train"": 1257, ""n_cells"": 80448}",2026-10-05T13:38:07.542424+00:00,bc936294060c9d60cc9127a37c6fda1969abe1f7004c343bee8fc4c265a83362,1.0,1.0.0,True,ok,
stage2-run,official,stage2,digits,decision_tree,1,gaussian+outliers+missing,3,4,0.34923408553056756,0.35185185185185186,0.0605931282043457,1257,540,"{""label_flipped"": 0, ""gaussian_cells"": 76677, ""outlier_cells"": 11502, ""missing_cells"": 32187, ""n_train"": 1257, ""n_cells"": 80448}",2026-10-05T13:38:07.605025+00:00,bc936294060c9d60cc9127a37c6fda1969abe1f7004c343bee8fc4c265a83362,1.0,1.0.0,True,ok,
stage2-run,official,stage2,digits,random_forest,1,gaussian+outliers+missing,3,4,0.855450839278275,0.8574074074074074,0.5958640575408936,1257,540,"{""label_flipped"": 0, ""gaussian_cells"": 76677, ""outlier_cells"": 11502, ""missing_cells"": 32187, ""n_train"": 1257, ""n_cells"": 80448}",2026-10-05T13:38:08.216676+00:00,bc936294060c9d60cc9127a37c6fda1969abe1f7004c343bee8fc4c265a83362,1.0,1.0.0,True,ok,
stage2-run,official,stage2,digits,logreg,1,gaussian+outliers+missing,3,5,0.8043663111586321,0.8222222222222222,0.012004375457763672,1257,540,"{""label_flipped"": 0, ""gaussian_cells"": 76677, ""outlier_cells"": 15335, ""missing_cells"": 40449, ""n_train"": 1257, ""n_cells"": 80448}",2026-10-05T13:38:08.232829+00:00,bc936294060c9d60cc9127a37c6fda1969abe1f7004c343bee8fc4c265a83362,1.0,1.0.0,True,ok,
stage2-run,official,stage2,digits,svm_rbf,1,gaussian+outliers+missing,3,5,0.8324082136404597,0.8333333333333334,0.08328795433044434,1257,540,"{""label_flipped"": 0, ""gaussian_cells"": 76677, ""outlier_cells"": 15335, ""missing_cells"": 40449, ""n_train"": 1257, ""n_cells"": 80448}",2026-10-05T13:38:08.370565+00:00,bc936294060c9d60cc9127a37c6fda1969abe1f7004c343bee8fc4c265a83362,1.0,1.0.0,True,ok,
stage2-run,official,stage2,digits,decision_tree,1,gaussian+outliers+missing,3,5,0.22602586546806008,0.22962962962962963,0.046834707260131836,1257,540,"{""label_flipped"": 0, ""gaussian_cells"": 76677, ""outlier_cells"": 15335, ""missing_cells"": 40449, ""n_train"": 1257, ""n_cells"": 80448}",2026-10-05T13:38:08.453941+00:00,bc936294060c9d60cc9127a37c6fda1969abe1f7004c343bee8fc4c265a83362,1.0,1.0.0,True,ok,
stage2-run,official,stage2,digits,random_forest,1,gaussian+outliers+missing,3,5,0.6842828678546757,0.7111111111111111,0.589423656463623,1257,540,"{""label_flipped"": 0, ""gaussian_cells"": 76677, ""outlier_cells"": 15335, ""missing_cells"": 40449, ""n_train"": 1257, ""n_cells"": 80448}",2026-10-05T13:38:09.058289+00:00,bc936294060c9d60cc9127a37c6fda1969abe1f7004c343bee8fc4c265a83362,1.0,1.0.0,True,ok,
stage2-run,official,stage2,digits,logreg,1,label+gaussian+outliers+missing,4,1,0.9329527385034984,0.9333333333333333,0.024761199951171875,1257,540,"{""label_flipped"": 63, ""gaussian_cells"": 76677, ""outlier_cells"": 1534, ""missing_cells"": 8084, ""n_train"": 1257, ""n_cells"": 80448}",2026-10-05T13:38:09.089151+00:00,bc936294060c9d60cc9127a37c6fda1969abe1f7004c343bee8fc4c265a83362,1.0,1.0.0,True,ok,
stage2-run,official,stage2,digits,svm_rbf,1,label+gaussian+outliers+missing,4,1,0.9721035688766811,0.9722222222222222,0.06727480888366699,1257,540,"{""label_flipped"": 63, ""gaussian_cells"": 76677, ""outlier_cells"": 1534, ""missing_cells"": 8084, ""n_train"": 1257, ""n_cells"": 80448}",2026-10-05T13:38:09.200567+00:00,bc936294060c9d60cc9127a37c6fda1969abe1f7004c343bee8fc4c265a83362,1.0,1.0.0,True,ok,
stage2-run,official,stage2,digits,decision_tree,1,label+gaussian+outliers+missing,4,1,0.8069066610555048,0.8055555555555556,0.0724632740020752,1257,540,"{""label_flipped"": 63, ""gaussian_cells"": 76677, ""outlier_cells"": 1534, ""missing_cells"": 8084, ""n_train"": 1257, ""n_cells"": 80448}",2026-10-05T13:38:09.279050+00:00,bc936294060c9d60cc9127a37c6fda1969abe1f7004c343bee8fc4c265a83362,1.0,1.0.0,True,ok,
stage2-run,official,stage2,digits,random_forest,1,label+gaussian+outliers+missing,4,1,0.9567525572656175,0.9574074074074074,0.6711719036102295,1257,540,"{""label_flipped"": 63, ""gaussian_cells"": 76677, ""outlier_cells"": 1534, ""missing_cells"": 8084, ""n_train"": 1257, ""n_cells"": 80448}",2026-10-05T13:38:09.954236+00:00,bc936294060c9d60cc9127a37c6fda1969abe1f7004c343bee8fc4c265a83362,1.0,1.0.0,True,ok,
stage2-run,official,stage2,digits,logreg,1,label+gaussian+outliers+missing,4,2,0.919368532886198,0.9203703703703704,0.018648147583007812,1257,540,"{""label_flipped"": 126, ""gaussian_cells"": 76677, ""outlier_cells"": 3834, ""missing_cells"": 16092, ""n_train"": 1257, ""n_cells"": 80448}",2026-10-05T13:38:09.989475+00:00,bc936294060c9d60cc9127a37c6fda1969abe1f7004c343bee8fc4c265a83362,1.0,1.0.0,True,ok,
stage2-run,official,stage2,digits,svm_rbf,1,label+gaussian+outliers+missing,4,2,0.9384867651304821,0.9388888888888889,0.07906150817871094,1257,540,"{""label_flipped"": 126, ""gaussian_cells"": 76677, ""outlier_cells"": 3834, ""missing_cells"": 16092, ""n_train"": 1257, ""n_cells"": 80448}",2026-10-05T13:38:10.120685+00:00,bc936294060c9d60cc9127a37c6fda1969abe1f7004c343bee8fc4c265a83362,1.0,1.0.0,True,ok,
stage2-run,official,stage2,digits,decision_tree,1,label+gaussian+outliers+missing,4,2,0.6902019039206537,0.6962962962962963,0.05335569381713867,1257,540,"{""label_flipped"": 126, ""gaussian_cells"": 76677, ""outlier_cells"": 3834, ""missing_cells"": 16092, ""n_train"": 1257, ""n_cells"": 80448}",2026-10-05T13:38:10.191073+00:00,bc936294060c9d60cc9127a37c6fda1969abe1f7004c343bee8fc4c265a83362,1.0,1.0.0,True,ok,
stage2-run,official,stage2,digits,random_forest,1,label+gaussian+outliers+missing,4,2,0.9372220167682273,0.937037037037037,0.7167015075683594,1257,540,"{""label_flipped"": 126, ""gaussian_cells"": 76677, ""outlier_cells"": 3834, ""missing_cells"": 16092, ""n_train"": 1257, ""n_cells"": 80448}",2026-10-05T13:38:10.922290+00:00,bc936294060c9d60cc9127a37c6fda1969abe1f7004c343bee8fc4c265a83362,1.0,1.0.0,True,ok,
stage2-run,official,stage2,digits,logreg,1,label+gaussian+outliers+missing,4,3,0.8918326564575066,0.8925925925925926,0.006543397903442383,1257,540,"{""label_flipped"": 251, ""gaussian_cells"": 76677, ""outlier_cells"": 7668, ""missing_cells"": 23985, ""n_train"": 1257, ""n_cells"": 80448}",2026-10-05T13:38:10.939093+00:00,bc936294060c9d60cc9127a37c6fda1969abe1f7004c343bee8fc4c265a83362,1.0,1.0.0,True,ok,
stage2-run,official,stage2,digits,svm_rbf,1,label+gaussian+outliers+missing,4,3,0.8999899210362605,0.9,0.0672311782836914,1257,540,"{""label_flipped"": 251, ""gaussian_cells"": 76677, ""outlier_cells"": 7668, ""missing_cells"": 23985, ""n_train"": 1257, ""n_cells"": 80448}",2026-10-05T13:38:11.074849+00:00,bc936294060c9d60cc9127a37c6fda1969abe1f7004c343bee8fc4c265a83362,1.0,1.0.0,True,ok,
stage2-run,official,stage2,digits,decision_tree,1,label+gaussian+outliers+missing,4,3,0.39139880057792903,0.40555555555555556,0.06308245658874512,1257,540,"{""label_flipped"": 251, ""gaussian_cells"": 76677, ""outlier_cells"": 7668, ""missing_cells"": 23985, ""n_train"": 1257, ""n_cells"": 80448}",2026-10-05T13:38:11.153892+00:00,bc936294060c9d60cc9127a37c6fda1969abe1f7004c343bee8fc4c265a83362,1.0,1.0.0,True,ok,
stage2-run,official,stage2,digits,random_forest,1,label+gaussian+outliers+missing,4,3,0.8717120337660983,0.8722222222222222,0.6507894992828369,1257,540,"{""label_flipped"": 251, ""gaussian_cells"": 76677, ""outlier_cells"": 7668, ""missing_cells"": 23985, ""n_train"": 1257, ""n_cells"": 80448}",2026-10-05T13:38:11.804681+00:00,bc936294060c9d60cc9127a37c6fda1969abe1f7004c343bee8fc4c265a83362,1.0,1.0.0,True,ok,
stage2-run,official,stage2,digits,logreg,1,label+gaussian+outliers+missing,4,4,0.8232381312282939,0.8277777777777777,0.0,1257,540,"{""label_flipped"": 377, ""gaussian_cells"": 76677, ""outlier_cells"": 11502, ""missing_cells"": 32187, ""n_train"": 1257, ""n_cells"": 80448}",2026-10-05T13:38:11.836014+00:00,bc936294060c9d60cc9127a37c6fda1969abe1f7004c343bee8fc4c265a83362,1.0,1.0.0,True,ok,
stage2-run,official,stage2,digits,svm_rbf,1,label+gaussian+outliers+missing,4,4,0.7795929728052406,0.7870370370370371,0.08656096458435059,1257,540,"{""label_flipped"": 377, ""gaussian_cells"": 76677, ""outlier_cells"": 11502, ""missing_cells"": 32187, ""n_train"": 1257, ""n_cells"": 80448}",2026-10-05T13:38:11.973065+00:00,bc936294060c9d60cc9127a37c6fda1969abe1f7004c343bee8fc4c265a83362,1.0,1.0.0,True,ok,
stage2-run,official,stage2,digits,decision_tree,1,label+gaussian+outliers+missing,4,4,0.2043143488973611,0.20925925925925926,0.06510424613952637,1257,540,"{""label_flipped"": 377, ""gaussian_cells"": 76677, ""outlier_cells"": 11502, ""missing_cells"": 32187, ""n_train"": 1257, ""n_cells"": 80448}",2026-10-05T13:38:12.039195+00:00,bc936294060c9d60cc9127a37c6fda1969abe1f7004c343bee8fc4c265a83362,1.0,1.0.0,True,ok,
stage2-run,official,stage2,digits,random_forest,1,label+gaussian+outliers+missing,4,4,0.708733803682666,0.7222222222222222,0.6356964111328125,1257,540,"{""label_flipped"": 377, ""gaussian_cells"": 76677, ""outlier_cells"": 11502, ""missing_cells"": 32187, ""n_train"": 1257, ""n_cells"": 80448}",2026-10-05T13:38:12.674891+00:00,bc936294060c9d60cc9127a37c6fda1969abe1f7004c343bee8fc4c265a83362,1.0,1.0.0,True,ok,
stage2-run,official,stage2,digits,logreg,1,label+gaussian+outliers+missing,4,5,0.6984090898909698,0.7166666666666667,0.0,1257,540,"{""label_flipped"": 503, ""gaussian_cells"": 76677, ""outlier_cells"": 15335, ""missing_cells"": 40449, ""n_train"": 1257, ""n_cells"": 80448}",2026-10-05T13:38:12.704291+00:00,bc936294060c9d60cc9127a37c6fda1969abe1f7004c343bee8fc4c265a83362,1.0,1.0.0,True,ok,
stage2-run,official,stage2,digits,svm_rbf,1,label+gaussian+outliers+missing,4,5,0.6096401755058377,0.6129629629629629,0.07076263427734375,1257,540,"{""label_flipped"": 503, ""gaussian_cells"": 76677, ""outlier_cells"": 15335, ""missing_cells"": 40449, ""n_train"": 1257, ""n_cells"": 80448}",2026-10-05T13:38:12.836798+00:00,bc936294060c9d60cc9127a37c6fda1969abe1f7004c343bee8fc4c265a83362,1.0,1.0.0,True,ok,
stage2-run,official,stage2,digits,decision_tree,1,label+gaussian+outliers+missing,4,5,0.21492119223617615,0.22407407407407406,0.05414628982543945,1257,540,"{""label_flipped"": 503, ""gaussian_cells"": 76677, ""outlier_cells"": 15335, ""missing_cells"": 40449, ""n_train"": 1257, ""n_cells"": 80448}",2026-10-05T13:38:12.890944+00:00,bc936294060c9d60cc9127a37c6fda1969abe1f7004c343bee8fc4c265a83362,1.0,1.0.0,True,ok,
stage2-run,official,stage2,digits,random_forest,1,label+gaussian+outliers+missing,4,5,0.36843195285103025,0.40555555555555556,0.6269686222076416,1257,540,"{""label_flipped"": 503, ""gaussian_cells"": 76677, ""outlier_cells"": 15335, ""missing_cells"": 40449, ""n_train"": 1257, ""n_cells"": 80448}",2026-10-05T13:38:13.550622+00:00,bc936294060c9d60cc9127a37c6fda1969abe1f7004c343bee8fc4c265a83362,1.0,1.0.0,True,ok,
stage2-run,official,stage2,digits,logreg,2,clean,0,0,0.9558338369571704,0.9555555555555556,0.018182039260864258,1257,540,{},2026-10-05T13:38:13.575399+00:00,bc936294060c9d60cc9127a37c6fda1969abe1f7004c343bee8fc4c265a83362,1.0,1.0.0,True,ok,
stage2-run,official,stage2,digits,svm_rbf,2,clean,0,0,0.973917722162502,0.9740740740740741,0.02905130386352539,1257,540,{},2026-10-05T13:38:13.639111+00:00,bc936294060c9d60cc9127a37c6fda1969abe1f7004c343bee8fc4c265a83362,1.0,1.0.0,True,ok,
stage2-run,official,stage2,digits,decision_tree,2,clean,0,0,0.8395539067758531,0.8407407407407408,0.015797853469848633,1257,540,{},2026-10-05T13:38:13.654909+00:00,bc936294060c9d60cc9127a37c6fda1969abe1f7004c343bee8fc4c265a83362,1.0,1.0.0,True,ok,
stage2-run,official,stage2,digits,random_forest,2,clean,0,0,0.968282419262076,0.9685185185185186,0.2359011173248291,1257,540,{},2026-10-05T13:38:13.890810+00:00,bc936294060c9d60cc9127a37c6fda1969abe1f7004c343bee8fc4c265a83362,1.0,1.0.0,True,ok,
stage2-run,official,stage2,digits,logreg,2,label,1,1,0.9124609277049105,0.912962962962963,0.041534423828125,1257,540,"{""label_flipped"": 63, ""gaussian_cells"": 0, ""outlier_cells"": 0, ""missing_cells"": 0, ""n_train"": 1257, ""n_cells"": 80448}",2026-10-05T13:38:13.932344+00:00,bc936294060c9d60cc9127a37c6fda1969abe1f7004c343bee8fc4c265a83362,1.0,1.0.0,True,ok,
stage2-run,official,stage2,digits,svm_rbf,2,label,1,1,0.9721607768092968,0.9722222222222222,0.03812670707702637,1257,540,"{""label_flipped"": 63, ""gaussian_cells"": 0, ""outlier_cells"": 0, ""missing_cells"": 0, ""n_train"": 1257, ""n_cells"": 80448}",2026-10-05T13:38:13.987132+00:00,bc936294060c9d60cc9127a37c6fda1969abe1f7004c343bee8fc4c265a83362,1.0,1.0.0,True,ok,
stage2-run,official,stage2,digits,decision_tree,2,label,1,1,0.8244388654818422,0.8240740740740741,0.020846128463745117,1257,540,"{""label_flipped"": 63, ""gaussian_cells"": 0, ""outlier_cells"": 0, ""missing_cells"": 0, ""n_train"": 1257, ""n_cells"": 80448}",2026-10-05T13:38:14.023024+00:00,bc936294060c9d60cc9127a37c6fda1969abe1f7004c343bee8fc4c265a83362,1.0,1.0.0,True,ok,
stage2-run,official,stage2,digits,random_forest,2,label,1,1,0.9662842586181494,0.9666666666666667,0.253084659576416,1257,540,"{""label_flipped"": 63, ""gaussian_cells"": 0, ""outlier_cells"": 0, ""missing_cells"": 0, ""n_train"": 1257, ""n_cells"": 80448}",2026-10-05T13:38:14.287460+00:00,bc936294060c9d60cc9127a37c6fda1969abe1f7004c343bee8fc4c265a83362,1.0,1.0.0,True,ok,
stage2-run,official,stage2,digits,logreg,2,label,1,2,0.908722198737182,0.9092592592592592,0.031412363052368164,1257,540,"{""label_flipped"": 126, ""gaussian_cells"": 0, ""outlier_cells"": 0, ""missing_cells"": 0, ""n_train"": 1257, ""n_cells"": 80448}",2026-10-05T13:38:14.318873+00:00,bc936294060c9d60cc9127a37c6fda1969abe1f7004c343bee8fc4c265a83362,1.0,1.0.0,True,ok,
stage2-run,official,stage2,digits,svm_rbf,2,label,1,2,0.9720345877271923,0.9722222222222222,0.04711437225341797,1257,540,"{""label_flipped"": 126, ""gaussian_cells"": 0, ""outlier_cells"": 0, ""missing_cells"": 0, ""n_train"": 1257, ""n_cells"": 80448}",2026-10-05T13:38:14.390559+00:00,bc936294060c9d60cc9127a37c6fda1969abe1f7004c343bee8fc4c265a83362,1.0,1.0.0,True,ok,
stage2-run,official,stage2,digits,decision_tree,2,label,1,2,0.7313207202398343,0.7296296296296296,0.0315852165222168,1257,540,"{""label_flipped"": 126, ""gaussian_cells"": 0, ""outlier_cells"": 0, ""missing_cells"": 0, ""n_train"": 1257, ""n_cells"": 80448}",2026-10-05T13:38:14.422144+00:00,bc936294060c9d60cc9127a37c6fda1969abe1f7004c343bee8fc4c265a83362,1.0,1.0.0,True,ok,
stage2-run,official,stage2,digits,random_forest,2,label,1,2,0.9645540919412523,0.9648148148148148,0.26816320419311523,1257,540,"{""label_flipped"": 126, ""gaussian_cells"": 0, ""outlier_cells"": 0, ""missing_cells"": 0, ""n_train"": 1257, ""n_cells"": 80448}",2026-10-05T13:38:14.705278+00:00,bc936294060c9d60cc9127a37c6fda1969abe1f7004c343bee8fc4c265a83362,1.0,1.0.0,True,ok,
stage2-run,official,stage2,digits,logreg,2,label,1,3,0.8894531784058554,0.8907407407407407,0.03413534164428711,1257,540,"{""label_flipped"": 251, ""gaussian_cells"": 0, ""outlier_cells"": 0, ""missing_cells"": 0, ""n_train"": 1257, ""n_cells"": 80448}",2026-10-05T13:38:14.740203+00:00,bc936294060c9d60cc9127a37c6fda1969abe1f7004c343bee8fc4c265a83362,1.0,1.0.0,True,ok,
stage2-run,official,stage2,digits,svm_rbf,2,label,1,3,0.9701453862334501,0.9703703703703703,0.06607341766357422,1257,540,"{""label_flipped"": 251, ""gaussian_cells"": 0, ""outlier_cells"": 0, ""missing_cells"": 0, ""n_train"": 1257, ""n_cells"": 80448}",2026-10-05T13:38:14.837933+00:00,bc936294060c9d60cc9127a37c6fda1969abe1f7004c343bee8fc4c265a83362,1.0,1.0.0,True,ok,
stage2-run,official,stage2,digits,decision_tree,2,label,1,3,0.6768483847568674,0.6796296296296296,0.011754512786865234,1257,540,"{""label_flipped"": 251, ""gaussian_cells"": 0, ""outlier_cells"": 0, ""missing_cells"": 0, ""n_train"": 1257, ""n_cells"": 80448}",2026-10-05T13:38:14.877129+00:00,bc936294060c9d60cc9127a37c6fda1969abe1f7004c343bee8fc4c265a83362,1.0,1.0.0,True,ok,
stage2-run,official,stage2,digits,random_forest,2,label,1,3,0.9606724160072639,0.9611111111111111,0.30774903297424316,1257,540,"{""label_flipped"": 251, ""gaussian_cells"": 0, ""outlier_cells"": 0, ""missing_cells"": 0, ""n_train"": 1257, ""n_cells"": 80448}",2026-10-05T13:38:15.184879+00:00,bc936294060c9d60cc9127a37c6fda1969abe1f7004c343bee8fc4c265a83362,1.0,1.0.0,True,ok,
stage2-run,official,stage2,digits,logreg,2,label,1,4,0.8770400899970907,0.8777777777777778,0.023064851760864258,1257,540,"{""label_flipped"": 377, ""gaussian_cells"": 0, ""outlier_cells"": 0, ""missing_cells"": 0, ""n_train"": 1257, ""n_cells"": 80448}",2026-10-05T13:38:15.239617+00:00,bc936294060c9d60cc9127a37c6fda1969abe1f7004c343bee8fc4c265a83362,1.0,1.0.0,True,ok,
stage2-run,official,stage2,digits,svm_rbf,2,label,1,4,0.9534676872156579,0.9537037037037037,0.04755067825317383,1257,540,"{""label_flipped"": 377, ""gaussian_cells"": 0, ""outlier_cells"": 0, ""missing_cells"": 0, ""n_train"": 1257, ""n_cells"": 80448}",2026-10-05T13:38:15.335464+00:00,bc936294060c9d60cc9127a37c6fda1969abe1f7004c343bee8fc4c265a83362,1.0,1.0.0,True,ok,
stage2-run,official,stage2,digits,decision_tree,2,label,1,4,0.560416285633488,0.562962962962963,0.015771150588989258,1257,540,"{""label_flipped"": 377, ""gaussian_cells"": 0, ""outlier_cells"": 0, ""missing_cells"": 0, ""n_train"": 1257, ""n_cells"": 80448}",2026-10-05T13:38:15.366940+00:00,bc936294060c9d60cc9127a37c6fda1969abe1f7004c343bee8fc4c265a83362,1.0,1.0.0,True,ok,
stage2-run,official,stage2,digits,random_forest,2,label,1,4,0.9402102768186266,0.9407407407407408,0.310823917388916,1257,540,"{""label_flipped"": 377, ""gaussian_cells"": 0, ""outlier_cells"": 0, ""missing_cells"": 0, ""n_train"": 1257, ""n_cells"": 80448}",2026-10-05T13:38:15.688785+00:00,bc936294060c9d60cc9127a37c6fda1969abe1f7004c343bee8fc4c265a83362,1.0,1.0.0,True,ok,
stage2-run,official,stage2,digits,logreg,2,label,1,5,0.8278639759090056,0.8277777777777777,0.03507518768310547,1257,540,"{""label_flipped"": 503, ""gaussian_cells"": 0, ""outlier_cells"": 0, ""missing_cells"": 0, ""n_train"": 1257, ""n_cells"": 80448}",2026-10-05T13:38:15.740359+00:00,bc936294060c9d60cc9127a37c6fda1969abe1f7004c343bee8fc4c265a83362,1.0,1.0.0,True,ok,
stage2-run,official,stage2,digits,svm_rbf,2,label,1,5,0.955347823362519,0.9555555555555556,0.06337785720825195,1257,540,"{""label_flipped"": 503, ""gaussian_cells"": 0, ""outlier_cells"": 0, ""missing_cells"": 0, ""n_train"": 1257, ""n_cells"": 80448}",2026-10-05T13:38:15.850751+00:00,bc936294060c9d60cc9127a37c6fda1969abe1f7004c343bee8fc4c265a83362,1.0,1.0.0,True,ok,
stage2-run,official,stage2,digits,decision_tree,2,label,1,5,0.4925692269184358,0.4925925925925926,0.031577348709106445,1257,540,"{""label_flipped"": 503, ""gaussian_cells"": 0, ""outlier_cells"": 0, ""missing_cells"": 0, ""n_train"": 1257, ""n_cells"": 80448}",2026-10-05T13:38:15.882329+00:00,bc936294060c9d60cc9127a37c6fda1969abe1f7004c343bee8fc4c265a83362,1.0,1.0.0,True,ok,
stage2-run,official,stage2,digits,random_forest,2,label,1,5,0.9271479220224306,0.9277777777777778,0.32422518730163574,1257,540,"{""label_flipped"": 503, ""gaussian_cells"": 0, ""outlier_cells"": 0, ""missing_cells"": 0, ""n_train"": 1257, ""n_cells"": 80448}",2026-10-05T13:38:16.206554+00:00,bc936294060c9d60cc9127a37c6fda1969abe1f7004c343bee8fc4c265a83362,1.0,1.0.0,True,ok,
stage2-run,official,stage2,digits,logreg,2,gaussian,1,1,0.9556568581503285,0.9555555555555556,0.03408408164978027,1257,540,"{""label_flipped"": 0, ""gaussian_cells"": 75420, ""outlier_cells"": 0, ""missing_cells"": 0, ""n_train"": 1257, ""n_cells"": 80448}",2026-10-05T13:38:16.240638+00:00,bc936294060c9d60cc9127a37c6fda1969abe1f7004c343bee8fc4c265a83362,1.0,1.0.0,True,ok,
stage2-run,official,stage2,digits,svm_rbf,2,gaussian,1,1,0.9684182392247808,0.9685185185185186,0.03783297538757324,1257,540,"{""label_flipped"": 0, ""gaussian_cells"": 75420, ""outlier_cells"": 0, ""missing_cells"": 0, ""n_train"": 1257, ""n_cells"": 80448}",2026-10-05T13:38:16.304792+00:00,bc936294060c9d60cc9127a37c6fda1969abe1f7004c343bee8fc4c265a83362,1.0,1.0.0,True,ok,
stage2-run,official,stage2,digits,decision_tree,2,gaussian,1,1,0.821536899147621,0.8240740740740741,0.06332015991210938,1257,540,"{""label_flipped"": 0, ""gaussian_cells"": 75420, ""outlier_cells"": 0, ""missing_cells"": 0, ""n_train"": 1257, ""n_cells"": 80448}",2026-10-05T13:38:16.368112+00:00,bc936294060c9d60cc9127a37c6fda1969abe1f7004c343bee8fc4c265a83362,1.0,1.0.0,True,ok,
stage2-run,official,stage2,digits,random_forest,2,gaussian,1,1,0.9663298930796158,0.9666666666666667,0.6068501472473145,1257,540,"{""label_flipped"": 0, ""gaussian_cells"": 75420, ""outlier_cells"": 0, ""missing_cells"": 0, ""n_train"": 1257, ""n_cells"": 80448}",2026-10-05T13:38:17.001293+00:00,bc936294060c9d60cc9127a37c6fda1969abe1f7004c343bee8fc4c265a83362,1.0,1.0.0,True,ok,
stage2-run,official,stage2,digits,logreg,2,gaussian,1,2,0.95678318404232,0.9574074074074074,0.02229595184326172,1257,540,"{""label_flipped"": 0, ""gaussian_cells"": 75420, ""outlier_cells"": 0, ""missing_cells"": 0, ""n_train"": 1257, ""n_cells"": 80448}",2026-10-05T13:38:17.023588+00:00,bc936294060c9d60cc9127a37c6fda1969abe1f7004c343bee8fc4c265a83362,1.0,1.0.0,True,ok,
stage2-run,official,stage2,digits,svm_rbf,2,gaussian,1,2,0.9644119260581017,0.9648148148148148,0.05674910545349121,1257,540,"{""label_flipped"": 0, ""gaussian_cells"": 75420, ""outlier_cells"": 0, ""missing_cells"": 0, ""n_train"": 1257, ""n_cells"": 80448}",2026-10-05T13:38:17.104654+00:00,bc936294060c9d60cc9127a37c6fda1969abe1f7004c343bee8fc4c265a83362,1.0,1.0.0,True,ok,
stage2-run,official,stage2,digits,decision_tree,2,gaussian,1,2,0.8341145778461913,0.8351851851851851,0.06310057640075684,1257,540,"{""label_flipped"": 0, ""gaussian_cells"": 75420, ""outlier_cells"": 0, ""missing_cells"": 0, ""n_train"": 1257, ""n_cells"": 80448}",2026-10-05T13:38:17.183462+00:00,bc936294060c9d60cc9127a37c6fda1969abe1f7004c343bee8fc4c265a83362,1.0,1.0.0,True,ok,
stage2-run,official,stage2,digits,random_forest,2,gaussian,1,2,0.9609351430993398,0.9611111111111111,0.6357860565185547,1257,540,"{""label_flipped"": 0, ""gaussian_cells"": 75420, ""outlier_cells"": 0, ""missing_cells"": 0, ""n_train"": 1257, ""n_cells"": 80448}",2026-10-05T13:38:17.835025+00:00,bc936294060c9d60cc9127a37c6fda1969abe1f7004c343bee8fc4c265a83362,1.0,1.0.0,True,ok,
stage2-run,official,stage2,digits,logreg,2,gaussian,1,3,0.9381125402614128,0.9388888888888889,0.02164936065673828,1257,540,"{""label_flipped"": 0, ""gaussian_cells"": 75420, ""outlier_cells"": 0, ""missing_cells"": 0, ""n_train"": 1257, ""n_cells"": 80448}",2026-10-05T13:38:17.856674+00:00,bc936294060c9d60cc9127a37c6fda1969abe1f7004c343bee8fc4c265a83362,1.0,1.0.0,True,ok,
stage2-run,official,stage2,digits,svm_rbf,2,gaussian,1,3,0.94353579808049,0.9444444444444444,0.049759626388549805,1257,540,"{""label_flipped"": 0, ""gaussian_cells"": 75420, ""outlier_cells"": 0, ""missing_cells"": 0, ""n_train"": 1257, ""n_cells"": 80448}",2026-10-05T13:38:17.969474+00:00,bc936294060c9d60cc9127a37c6fda1969abe1f7004c343bee8fc4c265a83362,1.0,1.0.0,True,ok,
stage2-run,official,stage2,digits,decision_tree,2,gaussian,1,3,0.6970113648148646,0.7,0.07013773918151855,1257,540,"{""label_flipped"": 0, ""gaussian_cells"": 75420, ""outlier_cells"": 0, ""missing_cells"": 0, ""n_train"": 1257, ""n_cells"": 80448}",2026-10-05T13:38:18.039612+00:00,bc936294060c9d60cc9127a37c6fda1969abe1f7004c343bee8fc4c265a83362,1.0,1.0.0,True,ok,
stage2-run,official,stage2,digits,random_forest,2,gaussian,1,3,0.940275596441197,0.9407407407407408,0.715686559677124,1257,540,"{""label_flipped"": 0, ""gaussian_cells"": 75420, ""outlier_cells"": 0, ""missing_cells"": 0, ""n_train"": 1257, ""n_cells"": 80448}",2026-10-05T13:38:18.755298+00:00,bc936294060c9d60cc9127a37c6fda1969abe1f7004c343bee8fc4c265a83362,1.0,1.0.0,True,ok,
stage2-run,official,stage2,digits,logreg,2,gaussian,1,4,0.9191669109524494,0.9185185185185185,0.022148847579956055,1257,540,"{""label_flipped"": 0, ""gaussian_cells"": 75420, ""outlier_cells"": 0, ""missing_cells"": 0, ""n_train"": 1257, ""n_cells"": 80448}",2026-10-05T13:38:18.793200+00:00,bc936294060c9d60cc9127a37c6fda1969abe1f7004c343bee8fc4c265a83362,1.0,1.0.0,True,ok,
stage2-run,official,stage2,digits,svm_rbf,2,gaussian,1,4,0.9156973174878619,0.9148148148148149,0.07338643074035645,1257,540,"{""label_flipped"": 0, ""gaussian_cells"": 75420, ""outlier_cells"": 0, ""missing_cells"": 0, ""n_train"": 1257, ""n_cells"": 80448}",2026-10-05T13:38:18.923478+00:00,bc936294060c9d60cc9127a37c6fda1969abe1f7004c343bee8fc4c265a83362,1.0,1.0.0,True,ok,
stage2-run,official,stage2,digits,decision_tree,2,gaussian,1,4,0.6074357891748928,0.6148148148148148,0.07142210006713867,1257,540,"{""label_flipped"": 0, ""gaussian_cells"": 75420, ""outlier_cells"": 0, ""missing_cells"": 0, ""n_train"": 1257, ""n_cells"": 80448}",2026-10-05T13:38:19.003972+00:00,bc936294060c9d60cc9127a37c6fda1969abe1f7004c343bee8fc4c265a83362,1.0,1.0.0,True,ok,
stage2-run,official,stage2,digits,random_forest,2,gaussian,1,4,0.9016047978989885,0.9018518518518519,0.7516117095947266,1257,540,"{""label_flipped"": 0, ""gaussian_cells"": 75420, ""outlier_cells"": 0, ""missing_cells"": 0, ""n_train"": 1257, ""n_cells"": 80448}",2026-10-05T13:38:19.755584+00:00,bc936294060c9d60cc9127a37c6fda1969abe1f7004c343bee8fc4c265a83362,1.0,1.0.0,True,ok,
stage2-run,official,stage2,digits,logreg,2,gaussian,1,5,0.9073444439465049,0.9074074074074074,0.016089916229248047,1257,540,"{""label_flipped"": 0, ""gaussian_cells"": 75420, ""outlier_cells"": 0, ""missing_cells"": 0, ""n_train"": 1257, ""n_cells"": 80448}",2026-10-05T13:38:19.793027+00:00,bc936294060c9d60cc9127a37c6fda1969abe1f7004c343bee8fc4c265a83362,1.0,1.0.0,True,ok,
stage2-run,official,stage2,digits,svm_rbf,2,gaussian,1,5,0.8843041206562507,0.8851851851851852,0.09031414985656738,1257,540,"{""label_flipped"": 0, ""gaussian_cells"": 75420, ""outlier_cells"": 0, ""missing_cells"": 0, ""n_train"": 1257, ""n_cells"": 80448}",2026-10-05T13:38:19.932366+00:00,bc936294060c9d60cc9127a37c6fda1969abe1f7004c343bee8fc4c265a83362,1.0,1.0.0,True,ok,
stage2-run,official,stage2,digits,decision_tree,2,gaussian,1,5,0.4619174769903072,0.47962962962962963,0.08874011039733887,1257,540,"{""label_flipped"": 0, ""gaussian_cells"": 75420, ""outlier_cells"": 0, ""missing_cells"": 0, ""n_train"": 1257, ""n_cells"": 80448}",2026-10-05T13:38:20.023332+00:00,bc936294060c9d60cc9127a37c6fda1969abe1f7004c343bee8fc4c265a83362,1.0,1.0.0,True,ok,
stage2-run,official,stage2,digits,random_forest,2,gaussian,1,5,0.8425837891068806,0.8444444444444444,0.7994122505187988,1257,540,"{""label_flipped"": 0, ""gaussian_cells"": 75420, ""outlier_cells"": 0, ""missing_cells"": 0, ""n_train"": 1257, ""n_cells"": 80448}",2026-10-05T13:38:20.838761+00:00,bc936294060c9d60cc9127a37c6fda1969abe1f7004c343bee8fc4c265a83362,1.0,1.0.0,True,ok,
stage2-run,official,stage2,digits,logreg,2,outliers,1,1,0.9461759642907571,0.9462962962962963,0.03137946128845215,1257,540,"{""label_flipped"": 0, ""gaussian_cells"": 0, ""outlier_cells"": 1508, ""missing_cells"": 0, ""n_train"": 1257, ""n_cells"": 80448}",2026-10-05T13:38:20.870141+00:00,bc936294060c9d60cc9127a37c6fda1969abe1f7004c343bee8fc4c265a83362,1.0,1.0.0,True,ok,
stage2-run,official,stage2,digits,svm_rbf,2,outliers,1,1,0.957473860149662,0.9574074074074074,0.052002906799316406,1257,540,"{""label_flipped"": 0, ""gaussian_cells"": 0, ""outlier_cells"": 1508, ""missing_cells"": 0, ""n_train"": 1257, ""n_cells"": 80448}",2026-10-05T13:38:20.954580+00:00,bc936294060c9d60cc9127a37c6fda1969abe1f7004c343bee8fc4c265a83362,1.0,1.0.0,True,ok,
stage2-run,official,stage2,digits,decision_tree,2,outliers,1,1,0.8647823091271031,0.8648148148148148,0.015115499496459961,1257,540,"{""label_flipped"": 0, ""gaussian_cells"": 0, ""outlier_cells"": 1508, ""missing_cells"": 0, ""n_train"": 1257, ""n_cells"": 80448}",2026-10-05T13:38:20.969695+00:00,bc936294060c9d60cc9127a37c6fda1969abe1f7004c343bee8fc4c265a83362,1.0,1.0.0,True,ok,
stage2-run,official,stage2,digits,random_forest,2,outliers,1,1,0.9682056498244315,0.9685185185185186,0.2387561798095703,1257,540,"{""label_flipped"": 0, ""gaussian_cells"": 0, ""outlier_cells"": 1508, ""missing_cells"": 0, ""n_train"": 1257, ""n_cells"": 80448}",2026-10-05T13:38:21.223636+00:00,bc936294060c9d60cc9127a37c6fda1969abe1f7004c343bee8fc4c265a83362,1.0,1.0.0,True,ok,
stage2-run,official,stage2,digits,logreg,2,outliers,1,2,0.931399118272201,0.9314814814814815,0.03191208839416504,1257,540,"{""label_flipped"": 0, ""gaussian_cells"": 0, ""outlier_cells"": 3771, ""missing_cells"": 0, ""n_train"": 1257, ""n_cells"": 80448}",2026-10-05T13:38:21.255548+00:00,bc936294060c9d60cc9127a37c6fda1969abe1f7004c343bee8fc4c265a83362,1.0,1.0.0,True,ok,
stage2-run,official,stage2,digits,svm_rbf,2,outliers,1,2,0.9420830539496642,0.9425925925925925,0.06334614753723145,1257,540,"{""label_flipped"": 0, ""gaussian_cells"": 0, ""outlier_cells"": 3771, ""missing_cells"": 0, ""n_train"": 1257, ""n_cells"": 80448}",2026-10-05T13:38:21.371509+00:00,bc936294060c9d60cc9127a37c6fda1969abe1f7004c343bee8fc4c265a83362,1.0,1.0.0,True,ok,
stage2-run,official,stage2,digits,decision_tree,2,outliers,1,2,0.8360371702599936,0.837037037037037,0.018822908401489258,1257,540,"{""label_flipped"": 0, ""gaussian_cells"": 0, ""outlier_cells"": 3771, ""missing_cells"": 0, ""n_train"": 1257, ""n_cells"": 80448}",2026-10-05T13:38:21.390332+00:00,bc936294060c9d60cc9127a37c6fda1969abe1f7004c343bee8fc4c265a83362,1.0,1.0.0,True,ok,
stage2-run,official,stage2,digits,random_forest,2,outliers,1,2,0.9628355139552784,0.9629629629629629,0.24910497665405273,1257,540,"{""label_flipped"": 0, ""gaussian_cells"": 0, ""outlier_cells"": 3771, ""missing_cells"": 0, ""n_train"": 1257, ""n_cells"": 80448}",2026-10-05T13:38:21.655373+00:00,bc936294060c9d60cc9127a37c6fda1969abe1f7004c343bee8fc4c265a83362,1.0,1.0.0,True,ok,
stage2-run,official,stage2,digits,logreg,2,outliers,1,3,0.909668142568924,0.9092592592592592,0.01576066017150879,1257,540,"{""label_flipped"": 0, ""gaussian_cells"": 0, ""outlier_cells"": 7542, ""missing_cells"": 0, ""n_train"": 1257, ""n_cells"": 80448}",2026-10-05T13:38:21.671134+00:00,bc936294060c9d60cc9127a37c6fda1969abe1f7004c343bee8fc4c265a83362,1.0,1.0.0,True,ok,
stage2-run,official,stage2,digits,svm_rbf,2,outliers,1,3,0.9182515427540567,0.9185185185185185,0.06890702247619629,1257,540,"{""label_flipped"": 0, ""gaussian_cells"": 0, ""outlier_cells"": 7542, ""missing_cells"": 0, ""n_train"": 1257, ""n_cells"": 80448}",2026-10-05T13:38:21.793267+00:00,bc936294060c9d60cc9127a37c6fda1969abe1f7004c343bee8fc4c265a83362,1.0,1.0.0,True,ok,
stage2-run,official,stage2,digits,decision_tree,2,outliers,1,3,0.7997819497327796,0.8018518518518518,0.010179758071899414,1257,540,"{""label_flipped"": 0, ""gaussian_cells"": 0, ""outlier_cells"": 7542, ""missing_cells"": 0, ""n_train"": 1257, ""n_cells"": 80448}",2026-10-05T13:38:21.818479+00:00,bc936294060c9d60cc9127a37c6fda1969abe1f7004c343bee8fc4c265a83362,1.0,1.0.0,True,ok,
stage2-run,official,stage2,digits,random_forest,2,outliers,1,3,0.9570830631272196,0.9574074074074074,0.27144622802734375,1257,540,"{""label_flipped"": 0, ""gaussian_cells"": 0, ""outlier_cells"": 7542, ""missing_cells"": 0, ""n_train"": 1257, ""n_cells"": 80448}",2026-10-05T13:38:22.089925+00:00,bc936294060c9d60cc9127a37c6fda1969abe1f7004c343bee8fc4c265a83362,1.0,1.0.0,True,ok,
stage2-run,official,stage2,digits,logreg,2,outliers,1,4,0.9052782702343218,0.9055555555555556,0.0017156600952148438,1257,540,"{""label_flipped"": 0, ""gaussian_cells"": 0, ""outlier_cells"": 11313, ""missing_cells"": 0, ""n_train"": 1257, ""n_cells"": 80448}",2026-10-05T13:38:22.121893+00:00,bc936294060c9d60cc9127a37c6fda1969abe1f7004c343bee8fc4c265a83362,1.0,1.0.0,True,ok,
stage2-run,official,stage2,digits,svm_rbf,2,outliers,1,4,0.8859021949250941,0.8851851851851852,0.07930755615234375,1257,540,"{""label_flipped"": 0, ""gaussian_cells"": 0, ""outlier_cells"": 11313, ""missing_cells"": 0, ""n_train"": 1257, ""n_cells"": 80448}",2026-10-05T13:38:22.255366+00:00,bc936294060c9d60cc9127a37c6fda1969abe1f7004c343bee8fc4c265a83362,1.0,1.0.0,True,ok,
stage2-run,official,stage2,digits,decision_tree,2,outliers,1,4,0.810166463242614,0.8111111111111111,0.015769243240356445,1257,540,"{""label_flipped"": 0, ""gaussian_cells"": 0, ""outlier_cells"": 11313, ""missing_cells"": 0, ""n_train"": 1257, ""n_cells"": 80448}",2026-10-05T13:38:22.271135+00:00,bc936294060c9d60cc9127a37c6fda1969abe1f7004c343bee8fc4c265a83362,1.0,1.0.0,True,ok,
stage2-run,official,stage2,digits,random_forest,2,outliers,1,4,0.9534695918649254,0.9537037037037037,0.2702634334564209,1257,540,"{""label_flipped"": 0, ""gaussian_cells"": 0, ""outlier_cells"": 11313, ""missing_cells"": 0, ""n_train"": 1257, ""n_cells"": 80448}",2026-10-05T13:38:22.557147+00:00,bc936294060c9d60cc9127a37c6fda1969abe1f7004c343bee8fc4c265a83362,1.0,1.0.0,True,ok,
stage2-run,official,stage2,digits,logreg,2,outliers,1,5,0.8903652212987465,0.8907407407407407,0.015182256698608398,1257,540,"{""label_flipped"": 0, ""gaussian_cells"": 0, ""outlier_cells"": 15084, ""missing_cells"": 0, ""n_train"": 1257, ""n_cells"": 80448}",2026-10-05T13:38:22.588411+00:00,bc936294060c9d60cc9127a37c6fda1969abe1f7004c343bee8fc4c265a83362,1.0,1.0.0,True,ok,
stage2-run,official,stage2,digits,svm_rbf,2,outliers,1,5,0.8573268260334933,0.8518518518518519,0.08262753486633301,1257,540,"{""label_flipped"": 0, ""gaussian_cells"": 0, ""outlier_cells"": 15084, ""missing_cells"": 0, ""n_train"": 1257, ""n_cells"": 80448}",2026-10-05T13:38:22.723469+00:00,bc936294060c9d60cc9127a37c6fda1969abe1f7004c343bee8fc4c265a83362,1.0,1.0.0,True,ok,
stage2-run,official,stage2,digits,decision_tree,2,outliers,1,5,0.7996393769119318,0.8018518518518518,0.016726255416870117,1257,540,"{""label_flipped"": 0, ""gaussian_cells"": 0, ""outlier_cells"": 15084, ""missing_cells"": 0, ""n_train"": 1257, ""n_cells"": 80448}",2026-10-05T13:38:22.740195+00:00,bc936294060c9d60cc9127a37c6fda1969abe1f7004c343bee8fc4c265a83362,1.0,1.0.0,True,ok,
stage2-run,official,stage2,digits,random_forest,2,outliers,1,5,0.9439620321444613,0.9444444444444444,0.2998011112213135,1257,540,"{""label_flipped"": 0, ""gaussian_cells"": 0, ""outlier_cells"": 15084, ""missing_cells"": 0, ""n_train"": 1257, ""n_cells"": 80448}",2026-10-05T13:38:23.039996+00:00,bc936294060c9d60cc9127a37c6fda1969abe1f7004c343bee8fc4c265a83362,1.0,1.0.0,True,ok,
stage2-run,official,stage2,digits,logreg,2,missing,1,1,0.949973608441411,0.95,0.01653313636779785,1257,540,"{""label_flipped"": 0, ""gaussian_cells"": 0, ""outlier_cells"": 0, ""missing_cells"": 7806, ""n_train"": 1257, ""n_cells"": 80448}",2026-10-05T13:38:23.073413+00:00,bc936294060c9d60cc9127a37c6fda1969abe1f7004c343bee8fc4c265a83362,1.0,1.0.0,True,ok,
stage2-run,official,stage2,digits,svm_rbf,2,missing,1,1,0.9702468565919131,0.9703703703703703,0.03112006187438965,1257,540,"{""label_flipped"": 0, ""gaussian_cells"": 0, ""outlier_cells"": 0, ""missing_cells"": 7806, ""n_train"": 1257, ""n_cells"": 80448}",2026-10-05T13:38:23.139350+00:00,bc936294060c9d60cc9127a37c6fda1969abe1f7004c343bee8fc4c265a83362,1.0,1.0.0,True,ok,
stage2-run,official,stage2,digits,decision_tree,2,missing,1,1,0.8586611226714383,0.8592592592592593,0.0333251953125,1257,540,"{""label_flipped"": 0, ""gaussian_cells"": 0, ""outlier_cells"": 0, ""missing_cells"": 7806, ""n_train"": 1257, ""n_cells"": 80448}",2026-10-05T13:38:23.172676+00:00,bc936294060c9d60cc9127a37c6fda1969abe1f7004c343bee8fc4c265a83362,1.0,1.0.0,True,ok,
stage2-run,official,stage2,digits,random_forest,2,missing,1,1,0.9587578563943724,0.9592592592592593,0.26688456535339355,1257,540,"{""label_flipped"": 0, ""gaussian_cells"": 0, ""outlier_cells"": 0, ""missing_cells"": 7806, ""n_train"": 1257, ""n_cells"": 80448}",2026-10-05T13:38:23.455559+00:00,bc936294060c9d60cc9127a37c6fda1969abe1f7004c343bee8fc4c265a83362,1.0,1.0.0,True,ok,
stage2-run,official,stage2,digits,logreg,2,missing,1,2,0.9420768325840034,0.9425925925925925,0.03390169143676758,1257,540,"{""label_flipped"": 0, ""gaussian_cells"": 0, ""outlier_cells"": 0, ""missing_cells"": 16133, ""n_train"": 1257, ""n_cells"": 80448}",2026-10-05T13:38:23.489460+00:00,bc936294060c9d60cc9127a37c6fda1969abe1f7004c343bee8fc4c265a83362,1.0,1.0.0,True,ok,
stage2-run,official,stage2,digits,svm_rbf,2,missing,1,2,0.9551134318732964,0.9555555555555556,0.03274035453796387,1257,540,"{""label_flipped"": 0, ""gaussian_cells"": 0, ""outlier_cells"": 0, ""missing_cells"": 16133, ""n_train"": 1257, ""n_cells"": 80448}",2026-10-05T13:38:23.557777+00:00,bc936294060c9d60cc9127a37c6fda1969abe1f7004c343bee8fc4c265a83362,1.0,1.0.0,True,ok,
stage2-run,official,stage2,digits,decision_tree,2,missing,1,2,0.8027197327174231,0.8037037037037037,0.03153657913208008,1257,540,"{""label_flipped"": 0, ""gaussian_cells"": 0, ""outlier_cells"": 0, ""missing_cells"": 16133, ""n_train"": 1257, ""n_cells"": 80448}",2026-10-05T13:38:23.589313+00:00,bc936294060c9d60cc9127a37c6fda1969abe1f7004c343bee8fc4c265a83362,1.0,1.0.0,True,ok,
stage2-run,official,stage2,digits,random_forest,2,missing,1,2,0.9437918870129348,0.9444444444444444,0.299457311630249,1257,540,"{""label_flipped"": 0, ""gaussian_cells"": 0, ""outlier_cells"": 0, ""missing_cells"": 16133, ""n_train"": 1257, ""n_cells"": 80448}",2026-10-05T13:38:23.890004+00:00,bc936294060c9d60cc9127a37c6fda1969abe1f7004c343bee8fc4c265a83362,1.0,1.0.0,True,ok,
stage2-run,official,stage2,digits,logreg,2,missing,1,3,0.9495454084091566,0.95,0.03203129768371582,1257,540,"{""label_flipped"": 0, ""gaussian_cells"": 0, ""outlier_cells"": 0, ""missing_cells"": 24194, ""n_train"": 1257, ""n_cells"": 80448}",2026-10-05T13:38:23.922035+00:00,bc936294060c9d60cc9127a37c6fda1969abe1f7004c343bee8fc4c265a83362,1.0,1.0.0,True,ok,
stage2-run,official,stage2,digits,svm_rbf,2,missing,1,3,0.9476482116482261,0.9481481481481482,0.04989790916442871,1257,540,"{""label_flipped"": 0, ""gaussian_cells"": 0, ""outlier_cells"": 0, ""missing_cells"": 24194, ""n_train"": 1257, ""n_cells"": 80448}",2026-10-05T13:38:24.006006+00:00,bc936294060c9d60cc9127a37c6fda1969abe1f7004c343bee8fc4c265a83362,1.0,1.0.0,True,ok,
stage2-run,official,stage2,digits,decision_tree,2,missing,1,3,0.7723035715288378,0.7759259259259259,0.016139507293701172,1257,540,"{""label_flipped"": 0, ""gaussian_cells"": 0, ""outlier_cells"": 0, ""missing_cells"": 24194, ""n_train"": 1257, ""n_cells"": 80448}",2026-10-05T13:38:24.037953+00:00,bc936294060c9d60cc9127a37c6fda1969abe1f7004c343bee8fc4c265a83362,1.0,1.0.0,True,ok,
stage2-run,official,stage2,digits,random_forest,2,missing,1,3,0.938400725792271,0.9388888888888889,0.30139851570129395,1257,540,"{""label_flipped"": 0, ""gaussian_cells"": 0, ""outlier_cells"": 0, ""missing_cells"": 24194, ""n_train"": 1257, ""n_cells"": 80448}",2026-10-05T13:38:24.355557+00:00,bc936294060c9d60cc9127a37c6fda1969abe1f7004c343bee8fc4c265a83362,1.0,1.0.0,True,ok,
stage2-run,official,stage2,digits,logreg,2,missing,1,4,0.943792764519731,0.9444444444444444,0.03449273109436035,1257,540,"{""label_flipped"": 0, ""gaussian_cells"": 0, ""outlier_cells"": 0, ""missing_cells"": 32084, ""n_train"": 1257, ""n_cells"": 80448}",2026-10-05T13:38:24.390050+00:00,bc936294060c9d60cc9127a37c6fda1969abe1f7004c343bee8fc4c265a83362,1.0,1.0.0,True,ok,
stage2-run,official,stage2,digits,svm_rbf,2,missing,1,4,0.940475876520763,0.9407407407407408,0.047152042388916016,1257,540,"{""label_flipped"": 0, ""gaussian_cells"": 0, ""outlier_cells"": 0, ""missing_cells"": 32084, ""n_train"": 1257, ""n_cells"": 80448}",2026-10-05T13:38:24.472596+00:00,bc936294060c9d60cc9127a37c6fda1969abe1f7004c343bee8fc4c265a83362,1.0,1.0.0,True,ok,
stage2-run,official,stage2,digits,decision_tree,2,missing,1,4,0.7237053438537069,0.7222222222222222,0.032140493392944336,1257,540,"{""label_flipped"": 0, ""gaussian_cells"": 0, ""outlier_cells"": 0, ""missing_cells"": 32084, ""n_train"": 1257, ""n_cells"": 80448}",2026-10-05T13:38:24.504737+00:00,bc936294060c9d60cc9127a37c6fda1969abe1f7004c343bee8fc4c265a83362,1.0,1.0.0,True,ok,
stage2-run,official,stage2,digits,random_forest,2,missing,1,4,0.9347518538094451,0.9351851851851852,0.3013124465942383,1257,540,"{""label_flipped"": 0, ""gaussian_cells"": 0, ""outlier_cells"": 0, ""missing_cells"": 32084, ""n_train"": 1257, ""n_cells"": 80448}",2026-10-05T13:38:24.822092+00:00,bc936294060c9d60cc9127a37c6fda1969abe1f7004c343bee8fc4c265a83362,1.0,1.0.0,True,ok,
stage2-run,official,stage2,digits,logreg,2,missing,1,5,0.9396878044997674,0.9407407407407408,0.03204917907714844,1257,540,"{""label_flipped"": 0, ""gaussian_cells"": 0, ""outlier_cells"": 0, ""missing_cells"": 39987, ""n_train"": 1257, ""n_cells"": 80448}",2026-10-05T13:38:24.854142+00:00,bc936294060c9d60cc9127a37c6fda1969abe1f7004c343bee8fc4c265a83362,1.0,1.0.0,True,ok,
stage2-run,official,stage2,digits,svm_rbf,2,missing,1,5,0.923528021627391,0.924074074074074,0.053954362869262695,1257,540,"{""label_flipped"": 0, ""gaussian_cells"": 0, ""outlier_cells"": 0, ""missing_cells"": 39987, ""n_train"": 1257, ""n_cells"": 80448}",2026-10-05T13:38:24.957319+00:00,bc936294060c9d60cc9127a37c6fda1969abe1f7004c343bee8fc4c265a83362,1.0,1.0.0,True,ok,
stage2-run,official,stage2,digits,decision_tree,2,missing,1,5,0.677653006277859,0.6851851851851852,0.027338504791259766,1257,540,"{""label_flipped"": 0, ""gaussian_cells"": 0, ""outlier_cells"": 0, ""missing_cells"": 39987, ""n_train"": 1257, ""n_cells"": 80448}",2026-10-05T13:38:24.988984+00:00,bc936294060c9d60cc9127a37c6fda1969abe1f7004c343bee8fc4c265a83362,1.0,1.0.0,True,ok,
stage2-run,official,stage2,digits,random_forest,2,missing,1,5,0.934125268465247,0.9351851851851852,0.3147587776184082,1257,540,"{""label_flipped"": 0, ""gaussian_cells"": 0, ""outlier_cells"": 0, ""missing_cells"": 39987, ""n_train"": 1257, ""n_cells"": 80448}",2026-10-05T13:38:25.306259+00:00,bc936294060c9d60cc9127a37c6fda1969abe1f7004c343bee8fc4c265a83362,1.0,1.0.0,True,ok,
stage2-run,official,stage2,digits,logreg,2,label+gaussian,2,1,0.9291335610703634,0.9296296296296296,0.031377315521240234,1257,540,"{""label_flipped"": 63, ""gaussian_cells"": 75420, ""outlier_cells"": 0, ""missing_cells"": 0, ""n_train"": 1257, ""n_cells"": 80448}",2026-10-05T13:38:25.353594+00:00,bc936294060c9d60cc9127a37c6fda1969abe1f7004c343bee8fc4c265a83362,1.0,1.0.0,True,ok,
stage2-run,official,stage2,digits,svm_rbf,2,label+gaussian,2,1,0.9721300029720487,0.9722222222222222,0.03686237335205078,1257,540,"{""label_flipped"": 63, ""gaussian_cells"": 75420, ""outlier_cells"": 0, ""missing_cells"": 0, ""n_train"": 1257, ""n_cells"": 80448}",2026-10-05T13:38:25.422078+00:00,bc936294060c9d60cc9127a37c6fda1969abe1f7004c343bee8fc4c265a83362,1.0,1.0.0,True,ok,
stage2-run,official,stage2,digits,decision_tree,2,label+gaussian,2,1,0.8477534767945137,0.8481481481481481,0.0675809383392334,1257,540,"{""label_flipped"": 63, ""gaussian_cells"": 75420, ""outlier_cells"": 0, ""missing_cells"": 0, ""n_train"": 1257, ""n_cells"": 80448}",2026-10-05T13:38:25.505355+00:00,bc936294060c9d60cc9127a37c6fda1969abe1f7004c343bee8fc4c265a83362,1.0,1.0.0,True,ok,
stage2-run,official,stage2,digits,random_forest,2,label+gaussian,2,1,0.9700382675459928,0.9703703703703703,0.670670747756958,1257,540,"{""label_flipped"": 63, ""gaussian_cells"": 75420, ""outlier_cells"": 0, ""missing_cells"": 0, ""n_train"": 1257, ""n_cells"": 80448}",2026-10-05T13:38:26.203769+00:00,bc936294060c9d60cc9127a37c6fda1969abe1f7004c343bee8fc4c265a83362,1.0,1.0.0,True,ok,
stage2-run,official,stage2,digits,logreg,2,label+gaussian,2,2,0.9308177618980575,0.9314814814814815,0.019748687744140625,1257,540,"{""label_flipped"": 126, ""gaussian_cells"": 75420, ""outlier_cells"": 0, ""missing_cells"": 0, ""n_train"": 1257, ""n_cells"": 80448}",2026-10-05T13:38:26.238458+00:00,bc936294060c9d60cc9127a37c6fda1969abe1f7004c343bee8fc4c265a83362,1.0,1.0.0,True,ok,
stage2-run,official,stage2,digits,svm_rbf,2,label+gaussian,2,2,0.9626059557538073,0.9629629629629629,0.05191802978515625,1257,540,"{""label_flipped"": 126, ""gaussian_cells"": 75420, ""outlier_cells"": 0, ""missing_cells"": 0, ""n_train"": 1257, ""n_cells"": 80448}",2026-10-05T13:38:26.334219+00:00,bc936294060c9d60cc9127a37c6fda1969abe1f7004c343bee8fc4c265a83362,1.0,1.0.0,True,ok,
stage2-run,official,stage2,digits,decision_tree,2,label+gaussian,2,2,0.8121202172034101,0.812962962962963,0.07212305068969727,1257,540,"{""label_flipped"": 126, ""gaussian_cells"": 75420, ""outlier_cells"": 0, ""missing_cells"": 0, ""n_train"": 1257, ""n_cells"": 80448}",2026-10-05T13:38:26.406342+00:00,bc936294060c9d60cc9127a37c6fda1969abe1f7004c343bee8fc4c265a83362,1.0,1.0.0,True,ok,
stage2-run,official,stage2,digits,random_forest,2,label+gaussian,2,2,0.9571635837105855,0.9574074074074074,0.6866459846496582,1257,540,"{""label_flipped"": 126, ""gaussian_cells"": 75420, ""outlier_cells"": 0, ""missing_cells"": 0, ""n_train"": 1257, ""n_cells"": 80448}",2026-10-05T13:38:27.105024+00:00,bc936294060c9d60cc9127a37c6fda1969abe1f7004c343bee8fc4c265a83362,1.0,1.0.0,True,ok,
stage2-run,official,stage2,digits,logreg,2,label+gaussian,2,3,0.9129894082626497,0.9148148148148149,0.03139662742614746,1257,540,"{""label_flipped"": 251, ""gaussian_cells"": 75420, ""outlier_cells"": 0, ""missing_cells"": 0, ""n_train"": 1257, ""n_cells"": 80448}",2026-10-05T13:38:27.136421+00:00,bc936294060c9d60cc9127a37c6fda1969abe1f7004c343bee8fc4c265a83362,1.0,1.0.0,True,ok,
stage2-run,official,stage2,digits,svm_rbf,2,label+gaussian,2,3,0.9315522831642881,0.9333333333333333,0.06746387481689453,1257,540,"{""label_flipped"": 251, ""gaussian_cells"": 75420, ""outlier_cells"": 0, ""missing_cells"": 0, ""n_train"": 1257, ""n_cells"": 80448}",2026-10-05T13:38:27.256088+00:00,bc936294060c9d60cc9127a37c6fda1969abe1f7004c343bee8fc4c265a83362,1.0,1.0.0,True,ok,
stage2-run,official,stage2,digits,decision_tree,2,label+gaussian,2,3,0.6579274309800791,0.6703703703703704,0.06325960159301758,1257,540,"{""label_flipped"": 251, ""gaussian_cells"": 75420, ""outlier_cells"": 0, ""missing_cells"": 0, ""n_train"": 1257, ""n_cells"": 80448}",2026-10-05T13:38:27.335087+00:00,bc936294060c9d60cc9127a37c6fda1969abe1f7004c343bee8fc4c265a83362,1.0,1.0.0,True,ok,
stage2-run,official,stage2,digits,random_forest,2,label+gaussian,2,3,0.9155643178311464,0.9166666666666666,0.7218101024627686,1257,540,"{""label_flipped"": 251, ""gaussian_cells"": 75420, ""outlier_cells"": 0, ""missing_cells"": 0, ""n_train"": 1257, ""n_cells"": 80448}",2026-10-05T13:38:28.056897+00:00,bc936294060c9d60cc9127a37c6fda1969abe1f7004c343bee8fc4c265a83362,1.0,1.0.0,True,ok,
stage2-run,official,stage2,digits,logreg,2,label+gaussian,2,4,0.8778738977095676,0.8796296296296297,0.01621079444885254,1257,540,"{""label_flipped"": 377, ""gaussian_cells"": 75420, ""outlier_cells"": 0, ""missing_cells"": 0, ""n_train"": 1257, ""n_cells"": 80448}",2026-10-05T13:38:28.094208+00:00,bc936294060c9d60cc9127a37c6fda1969abe1f7004c343bee8fc4c265a83362,1.0,1.0.0,True,ok,
stage2-run,official,stage2,digits,svm_rbf,2,label+gaussian,2,4,0.8722750194944282,0.8703703703703703,0.08936071395874023,1257,540,"{""label_flipped"": 377, ""gaussian_cells"": 75420, ""outlier_cells"": 0, ""missing_cells"": 0, ""n_train"": 1257, ""n_cells"": 80448}",2026-10-05T13:38:28.234418+00:00,bc936294060c9d60cc9127a37c6fda1969abe1f7004c343bee8fc4c265a83362,1.0,1.0.0,True,ok,
stage2-run,official,stage2,digits,decision_tree,2,label+gaussian,2,4,0.3995210250672144,0.4074074074074074,0.07924127578735352,1257,540,"{""label_flipped"": 377, ""gaussian_cells"": 75420, ""outlier_cells"": 0, ""missing_cells"": 0, ""n_train"": 1257, ""n_cells"": 80448}",2026-10-05T13:38:28.319121+00:00,bc936294060c9d60cc9127a37c6fda1969abe1f7004c343bee8fc4c265a83362,1.0,1.0.0,True,ok,
stage2-run,official,stage2,digits,random_forest,2,label+gaussian,2,4,0.7977187012304603,0.8,0.8202753067016602,1257,540,"{""label_flipped"": 377, ""gaussian_cells"": 75420, ""outlier_cells"": 0, ""missing_cells"": 0, ""n_train"": 1257, ""n_cells"": 80448}",2026-10-05T13:38:29.139396+00:00,bc936294060c9d60cc9127a37c6fda1969abe1f7004c343bee8fc4c265a83362,1.0,1.0.0,True,ok,
stage2-run,official,stage2,digits,logreg,2,label+gaussian,2,5,0.8602772339017092,0.8611111111111112,0.0,1257,540,"{""label_flipped"": 503, ""gaussian_cells"": 75420, ""outlier_cells"": 0, ""missing_cells"": 0, ""n_train"": 1257, ""n_cells"": 80448}",2026-10-05T13:38:29.153172+00:00,bc936294060c9d60cc9127a37c6fda1969abe1f7004c343bee8fc4c265a83362,1.0,1.0.0,True,ok,
stage2-run,official,stage2,digits,svm_rbf,2,label+gaussian,2,5,0.808015634646544,0.8166666666666667,0.06876587867736816,1257,540,"{""label_flipped"": 503, ""gaussian_cells"": 75420, ""outlier_cells"": 0, ""missing_cells"": 0, ""n_train"": 1257, ""n_cells"": 80448}",2026-10-05T13:38:29.300071+00:00,bc936294060c9d60cc9127a37c6fda1969abe1f7004c343bee8fc4c265a83362,1.0,1.0.0,True,ok,
stage2-run,official,stage2,digits,decision_tree,2,label+gaussian,2,5,0.2068754414007837,0.20925925925925926,0.09023594856262207,1257,540,"{""label_flipped"": 503, ""gaussian_cells"": 75420, ""outlier_cells"": 0, ""missing_cells"": 0, ""n_train"": 1257, ""n_cells"": 80448}",2026-10-05T13:38:29.394322+00:00,bc936294060c9d60cc9127a37c6fda1969abe1f7004c343bee8fc4c265a83362,1.0,1.0.0,True,ok,
stage2-run,official,stage2,digits,random_forest,2,label+gaussian,2,5,0.6699559074528052,0.6851851851851852,0.8567781448364258,1257,540,"{""label_flipped"": 503, ""gaussian_cells"": 75420, ""outlier_cells"": 0, ""missing_cells"": 0, ""n_train"": 1257, ""n_cells"": 80448}",2026-10-05T13:38:30.278064+00:00,bc936294060c9d60cc9127a37c6fda1969abe1f7004c343bee8fc4c265a83362,1.0,1.0.0,True,ok,
stage2-run,official,stage2,digits,logreg,2,label+outliers,2,1,0.9318091680886041,0.9314814814814815,0.022763729095458984,1257,540,"{""label_flipped"": 63, ""gaussian_cells"": 0, ""outlier_cells"": 1508, ""missing_cells"": 0, ""n_train"": 1257, ""n_cells"": 80448}",2026-10-05T13:38:30.309025+00:00,bc936294060c9d60cc9127a37c6fda1969abe1f7004c343bee8fc4c265a83362,1.0,1.0.0,True,ok,
stage2-run,official,stage2,digits,svm_rbf,2,label+outliers,2,1,0.9499266683782531,0.95,0.05069422721862793,1257,540,"{""label_flipped"": 63, ""gaussian_cells"": 0, ""outlier_cells"": 1508, ""missing_cells"": 0, ""n_train"": 1257, ""n_cells"": 80448}",2026-10-05T13:38:30.401261+00:00,bc936294060c9d60cc9127a37c6fda1969abe1f7004c343bee8fc4c265a83362,1.0,1.0.0,True,ok,
stage2-run,official,stage2,digits,decision_tree,2,label+outliers,2,1,0.8498521162604489,0.85,0.01956796646118164,1257,540,"{""label_flipped"": 63, ""gaussian_cells"": 0, ""outlier_cells"": 1508, ""missing_cells"": 0, ""n_train"": 1257, ""n_cells"": 80448}",2026-10-05T13:38:30.422844+00:00,bc936294060c9d60cc9127a37c6fda1969abe1f7004c343bee8fc4c265a83362,1.0,1.0.0,True,ok,
stage2-run,official,stage2,digits,random_forest,2,label+outliers,2,1,0.9645751037907824,0.9648148148148148,0.3836941719055176,1257,540,"{""label_flipped"": 63, ""gaussian_cells"": 0, ""outlier_cells"": 1508, ""missing_cells"": 0, ""n_train"": 1257, ""n_cells"": 80448}",2026-10-05T13:38:30.819423+00:00,bc936294060c9d60cc9127a37c6fda1969abe1f7004c343bee8fc4c265a83362,1.0,1.0.0,True,ok,
stage2-run,official,stage2,digits,logreg,2,label+outliers,2,2,0.9278472658774121,0.9277777777777778,0.03160214424133301,1257,540,"{""label_flipped"": 126, ""gaussian_cells"": 0, ""outlier_cells"": 3771, ""missing_cells"": 0, ""n_train"": 1257, ""n_cells"": 80448}",2026-10-05T13:38:30.873424+00:00,bc936294060c9d60cc9127a37c6fda1969abe1f7004c343bee8fc4c265a83362,1.0,1.0.0,True,ok,
stage2-run,official,stage2,digits,svm_rbf,2,label+outliers,2,2,0.9422378438407518,0.9425925925925925,0.1087031364440918,1257,540,"{""label_flipped"": 126, ""gaussian_cells"": 0, ""outlier_cells"": 3771, ""missing_cells"": 0, ""n_train"": 1257, ""n_cells"": 80448}",2026-10-05T13:38:31.058432+00:00,bc936294060c9d60cc9127a37c6fda1969abe1f7004c343bee8fc4c265a83362,1.0,1.0.0,True,ok,
stage2-run,official,stage2,digits,decision_tree,2,label+outliers,2,2,0.7798298453096594,0.7833333333333333,0.04801177978515625,1257,540,"{""label_flipped"": 126, ""gaussian_cells"": 0, ""outlier_cells"": 3771, ""missing_cells"": 0, ""n_train"": 1257, ""n_cells"": 80448}",2026-10-05T13:38:31.106444+00:00,bc936294060c9d60cc9127a37c6fda1969abe1f7004c343bee8fc4c265a83362,1.0,1.0.0,True,ok,
stage2-run,official,stage2,digits,random_forest,2,label+outliers,2,2,0.9516711625559712,0.9518518518518518,0.5509800910949707,1257,540,"{""label_flipped"": 126, ""gaussian_cells"": 0, ""outlier_cells"": 3771, ""missing_cells"": 0, ""n_train"": 1257, ""n_cells"": 80448}",2026-10-05T13:38:31.690992+00:00,bc936294060c9d60cc9127a37c6fda1969abe1f7004c343bee8fc4c265a83362,1.0,1.0.0,True,ok,
stage2-run,official,stage2,digits,logreg,2,label+outliers,2,3,0.8810943283599203,0.8814814814814815,0.044046640396118164,1257,540,"{""label_flipped"": 251, ""gaussian_cells"": 0, ""outlier_cells"": 7542, ""missing_cells"": 0, ""n_train"": 1257, ""n_cells"": 80448}",2026-10-05T13:38:31.757600+00:00,bc936294060c9d60cc9127a37c6fda1969abe1f7004c343bee8fc4c265a83362,1.0,1.0.0,True,ok,
stage2-run,official,stage2,digits,svm_rbf,2,label+outliers,2,3,0.8993191689837883,0.9018518518518519,0.23344922065734863,1257,540,"{""label_flipped"": 251, ""gaussian_cells"": 0, ""outlier_cells"": 7542, ""missing_cells"": 0, ""n_train"": 1257, ""n_cells"": 80448}",2026-10-05T13:38:32.117206+00:00,bc936294060c9d60cc9127a37c6fda1969abe1f7004c343bee8fc4c265a83362,1.0,1.0.0,True,ok,
stage2-run,official,stage2,digits,decision_tree,2,label+outliers,2,3,0.7237355368544469,0.725925925925926,0.06758379936218262,1257,540,"{""label_flipped"": 251, ""gaussian_cells"": 0, ""outlier_cells"": 7542, ""missing_cells"": 0, ""n_train"": 1257, ""n_cells"": 80448}",2026-10-05T13:38:32.190988+00:00,bc936294060c9d60cc9127a37c6fda1969abe1f7004c343bee8fc4c265a83362,1.0,1.0.0,True,ok,
stage2-run,official,stage2,digits,random_forest,2,label+outliers,2,3,0.9419069749204795,0.9425925925925925,0.6047122478485107,1257,540,"{""label_flipped"": 251, ""gaussian_cells"": 0, ""outlier_cells"": 7542, ""missing_cells"": 0, ""n_train"": 1257, ""n_cells"": 80448}",2026-10-05T13:38:32.828278+00:00,bc936294060c9d60cc9127a37c6fda1969abe1f7004c343bee8fc4c265a83362,1.0,1.0.0,True,ok,
stage2-run,official,stage2,digits,logreg,2,label+outliers,2,4,0.8505782802807097,0.8537037037037037,0.03590130805969238,1257,540,"{""label_flipped"": 377, ""gaussian_cells"": 0, ""outlier_cells"": 11313, ""missing_cells"": 0, ""n_train"": 1257, ""n_cells"": 80448}",2026-10-05T13:38:32.883604+00:00,bc936294060c9d60cc9127a37c6fda1969abe1f7004c343bee8fc4c265a83362,1.0,1.0.0,True,ok,
stage2-run,official,stage2,digits,svm_rbf,2,label+outliers,2,4,0.8339934959804095,0.8351851851851851,0.249528169631958,1257,540,"{""label_flipped"": 377, ""gaussian_cells"": 0, ""outlier_cells"": 11313, ""missing_cells"": 0, ""n_train"": 1257, ""n_cells"": 80448}",2026-10-05T13:38:33.243316+00:00,bc936294060c9d60cc9127a37c6fda1969abe1f7004c343bee8fc4c265a83362,1.0,1.0.0,True,ok,
stage2-run,official,stage2,digits,decision_tree,2,label+outliers,2,4,0.6325170559125469,0.6370370370370371,0.044901371002197266,1257,540,"{""label_flipped"": 377, ""gaussian_cells"": 0, ""outlier_cells"": 11313, ""missing_cells"": 0, ""n_train"": 1257, ""n_cells"": 80448}",2026-10-05T13:38:33.326216+00:00,bc936294060c9d60cc9127a37c6fda1969abe1f7004c343bee8fc4c265a83362,1.0,1.0.0,True,ok,
stage2-run,official,stage2,digits,random_forest,2,label+outliers,2,4,0.9361181909805707,0.937037037037037,0.8451693058013916,1257,540,"{""label_flipped"": 377, ""gaussian_cells"": 0, ""outlier_cells"": 11313, ""missing_cells"": 0, ""n_train"": 1257, ""n_cells"": 80448}",2026-10-05T13:38:34.209167+00:00,bc936294060c9d60cc9127a37c6fda1969abe1f7004c343bee8fc4c265a83362,1.0,1.0.0,True,ok,
stage2-run,official,stage2,digits,logreg,2,label+outliers,2,5,0.7834255382622871,0.7888888888888889,0.02043628692626953,1257,540,"{""label_flipped"": 503, ""gaussian_cells"": 0, ""outlier_cells"": 15084, ""missing_cells"": 0, ""n_train"": 1257, ""n_cells"": 80448}",2026-10-05T13:38:34.255378+00:00,bc936294060c9d60cc9127a37c6fda1969abe1f7004c343bee8fc4c265a83362,1.0,1.0.0,True,ok,
stage2-run,official,stage2,digits,svm_rbf,2,label+outliers,2,5,0.772401561451838,0.774074074074074,0.2506744861602783,1257,540,"{""label_flipped"": 503, ""gaussian_cells"": 0, ""outlier_cells"": 15084, ""missing_cells"": 0, ""n_train"": 1257, ""n_cells"": 80448}",2026-10-05T13:38:34.662414+00:00,bc936294060c9d60cc9127a37c6fda1969abe1f7004c343bee8fc4c265a83362,1.0,1.0.0,True,ok,
stage2-run,official,stage2,digits,decision_tree,2,label+outliers,2,5,0.5240553489882882,0.5296296296296297,0.06587004661560059,1257,540,"{""label_flipped"": 503, ""gaussian_cells"": 0, ""outlier_cells"": 15084, ""missing_cells"": 0, ""n_train"": 1257, ""n_cells"": 80448}",2026-10-05T13:38:34.745106+00:00,bc936294060c9d60cc9127a37c6fda1969abe1f7004c343bee8fc4c265a83362,1.0,1.0.0,True,ok,
stage2-run,official,stage2,digits,random_forest,2,label+outliers,2,5,0.9213544804380621,0.9222222222222223,0.7351255416870117,1257,540,"{""label_flipped"": 503, ""gaussian_cells"": 0, ""outlier_cells"": 15084, ""missing_cells"": 0, ""n_train"": 1257, ""n_cells"": 80448}",2026-10-05T13:38:35.525494+00:00,bc936294060c9d60cc9127a37c6fda1969abe1f7004c343bee8fc4c265a83362,1.0,1.0.0,True,ok,
stage2-run,official,stage2,digits,logreg,2,label+missing,2,1,0.9281267890378315,0.9277777777777778,0.05973196029663086,1257,540,"{""label_flipped"": 63, ""gaussian_cells"": 0, ""outlier_cells"": 0, ""missing_cells"": 7806, ""n_train"": 1257, ""n_cells"": 80448}",2026-10-05T13:38:35.591794+00:00,bc936294060c9d60cc9127a37c6fda1969abe1f7004c343bee8fc4c265a83362,1.0,1.0.0,True,ok,
stage2-run,official,stage2,digits,svm_rbf,2,label+missing,2,1,0.9704190909015379,0.9703703703703703,0.11409735679626465,1257,540,"{""label_flipped"": 63, ""gaussian_cells"": 0, ""outlier_cells"": 0, ""missing_cells"": 7806, ""n_train"": 1257, ""n_cells"": 80448}",2026-10-05T13:38:35.807199+00:00,bc936294060c9d60cc9127a37c6fda1969abe1f7004c343bee8fc4c265a83362,1.0,1.0.0,True,ok,
stage2-run,official,stage2,digits,decision_tree,2,label+missing,2,1,0.8066898028793673,0.8074074074074075,0.060695648193359375,1257,540,"{""label_flipped"": 63, ""gaussian_cells"": 0, ""outlier_cells"": 0, ""missing_cells"": 7806, ""n_train"": 1257, ""n_cells"": 80448}",2026-10-05T13:38:35.874097+00:00,bc936294060c9d60cc9127a37c6fda1969abe1f7004c343bee8fc4c265a83362,1.0,1.0.0,True,ok,
stage2-run,official,stage2,digits,random_forest,2,label+missing,2,1,0.9494259509804526,0.95,0.6501612663269043,1257,540,"{""label_flipped"": 63, ""gaussian_cells"": 0, ""outlier_cells"": 0, ""missing_cells"": 7806, ""n_train"": 1257, ""n_cells"": 80448}",2026-10-05T13:38:36.540220+00:00,bc936294060c9d60cc9127a37c6fda1969abe1f7004c343bee8fc4c265a83362,1.0,1.0.0,True,ok,
stage2-run,official,stage2,digits,logreg,2,label+missing,2,2,0.9255298806758436,0.9259259259259259,0.10171294212341309,1257,540,"{""label_flipped"": 126, ""gaussian_cells"": 0, ""outlier_cells"": 0, ""missing_cells"": 16133, ""n_train"": 1257, ""n_cells"": 80448}",2026-10-05T13:38:36.673407+00:00,bc936294060c9d60cc9127a37c6fda1969abe1f7004c343bee8fc4c265a83362,1.0,1.0.0,True,ok,
stage2-run,official,stage2,digits,svm_rbf,2,label+missing,2,2,0.9514997468280042,0.9518518518518518,0.12001919746398926,1257,540,"{""label_flipped"": 126, ""gaussian_cells"": 0, ""outlier_cells"": 0, ""missing_cells"": 16133, ""n_train"": 1257, ""n_cells"": 80448}",2026-10-05T13:38:36.907922+00:00,bc936294060c9d60cc9127a37c6fda1969abe1f7004c343bee8fc4c265a83362,1.0,1.0.0,True,ok,
stage2-run,official,stage2,digits,decision_tree,2,label+missing,2,2,0.7371709243491752,0.737037037037037,0.04937291145324707,1257,540,"{""label_flipped"": 126, ""gaussian_cells"": 0, ""outlier_cells"": 0, ""missing_cells"": 16133, ""n_train"": 1257, ""n_cells"": 80448}",2026-10-05T13:38:36.958894+00:00,bc936294060c9d60cc9127a37c6fda1969abe1f7004c343bee8fc4c265a83362,1.0,1.0.0,True,ok,
stage2-run,official,stage2,digits,random_forest,2,label+missing,2,2,0.9494715214279102,0.95,0.597933292388916,1257,540,"{""label_flipped"": 126, ""gaussian_cells"": 0, ""outlier_cells"": 0, ""missing_cells"": 16133, ""n_train"": 1257, ""n_cells"": 80448}",2026-10-05T13:38:37.609997+00:00,bc936294060c9d60cc9127a37c6fda1969abe1f7004c343bee8fc4c265a83362,1.0,1.0.0,True,ok,
stage2-run,official,stage2,digits,logreg,2,label+missing,2,3,0.9182271238933613,0.9185185185185185,0.12041425704956055,1257,540,"{""label_flipped"": 251, ""gaussian_cells"": 0, ""outlier_cells"": 0, ""missing_cells"": 24194, ""n_train"": 1257, ""n_cells"": 80448}",2026-10-05T13:38:37.754261+00:00,bc936294060c9d60cc9127a37c6fda1969abe1f7004c343bee8fc4c265a83362,1.0,1.0.0,True,ok,
stage2-run,official,stage2,digits,svm_rbf,2,label+missing,2,3,0.9569924703786221,0.9574074074074074,0.19757080078125,1257,540,"{""label_flipped"": 251, ""gaussian_cells"": 0, ""outlier_cells"": 0, ""missing_cells"": 24194, ""n_train"": 1257, ""n_cells"": 80448}",2026-10-05T13:38:38.040558+00:00,bc936294060c9d60cc9127a37c6fda1969abe1f7004c343bee8fc4c265a83362,1.0,1.0.0,True,ok,
stage2-run,official,stage2,digits,decision_tree,2,label+missing,2,3,0.5776770295299372,0.5796296296296296,0.059534311294555664,1257,540,"{""label_flipped"": 251, ""gaussian_cells"": 0, ""outlier_cells"": 0, ""missing_cells"": 24194, ""n_train"": 1257, ""n_cells"": 80448}",2026-10-05T13:38:38.105505+00:00,bc936294060c9d60cc9127a37c6fda1969abe1f7004c343bee8fc4c265a83362,1.0,1.0.0,True,ok,
stage2-run,official,stage2,digits,random_forest,2,label+missing,2,3,0.9300126634848509,0.9314814814814815,0.7119326591491699,1257,540,"{""label_flipped"": 251, ""gaussian_cells"": 0, ""outlier_cells"": 0, ""missing_cells"": 24194, ""n_train"": 1257, ""n_cells"": 80448}",2026-10-05T13:38:38.852072+00:00,bc936294060c9d60cc9127a37c6fda1969abe1f7004c343bee8fc4c265a83362,1.0,1.0.0,True,ok,
stage2-run,official,stage2,digits,logreg,2,label+missing,2,4,0.8816422738555829,0.8814814814814815,0.1415727138519287,1257,540,"{""label_flipped"": 377, ""gaussian_cells"": 0, ""outlier_cells"": 0, ""missing_cells"": 32084, ""n_train"": 1257, ""n_cells"": 80448}",2026-10-05T13:38:38.993645+00:00,bc936294060c9d60cc9127a37c6fda1969abe1f7004c343bee8fc4c265a83362,1.0,1.0.0,True,ok,
stage2-run,official,stage2,digits,svm_rbf,2,label+missing,2,4,0.9047464044081396,0.9055555555555556,0.2174694538116455,1257,540,"{""label_flipped"": 377, ""gaussian_cells"": 0, ""outlier_cells"": 0, ""missing_cells"": 32084, ""n_train"": 1257, ""n_cells"": 80448}",2026-10-05T13:38:39.336712+00:00,bc936294060c9d60cc9127a37c6fda1969abe1f7004c343bee8fc4c265a83362,1.0,1.0.0,True,ok,
stage2-run,official,stage2,digits,decision_tree,2,label+missing,2,4,0.43189114050561483,0.4388888888888889,0.03876662254333496,1257,540,"{""label_flipped"": 377, ""gaussian_cells"": 0, ""outlier_cells"": 0, ""missing_cells"": 32084, ""n_train"": 1257, ""n_cells"": 80448}",2026-10-05T13:38:39.401004+00:00,bc936294060c9d60cc9127a37c6fda1969abe1f7004c343bee8fc4c265a83362,1.0,1.0.0,True,ok,
stage2-run,official,stage2,digits,random_forest,2,label+missing,2,4,0.877623778122649,0.8796296296296297,0.7495722770690918,1257,540,"{""label_flipped"": 377, ""gaussian_cells"": 0, ""outlier_cells"": 0, ""missing_cells"": 32084, ""n_train"": 1257, ""n_cells"": 80448}",2026-10-05T13:38:40.180494+00:00,bc936294060c9d60cc9127a37c6fda1969abe1f7004c343bee8fc4c265a83362,1.0,1.0.0,True,ok,
stage2-run,official,stage2,digits,logreg,2,label+missing,2,5,0.8743081252772672,0.8740740740740741,0.1320023536682129,1257,540,"{""label_flipped"": 503, ""gaussian_cells"": 0, ""outlier_cells"": 0, ""missing_cells"": 39987, ""n_train"": 1257, ""n_cells"": 80448}",2026-10-05T13:38:40.328374+00:00,bc936294060c9d60cc9127a37c6fda1969abe1f7004c343bee8fc4c265a83362,1.0,1.0.0,True,ok,
stage2-run,official,stage2,digits,svm_rbf,2,label+missing,2,5,0.8737001036153025,0.8740740740740741,0.1775975227355957,1257,540,"{""label_flipped"": 503, ""gaussian_cells"": 0, ""outlier_cells"": 0, ""missing_cells"": 39987, ""n_train"": 1257, ""n_cells"": 80448}",2026-10-05T13:38:40.645485+00:00,bc936294060c9d60cc9127a37c6fda1969abe1f7004c343bee8fc4c265a83362,1.0,1.0.0,True,ok,
stage2-run,official,stage2,digits,decision_tree,2,label+missing,2,5,0.3874843463568938,0.3888888888888889,0.05448603630065918,1257,540,"{""label_flipped"": 503, ""gaussian_cells"": 0, ""outlier_cells"": 0, ""missing_cells"": 39987, ""n_train"": 1257, ""n_cells"": 80448}",2026-10-05T13:38:40.720975+00:00,bc936294060c9d60cc9127a37c6fda1969abe1f7004c343bee8fc4c265a83362,1.0,1.0.0,True,ok,
stage2-run,official,stage2,digits,random_forest,2,label+missing,2,5,0.8692551396308337,0.8722222222222222,0.8122999668121338,1257,540,"{""label_flipped"": 503, ""gaussian_cells"": 0, ""outlier_cells"": 0, ""missing_cells"": 39987, ""n_train"": 1257, ""n_cells"": 80448}",2026-10-05T13:38:41.562847+00:00,bc936294060c9d60cc9127a37c6fda1969abe1f7004c343bee8fc4c265a83362,1.0,1.0.0,True,ok,
stage2-run,official,stage2,digits,logreg,2,gaussian+outliers,2,1,0.9422839713833604,0.9425925925925925,0.05764055252075195,1257,540,"{""label_flipped"": 0, ""gaussian_cells"": 75420, ""outlier_cells"": 1508, ""missing_cells"": 0, ""n_train"": 1257, ""n_cells"": 80448}",2026-10-05T13:38:41.633178+00:00,bc936294060c9d60cc9127a37c6fda1969abe1f7004c343bee8fc4c265a83362,1.0,1.0.0,True,ok,
stage2-run,official,stage2,digits,svm_rbf,2,gaussian+outliers,2,1,0.9594216201472644,0.9592592592592593,0.13293075561523438,1257,540,"{""label_flipped"": 0, ""gaussian_cells"": 75420, ""outlier_cells"": 1508, ""missing_cells"": 0, ""n_train"": 1257, ""n_cells"": 80448}",2026-10-05T13:38:41.891742+00:00,bc936294060c9d60cc9127a37c6fda1969abe1f7004c343bee8fc4c265a83362,1.0,1.0.0,True,ok,
stage2-run,official,stage2,digits,decision_tree,2,gaussian+outliers,2,1,0.8374443846124876,0.8388888888888889,0.12432289123535156,1257,540,"{""label_flipped"": 0, ""gaussian_cells"": 75420, ""outlier_cells"": 1508, ""missing_cells"": 0, ""n_train"": 1257, ""n_cells"": 80448}",2026-10-05T13:38:42.022855+00:00,bc936294060c9d60cc9127a37c6fda1969abe1f7004c343bee8fc4c265a83362,1.0,1.0.0,True,ok,
stage2-run,official,stage2,digits,random_forest,2,gaussian+outliers,2,1,0.9588555053408457,0.9592592592592593,1.49692964553833,1257,540,"{""label_flipped"": 0, ""gaussian_cells"": 75420, ""outlier_cells"": 1508, ""missing_cells"": 0, ""n_train"": 1257, ""n_cells"": 80448}",2026-10-05T13:38:43.574088+00:00,bc936294060c9d60cc9127a37c6fda1969abe1f7004c343bee8fc4c265a83362,1.0,1.0.0,True,ok,
stage2-run,official,stage2,digits,logreg,2,gaussian+outliers,2,2,0.9291695249921844,0.9296296296296296,0.06116175651550293,1257,540,"{""label_flipped"": 0, ""gaussian_cells"": 75420, ""outlier_cells"": 3771, ""missing_cells"": 0, ""n_train"": 1257, ""n_cells"": 80448}",2026-10-05T13:38:43.657988+00:00,bc936294060c9d60cc9127a37c6fda1969abe1f7004c343bee8fc4c265a83362,1.0,1.0.0,True,ok,
stage2-run,official,stage2,digits,svm_rbf,2,gaussian+outliers,2,2,0.940290338306515,0.9407407407407408,0.21847152709960938,1257,540,"{""label_flipped"": 0, ""gaussian_cells"": 75420, ""outlier_cells"": 3771, ""missing_cells"": 0, ""n_train"": 1257, ""n_cells"": 80448}",2026-10-05T13:38:44.007595+00:00,bc936294060c9d60cc9127a37c6fda1969abe1f7004c343bee8fc4c265a83362,1.0,1.0.0,True,ok,
stage2-run,official,stage2,digits,decision_tree,2,gaussian+outliers,2,2,0.8210325453905185,0.8203703703703704,0.13056516647338867,1257,540,"{""label_flipped"": 0, ""gaussian_cells"": 75420, ""outlier_cells"": 3771, ""missing_cells"": 0, ""n_train"": 1257, ""n_cells"": 80448}",2026-10-05T13:38:44.138160+00:00,bc936294060c9d60cc9127a37c6fda1969abe1f7004c343bee8fc4c265a83362,1.0,1.0.0,True,ok,
stage2-run,official,stage2,digits,random_forest,2,gaussian+outliers,2,2,0.960795072569789,0.9611111111111111,1.351619005203247,1257,540,"{""label_flipped"": 0, ""gaussian_cells"": 75420, ""outlier_cells"": 3771, ""missing_cells"": 0, ""n_train"": 1257, ""n_cells"": 80448}",2026-10-05T13:38:45.536822+00:00,bc936294060c9d60cc9127a37c6fda1969abe1f7004c343bee8fc4c265a83362,1.0,1.0.0,True,ok,
stage2-run,official,stage2,digits,logreg,2,gaussian+outliers,2,3,0.8911402978561306,0.8907407407407407,0.04490804672241211,1257,540,"{""label_flipped"": 0, ""gaussian_cells"": 75420, ""outlier_cells"": 7542, ""missing_cells"": 0, ""n_train"": 1257, ""n_cells"": 80448}",2026-10-05T13:38:45.599156+00:00,bc936294060c9d60cc9127a37c6fda1969abe1f7004c343bee8fc4c265a83362,1.0,1.0.0,True,ok,
stage2-run,official,stage2,digits,svm_rbf,2,gaussian+outliers,2,3,0.8925028602346348,0.8944444444444445,0.23106718063354492,1257,540,"{""label_flipped"": 0, ""gaussian_cells"": 75420, ""outlier_cells"": 7542, ""missing_cells"": 0, ""n_train"": 1257, ""n_cells"": 80448}",2026-10-05T13:38:45.978910+00:00,bc936294060c9d60cc9127a37c6fda1969abe1f7004c343bee8fc4c265a83362,1.0,1.0.0,True,ok,
stage2-run,official,stage2,digits,decision_tree,2,gaussian+outliers,2,3,0.6922084258967738,0.6925925925925925,0.16387677192687988,1257,540,"{""label_flipped"": 0, ""gaussian_cells"": 75420, ""outlier_cells"": 7542, ""missing_cells"": 0, ""n_train"": 1257, ""n_cells"": 80448}",2026-10-05T13:38:46.146742+00:00,bc936294060c9d60cc9127a37c6fda1969abe1f7004c343bee8fc4c265a83362,1.0,1.0.0,True,ok,
stage2-run,official,stage2,digits,random_forest,2,gaussian+outliers,2,3,0.9131624712013787,0.9148148148148149,1.4520843029022217,1257,540,"{""label_flipped"": 0, ""gaussian_cells"": 75420, ""outlier_cells"": 7542, ""missing_cells"": 0, ""n_train"": 1257, ""n_cells"": 80448}",2026-10-05T13:38:47.620829+00:00,bc936294060c9d60cc9127a37c6fda1969abe1f7004c343bee8fc4c265a83362,1.0,1.0.0,True,ok,
stage2-run,official,stage2,digits,logreg,2,gaussian+outliers,2,4,0.8863945493461646,0.8870370370370371,0.03269529342651367,1257,540,"{""label_flipped"": 0, ""gaussian_cells"": 75420, ""outlier_cells"": 11313, ""missing_cells"": 0, ""n_train"": 1257, ""n_cells"": 80448}",2026-10-05T13:38:47.664968+00:00,bc936294060c9d60cc9127a37c6fda1969abe1f7004c343bee8fc4c265a83362,1.0,1.0.0,True,ok,
stage2-run,official,stage2,digits,svm_rbf,2,gaussian+outliers,2,4,0.8631628056832825,0.8611111111111112,0.2346363067626953,1257,540,"{""label_flipped"": 0, ""gaussian_cells"": 75420, ""outlier_cells"": 11313, ""missing_cells"": 0, ""n_train"": 1257, ""n_cells"": 80448}",2026-10-05T13:38:48.018266+00:00,bc936294060c9d60cc9127a37c6fda1969abe1f7004c343bee8fc4c265a83362,1.0,1.0.0,True,ok,
stage2-run,official,stage2,digits,decision_tree,2,gaussian+outliers,2,4,0.46389638983825865,0.4888888888888889,0.14041590690612793,1257,540,"{""label_flipped"": 0, ""gaussian_cells"": 75420, ""outlier_cells"": 11313, ""missing_cells"": 0, ""n_train"": 1257, ""n_cells"": 80448}",2026-10-05T13:38:48.180287+00:00,bc936294060c9d60cc9127a37c6fda1969abe1f7004c343bee8fc4c265a83362,1.0,1.0.0,True,ok,
stage2-run,official,stage2,digits,random_forest,2,gaussian+outliers,2,4,0.875142823305446,0.8759259259259259,1.4691009521484375,1257,540,"{""label_flipped"": 0, ""gaussian_cells"": 75420, ""outlier_cells"": 11313, ""missing_cells"": 0, ""n_train"": 1257, ""n_cells"": 80448}",2026-10-05T13:38:49.692495+00:00,bc936294060c9d60cc9127a37c6fda1969abe1f7004c343bee8fc4c265a83362,1.0,1.0.0,True,ok,
stage2-run,official,stage2,digits,logreg,2,gaussian+outliers,2,5,0.8637938723694314,0.8629629629629629,0.03543710708618164,1257,540,"{""label_flipped"": 0, ""gaussian_cells"": 75420, ""outlier_cells"": 15084, ""missing_cells"": 0, ""n_train"": 1257, ""n_cells"": 80448}",2026-10-05T13:38:49.737355+00:00,bc936294060c9d60cc9127a37c6fda1969abe1f7004c343bee8fc4c265a83362,1.0,1.0.0,True,ok,
stage2-run,official,stage2,digits,svm_rbf,2,gaussian+outliers,2,5,0.8014712004960737,0.8,0.2547292709350586,1257,540,"{""label_flipped"": 0, ""gaussian_cells"": 75420, ""outlier_cells"": 15084, ""missing_cells"": 0, ""n_train"": 1257, ""n_cells"": 80448}",2026-10-05T13:38:50.140551+00:00,bc936294060c9d60cc9127a37c6fda1969abe1f7004c343bee8fc4c265a83362,1.0,1.0.0,True,ok,
stage2-run,official,stage2,digits,decision_tree,2,gaussian+outliers,2,5,0.32943765273538383,0.3333333333333333,0.1417849063873291,1257,540,"{""label_flipped"": 0, ""gaussian_cells"": 75420, ""outlier_cells"": 15084, ""missing_cells"": 0, ""n_train"": 1257, ""n_cells"": 80448}",2026-10-05T13:38:50.305518+00:00,bc936294060c9d60cc9127a37c6fda1969abe1f7004c343bee8fc4c265a83362,1.0,1.0.0,True,ok,
stage2-run,official,stage2,digits,random_forest,2,gaussian+outliers,2,5,0.7764146805318255,0.7814814814814814,1.5005087852478027,1257,540,"{""label_flipped"": 0, ""gaussian_cells"": 75420, ""outlier_cells"": 15084, ""missing_cells"": 0, ""n_train"": 1257, ""n_cells"": 80448}",2026-10-05T13:38:51.822544+00:00,bc936294060c9d60cc9127a37c6fda1969abe1f7004c343bee8fc4c265a83362,1.0,1.0.0,True,ok,
stage2-run,official,stage2,digits,logreg,2,gaussian+missing,2,1,0.959211358677828,0.9592592592592593,0.0659637451171875,1257,540,"{""label_flipped"": 0, ""gaussian_cells"": 75420, ""outlier_cells"": 0, ""missing_cells"": 7806, ""n_train"": 1257, ""n_cells"": 80448}",2026-10-05T13:38:51.915942+00:00,bc936294060c9d60cc9127a37c6fda1969abe1f7004c343bee8fc4c265a83362,1.0,1.0.0,True,ok,
stage2-run,official,stage2,digits,svm_rbf,2,gaussian+missing,2,1,0.9702610182052469,0.9703703703703703,0.09692192077636719,1257,540,"{""label_flipped"": 0, ""gaussian_cells"": 75420, ""outlier_cells"": 0, ""missing_cells"": 7806, ""n_train"": 1257, ""n_cells"": 80448}",2026-10-05T13:38:52.082845+00:00,bc936294060c9d60cc9127a37c6fda1969abe1f7004c343bee8fc4c265a83362,1.0,1.0.0,True,ok,
stage2-run,official,stage2,digits,decision_tree,2,gaussian+missing,2,1,0.8020059647357934,0.8055555555555556,0.13481903076171875,1257,540,"{""label_flipped"": 0, ""gaussian_cells"": 75420, ""outlier_cells"": 0, ""missing_cells"": 7806, ""n_train"": 1257, ""n_cells"": 80448}",2026-10-05T13:38:52.222122+00:00,bc936294060c9d60cc9127a37c6fda1969abe1f7004c343bee8fc4c265a83362,1.0,1.0.0,True,ok,
stage2-run,official,stage2,digits,random_forest,2,gaussian+missing,2,1,0.9518814142467361,0.9518518518518518,1.2699918746948242,1257,540,"{""label_flipped"": 0, ""gaussian_cells"": 75420, ""outlier_cells"": 0, ""missing_cells"": 7806, ""n_train"": 1257, ""n_cells"": 80448}",2026-10-05T13:38:53.507973+00:00,bc936294060c9d60cc9127a37c6fda1969abe1f7004c343bee8fc4c265a83362,1.0,1.0.0,True,ok,
stage2-run,official,stage2,digits,logreg,2,gaussian+missing,2,2,0.9433924058362452,0.9444444444444444,0.0863046646118164,1257,540,"{""label_flipped"": 0, ""gaussian_cells"": 75420, ""outlier_cells"": 0, ""missing_cells"": 16133, ""n_train"": 1257, ""n_cells"": 80448}",2026-10-05T13:38:53.598355+00:00,bc936294060c9d60cc9127a37c6fda1969abe1f7004c343bee8fc4c265a83362,1.0,1.0.0,True,ok,
stage2-run,official,stage2,digits,svm_rbf,2,gaussian+missing,2,2,0.9550849570162327,0.9555555555555556,0.11049699783325195,1257,540,"{""label_flipped"": 0, ""gaussian_cells"": 75420, ""outlier_cells"": 0, ""missing_cells"": 16133, ""n_train"": 1257, ""n_cells"": 80448}",2026-10-05T13:38:53.804345+00:00,bc936294060c9d60cc9127a37c6fda1969abe1f7004c343bee8fc4c265a83362,1.0,1.0.0,True,ok,
stage2-run,official,stage2,digits,decision_tree,2,gaussian+missing,2,2,0.7638874227604011,0.7666666666666667,0.1648547649383545,1257,540,"{""label_flipped"": 0, ""gaussian_cells"": 75420, ""outlier_cells"": 0, ""missing_cells"": 16133, ""n_train"": 1257, ""n_cells"": 80448}",2026-10-05T13:38:53.972069+00:00,bc936294060c9d60cc9127a37c6fda1969abe1f7004c343bee8fc4c265a83362,1.0,1.0.0,True,ok,
stage2-run,official,stage2,digits,random_forest,2,gaussian+missing,2,2,0.9457794554030461,0.9462962962962963,1.3854844570159912,1257,540,"{""label_flipped"": 0, ""gaussian_cells"": 75420, ""outlier_cells"": 0, ""missing_cells"": 16133, ""n_train"": 1257, ""n_cells"": 80448}",2026-10-05T13:38:55.405725+00:00,bc936294060c9d60cc9127a37c6fda1969abe1f7004c343bee8fc4c265a83362,1.0,1.0.0,True,ok,
stage2-run,official,stage2,digits,logreg,2,gaussian+missing,2,3,0.9209679500847304,0.9222222222222223,0.08527898788452148,1257,540,"{""label_flipped"": 0, ""gaussian_cells"": 75420, ""outlier_cells"": 0, ""missing_cells"": 24194, ""n_train"": 1257, ""n_cells"": 80448}",2026-10-05T13:38:55.502935+00:00,bc936294060c9d60cc9127a37c6fda1969abe1f7004c343bee8fc4c265a83362,1.0,1.0.0,True,ok,
stage2-run,official,stage2,digits,svm_rbf,2,gaussian+missing,2,3,0.9345050066252079,0.9351851851851852,0.15941524505615234,1257,540,"{""label_flipped"": 0, ""gaussian_cells"": 75420, ""outlier_cells"": 0, ""missing_cells"": 24194, ""n_train"": 1257, ""n_cells"": 80448}",2026-10-05T13:38:55.803903+00:00,bc936294060c9d60cc9127a37c6fda1969abe1f7004c343bee8fc4c265a83362,1.0,1.0.0,True,ok,
stage2-run,official,stage2,digits,decision_tree,2,gaussian+missing,2,3,0.6519931050907095,0.6592592592592592,0.16503381729125977,1257,540,"{""label_flipped"": 0, ""gaussian_cells"": 75420, ""outlier_cells"": 0, ""missing_cells"": 24194, ""n_train"": 1257, ""n_cells"": 80448}",2026-10-05T13:38:55.973525+00:00,bc936294060c9d60cc9127a37c6fda1969abe1f7004c343bee8fc4c265a83362,1.0,1.0.0,True,ok,
stage2-run,official,stage2,digits,random_forest,2,gaussian+missing,2,3,0.9163498364906821,0.9166666666666666,1.3430333137512207,1257,540,"{""label_flipped"": 0, ""gaussian_cells"": 75420, ""outlier_cells"": 0, ""missing_cells"": 24194, ""n_train"": 1257, ""n_cells"": 80448}",2026-10-05T13:38:57.358734+00:00,bc936294060c9d60cc9127a37c6fda1969abe1f7004c343bee8fc4c265a83362,1.0,1.0.0,True,ok,
stage2-run,official,stage2,digits,logreg,2,gaussian+missing,2,4,0.9013818321041736,0.9018518518518519,0.07792210578918457,1257,540,"{""label_flipped"": 0, ""gaussian_cells"": 75420, ""outlier_cells"": 0, ""missing_cells"": 32084, ""n_train"": 1257, ""n_cells"": 80448}",2026-10-05T13:38:57.442920+00:00,bc936294060c9d60cc9127a37c6fda1969abe1f7004c343bee8fc4c265a83362,1.0,1.0.0,True,ok,
stage2-run,official,stage2,digits,svm_rbf,2,gaussian+missing,2,4,0.9080608766922023,0.9092592592592592,0.22348928451538086,1257,540,"{""label_flipped"": 0, ""gaussian_cells"": 75420, ""outlier_cells"": 0, ""missing_cells"": 32084, ""n_train"": 1257, ""n_cells"": 80448}",2026-10-05T13:38:57.783599+00:00,bc936294060c9d60cc9127a37c6fda1969abe1f7004c343bee8fc4c265a83362,1.0,1.0.0,True,ok,
stage2-run,official,stage2,digits,decision_tree,2,gaussian+missing,2,4,0.5283972356417023,0.5444444444444444,0.16622567176818848,1257,540,"{""label_flipped"": 0, ""gaussian_cells"": 75420, ""outlier_cells"": 0, ""missing_cells"": 32084, ""n_train"": 1257, ""n_cells"": 80448}",2026-10-05T13:38:57.962949+00:00,bc936294060c9d60cc9127a37c6fda1969abe1f7004c343bee8fc4c265a83362,1.0,1.0.0,True,ok,
stage2-run,official,stage2,digits,random_forest,2,gaussian+missing,2,4,0.8369627858392062,0.8407407407407408,1.455137014389038,1257,540,"{""label_flipped"": 0, ""gaussian_cells"": 75420, ""outlier_cells"": 0, ""missing_cells"": 32084, ""n_train"": 1257, ""n_cells"": 80448}",2026-10-05T13:38:59.420262+00:00,bc936294060c9d60cc9127a37c6fda1969abe1f7004c343bee8fc4c265a83362,1.0,1.0.0,True,ok,
stage2-run,official,stage2,digits,logreg,2,gaussian+missing,2,5,0.8858861764712754,0.8870370370370371,0.017651796340942383,1257,540,"{""label_flipped"": 0, ""gaussian_cells"": 75420, ""outlier_cells"": 0, ""missing_cells"": 39987, ""n_train"": 1257, ""n_cells"": 80448}",2026-10-05T13:38:59.453675+00:00,bc936294060c9d60cc9127a37c6fda1969abe1f7004c343bee8fc4c265a83362,1.0,1.0.0,True,ok,
stage2-run,official,stage2,digits,svm_rbf,2,gaussian+missing,2,5,0.8603807386763055,0.8648148148148148,0.09254908561706543,1257,540,"{""label_flipped"": 0, ""gaussian_cells"": 75420, ""outlier_cells"": 0, ""missing_cells"": 39987, ""n_train"": 1257, ""n_cells"": 80448}",2026-10-05T13:38:59.593385+00:00,bc936294060c9d60cc9127a37c6fda1969abe1f7004c343bee8fc4c265a83362,1.0,1.0.0,True,ok,
stage2-run,official,stage2,digits,decision_tree,2,gaussian+missing,2,5,0.2918414888448989,0.3,0.0690925121307373,1257,540,"{""label_flipped"": 0, ""gaussian_cells"": 75420, ""outlier_cells"": 0, ""missing_cells"": 39987, ""n_train"": 1257, ""n_cells"": 80448}",2026-10-05T13:38:59.664488+00:00,bc936294060c9d60cc9127a37c6fda1969abe1f7004c343bee8fc4c265a83362,1.0,1.0.0,True,ok,
stage2-run,official,stage2,digits,random_forest,2,gaussian+missing,2,5,0.7271511789384899,0.7425925925925926,0.6390554904937744,1257,540,"{""label_flipped"": 0, ""gaussian_cells"": 75420, ""outlier_cells"": 0, ""missing_cells"": 39987, ""n_train"": 1257, ""n_cells"": 80448}",2026-10-05T13:39:00.307558+00:00,bc936294060c9d60cc9127a37c6fda1969abe1f7004c343bee8fc4c265a83362,1.0,1.0.0,True,ok,
stage2-run,official,stage2,digits,logreg,2,outliers+missing,2,1,0.945967994009108,0.9462962962962963,0.022273540496826172,1257,540,"{""label_flipped"": 0, ""gaussian_cells"": 0, ""outlier_cells"": 1508, ""missing_cells"": 7806, ""n_train"": 1257, ""n_cells"": 80448}",2026-10-05T13:39:00.345149+00:00,bc936294060c9d60cc9127a37c6fda1969abe1f7004c343bee8fc4c265a83362,1.0,1.0.0,True,ok,
stage2-run,official,stage2,digits,svm_rbf,2,outliers+missing,2,1,0.9555022416563463,0.9555555555555556,0.046569108963012695,1257,540,"{""label_flipped"": 0, ""gaussian_cells"": 0, ""outlier_cells"": 1508, ""missing_cells"": 7806, ""n_train"": 1257, ""n_cells"": 80448}",2026-10-05T13:39:00.422526+00:00,bc936294060c9d60cc9127a37c6fda1969abe1f7004c343bee8fc4c265a83362,1.0,1.0.0,True,ok,
stage2-run,official,stage2,digits,decision_tree,2,outliers+missing,2,1,0.8390636678019876,0.8388888888888889,0.0329892635345459,1257,540,"{""label_flipped"": 0, ""gaussian_cells"": 0, ""outlier_cells"": 1508, ""missing_cells"": 7806, ""n_train"": 1257, ""n_cells"": 80448}",2026-10-05T13:39:00.455516+00:00,bc936294060c9d60cc9127a37c6fda1969abe1f7004c343bee8fc4c265a83362,1.0,1.0.0,True,ok,
stage2-run,official,stage2,digits,random_forest,2,outliers+missing,2,1,0.9590697286943465,0.9592592592592593,0.24829769134521484,1257,540,"{""label_flipped"": 0, ""gaussian_cells"": 0, ""outlier_cells"": 1508, ""missing_cells"": 7806, ""n_train"": 1257, ""n_cells"": 80448}",2026-10-05T13:39:00.703814+00:00,bc936294060c9d60cc9127a37c6fda1969abe1f7004c343bee8fc4c265a83362,1.0,1.0.0,True,ok,
stage2-run,official,stage2,digits,logreg,2,outliers+missing,2,2,0.9194262726278684,0.9203703703703704,0.03341031074523926,1257,540,"{""label_flipped"": 0, ""gaussian_cells"": 0, ""outlier_cells"": 3771, ""missing_cells"": 16133, ""n_train"": 1257, ""n_cells"": 80448}",2026-10-05T13:39:00.737224+00:00,bc936294060c9d60cc9127a37c6fda1969abe1f7004c343bee8fc4c265a83362,1.0,1.0.0,True,ok,
stage2-run,official,stage2,digits,svm_rbf,2,outliers+missing,2,2,0.9348395862440384,0.9351851851851852,0.055872201919555664,1257,540,"{""label_flipped"": 0, ""gaussian_cells"": 0, ""outlier_cells"": 3771, ""missing_cells"": 16133, ""n_train"": 1257, ""n_cells"": 80448}",2026-10-05T13:39:00.832298+00:00,bc936294060c9d60cc9127a37c6fda1969abe1f7004c343bee8fc4c265a83362,1.0,1.0.0,True,ok,
stage2-run,official,stage2,digits,decision_tree,2,outliers+missing,2,2,0.7642795675129104,0.7685185185185185,0.01724982261657715,1257,540,"{""label_flipped"": 0, ""gaussian_cells"": 0, ""outlier_cells"": 3771, ""missing_cells"": 16133, ""n_train"": 1257, ""n_cells"": 80448}",2026-10-05T13:39:00.855238+00:00,bc936294060c9d60cc9127a37c6fda1969abe1f7004c343bee8fc4c265a83362,1.0,1.0.0,True,ok,
stage2-run,official,stage2,digits,random_forest,2,outliers+missing,2,2,0.9456309629666497,0.9462962962962963,0.26458287239074707,1257,540,"{""label_flipped"": 0, ""gaussian_cells"": 0, ""outlier_cells"": 3771, ""missing_cells"": 16133, ""n_train"": 1257, ""n_cells"": 80448}",2026-10-05T13:39:01.135605+00:00,bc936294060c9d60cc9127a37c6fda1969abe1f7004c343bee8fc4c265a83362,1.0,1.0.0,True,ok,
stage2-run,official,stage2,digits,logreg,2,outliers+missing,2,3,0.8948094934219737,0.8962962962962963,0.017808914184570312,1257,540,"{""label_flipped"": 0, ""gaussian_cells"": 0, ""outlier_cells"": 7542, ""missing_cells"": 24194, ""n_train"": 1257, ""n_cells"": 80448}",2026-10-05T13:39:01.153414+00:00,bc936294060c9d60cc9127a37c6fda1969abe1f7004c343bee8fc4c265a83362,1.0,1.0.0,True,ok,
stage2-run,official,stage2,digits,svm_rbf,2,outliers+missing,2,3,0.9061138367819082,0.9074074074074074,0.05240201950073242,1257,540,"{""label_flipped"": 0, ""gaussian_cells"": 0, ""outlier_cells"": 7542, ""missing_cells"": 24194, ""n_train"": 1257, ""n_cells"": 80448}",2026-10-05T13:39:01.266853+00:00,bc936294060c9d60cc9127a37c6fda1969abe1f7004c343bee8fc4c265a83362,1.0,1.0.0,True,ok,
stage2-run,official,stage2,digits,decision_tree,2,outliers+missing,2,3,0.7496886734145884,0.7537037037037037,0.03160357475280762,1257,540,"{""label_flipped"": 0, ""gaussian_cells"": 0, ""outlier_cells"": 7542, ""missing_cells"": 24194, ""n_train"": 1257, ""n_cells"": 80448}",2026-10-05T13:39:01.298457+00:00,bc936294060c9d60cc9127a37c6fda1969abe1f7004c343bee8fc4c265a83362,1.0,1.0.0,True,ok,
stage2-run,official,stage2,digits,random_forest,2,outliers+missing,2,3,0.9297366084397453,0.9296296296296296,0.3033332824707031,1257,540,"{""label_flipped"": 0, ""gaussian_cells"": 0, ""outlier_cells"": 7542, ""missing_cells"": 24194, ""n_train"": 1257, ""n_cells"": 80448}",2026-10-05T13:39:01.601790+00:00,bc936294060c9d60cc9127a37c6fda1969abe1f7004c343bee8fc4c265a83362,1.0,1.0.0,True,ok,
stage2-run,official,stage2,digits,logreg,2,outliers+missing,2,4,0.8569163562783639,0.8592592592592593,0.014364242553710938,1257,540,"{""label_flipped"": 0, ""gaussian_cells"": 0, ""outlier_cells"": 11313, ""missing_cells"": 32084, ""n_train"": 1257, ""n_cells"": 80448}",2026-10-05T13:39:01.633754+00:00,bc936294060c9d60cc9127a37c6fda1969abe1f7004c343bee8fc4c265a83362,1.0,1.0.0,True,ok,
stage2-run,official,stage2,digits,svm_rbf,2,outliers+missing,2,4,0.8685543420884834,0.8703703703703703,0.07241272926330566,1257,540,"{""label_flipped"": 0, ""gaussian_cells"": 0, ""outlier_cells"": 11313, ""missing_cells"": 32084, ""n_train"": 1257, ""n_cells"": 80448}",2026-10-05T13:39:01.754470+00:00,bc936294060c9d60cc9127a37c6fda1969abe1f7004c343bee8fc4c265a83362,1.0,1.0.0,True,ok,
stage2-run,official,stage2,digits,decision_tree,2,outliers+missing,2,4,0.6532237483324421,0.6592592592592592,0.02901625633239746,1257,540,"{""label_flipped"": 0, ""gaussian_cells"": 0, ""outlier_cells"": 11313, ""missing_cells"": 32084, ""n_train"": 1257, ""n_cells"": 80448}",2026-10-05T13:39:01.783486+00:00,bc936294060c9d60cc9127a37c6fda1969abe1f7004c343bee8fc4c265a83362,1.0,1.0.0,True,ok,
stage2-run,official,stage2,digits,random_forest,2,outliers+missing,2,4,0.9348040316097173,0.9351851851851852,0.27170419692993164,1257,540,"{""label_flipped"": 0, ""gaussian_cells"": 0, ""outlier_cells"": 11313, ""missing_cells"": 32084, ""n_train"": 1257, ""n_cells"": 80448}",2026-10-05T13:39:02.069326+00:00,bc936294060c9d60cc9127a37c6fda1969abe1f7004c343bee8fc4c265a83362,1.0,1.0.0,True,ok,
stage2-run,official,stage2,digits,logreg,2,outliers+missing,2,5,0.8566880977213849,0.8592592592592593,0.015786170959472656,1257,540,"{""label_flipped"": 0, ""gaussian_cells"": 0, ""outlier_cells"": 15084, ""missing_cells"": 39987, ""n_train"": 1257, ""n_cells"": 80448}",2026-10-05T13:39:02.085112+00:00,bc936294060c9d60cc9127a37c6fda1969abe1f7004c343bee8fc4c265a83362,1.0,1.0.0,True,ok,
stage2-run,official,stage2,digits,svm_rbf,2,outliers+missing,2,5,0.8825437889011927,0.8833333333333333,0.08684134483337402,1257,540,"{""label_flipped"": 0, ""gaussian_cells"": 0, ""outlier_cells"": 15084, ""missing_cells"": 39987, ""n_train"": 1257, ""n_cells"": 80448}",2026-10-05T13:39:02.220014+00:00,bc936294060c9d60cc9127a37c6fda1969abe1f7004c343bee8fc4c265a83362,1.0,1.0.0,True,ok,
stage2-run,official,stage2,digits,decision_tree,2,outliers+missing,2,5,0.5873254106302698,0.6129629629629629,0.017763376235961914,1257,540,"{""label_flipped"": 0, ""gaussian_cells"": 0, ""outlier_cells"": 15084, ""missing_cells"": 39987, ""n_train"": 1257, ""n_cells"": 80448}",2026-10-05T13:39:02.237777+00:00,bc936294060c9d60cc9127a37c6fda1969abe1f7004c343bee8fc4c265a83362,1.0,1.0.0,True,ok,
stage2-run,official,stage2,digits,random_forest,2,outliers+missing,2,5,0.8691737378485798,0.8740740740740741,0.28491830825805664,1257,540,"{""label_flipped"": 0, ""gaussian_cells"": 0, ""outlier_cells"": 15084, ""missing_cells"": 39987, ""n_train"": 1257, ""n_cells"": 80448}",2026-10-05T13:39:02.555396+00:00,bc936294060c9d60cc9127a37c6fda1969abe1f7004c343bee8fc4c265a83362,1.0,1.0.0,True,ok,
stage2-run,official,stage2,digits,logreg,2,label+gaussian+outliers,3,1,0.9314235647269694,0.9314814814814815,0.014648675918579102,1257,540,"{""label_flipped"": 63, ""gaussian_cells"": 75420, ""outlier_cells"": 1508, ""missing_cells"": 0, ""n_train"": 1257, ""n_cells"": 80448}",2026-10-05T13:39:02.585779+00:00,bc936294060c9d60cc9127a37c6fda1969abe1f7004c343bee8fc4c265a83362,1.0,1.0.0,True,ok,
stage2-run,official,stage2,digits,svm_rbf,2,label+gaussian+outliers,3,1,0.9500798790513016,0.95,0.03159022331237793,1257,540,"{""label_flipped"": 63, ""gaussian_cells"": 75420, ""outlier_cells"": 1508, ""missing_cells"": 0, ""n_train"": 1257, ""n_cells"": 80448}",2026-10-05T13:39:02.664897+00:00,bc936294060c9d60cc9127a37c6fda1969abe1f7004c343bee8fc4c265a83362,1.0,1.0.0,True,ok,
stage2-run,official,stage2,digits,decision_tree,2,label+gaussian+outliers,3,1,0.8303168052666378,0.8296296296296296,0.05520939826965332,1257,540,"{""label_flipped"": 63, ""gaussian_cells"": 75420, ""outlier_cells"": 1508, ""missing_cells"": 0, ""n_train"": 1257, ""n_cells"": 80448}",2026-10-05T13:39:02.720107+00:00,bc936294060c9d60cc9127a37c6fda1969abe1f7004c343bee8fc4c265a83362,1.0,1.0.0,True,ok,
stage2-run,official,stage2,digits,random_forest,2,label+gaussian+outliers,3,1,0.9607742235292251,0.9611111111111111,0.5679357051849365,1257,540,"{""label_flipped"": 63, ""gaussian_cells"": 75420, ""outlier_cells"": 1508, ""missing_cells"": 0, ""n_train"": 1257, ""n_cells"": 80448}",2026-10-05T13:39:03.319581+00:00,bc936294060c9d60cc9127a37c6fda1969abe1f7004c343bee8fc4c265a83362,1.0,1.0.0,True,ok,
stage2-run,official,stage2,digits,logreg,2,label+gaussian+outliers,3,2,0.9221742097395275,0.9222222222222223,0.017667293548583984,1257,540,"{""label_flipped"": 126, ""gaussian_cells"": 75420, ""outlier_cells"": 3771, ""missing_cells"": 0, ""n_train"": 1257, ""n_cells"": 80448}",2026-10-05T13:39:03.338687+00:00,bc936294060c9d60cc9127a37c6fda1969abe1f7004c343bee8fc4c265a83362,1.0,1.0.0,True,ok,
stage2-run,official,stage2,digits,svm_rbf,2,label+gaussian+outliers,3,2,0.9368545532990679,0.937037037037037,0.06318426132202148,1257,540,"{""label_flipped"": 126, ""gaussian_cells"": 75420, ""outlier_cells"": 3771, ""missing_cells"": 0, ""n_train"": 1257, ""n_cells"": 80448}",2026-10-05T13:39:03.453780+00:00,bc936294060c9d60cc9127a37c6fda1969abe1f7004c343bee8fc4c265a83362,1.0,1.0.0,True,ok,
stage2-run,official,stage2,digits,decision_tree,2,label+gaussian+outliers,3,2,0.7543016474427531,0.7574074074074074,0.06388998031616211,1257,540,"{""label_flipped"": 126, ""gaussian_cells"": 75420, ""outlier_cells"": 3771, ""missing_cells"": 0, ""n_train"": 1257, ""n_cells"": 80448}",2026-10-05T13:39:03.521520+00:00,bc936294060c9d60cc9127a37c6fda1969abe1f7004c343bee8fc4c265a83362,1.0,1.0.0,True,ok,
stage2-run,official,stage2,digits,random_forest,2,label+gaussian+outliers,3,2,0.9462034078543008,0.9462962962962963,0.6211366653442383,1257,540,"{""label_flipped"": 126, ""gaussian_cells"": 75420, ""outlier_cells"": 3771, ""missing_cells"": 0, ""n_train"": 1257, ""n_cells"": 80448}",2026-10-05T13:39:04.157786+00:00,bc936294060c9d60cc9127a37c6fda1969abe1f7004c343bee8fc4c265a83362,1.0,1.0.0,True,ok,
stage2-run,official,stage2,digits,logreg,2,label+gaussian+outliers,3,3,0.8821306421178553,0.8833333333333333,0.015184402465820312,1257,540,"{""label_flipped"": 251, ""gaussian_cells"": 75420, ""outlier_cells"": 7542, ""missing_cells"": 0, ""n_train"": 1257, ""n_cells"": 80448}",2026-10-05T13:39:04.173524+00:00,bc936294060c9d60cc9127a37c6fda1969abe1f7004c343bee8fc4c265a83362,1.0,1.0.0,True,ok,
stage2-run,official,stage2,digits,svm_rbf,2,label+gaussian+outliers,3,3,0.8646741589302136,0.8685185185185185,0.08481049537658691,1257,540,"{""label_flipped"": 251, ""gaussian_cells"": 75420, ""outlier_cells"": 7542, ""missing_cells"": 0, ""n_train"": 1257, ""n_cells"": 80448}",2026-10-05T13:39:04.301059+00:00,bc936294060c9d60cc9127a37c6fda1969abe1f7004c343bee8fc4c265a83362,1.0,1.0.0,True,ok,
stage2-run,official,stage2,digits,decision_tree,2,label+gaussian+outliers,3,3,0.6821787110964909,0.6907407407407408,0.057358741760253906,1257,540,"{""label_flipped"": 251, ""gaussian_cells"": 75420, ""outlier_cells"": 7542, ""missing_cells"": 0, ""n_train"": 1257, ""n_cells"": 80448}",2026-10-05T13:39:04.370552+00:00,bc936294060c9d60cc9127a37c6fda1969abe1f7004c343bee8fc4c265a83362,1.0,1.0.0,True,ok,
stage2-run,official,stage2,digits,random_forest,2,label+gaussian+outliers,3,3,0.91977495879595,0.9203703703703704,0.6167376041412354,1257,540,"{""label_flipped"": 251, ""gaussian_cells"": 75420, ""outlier_cells"": 7542, ""missing_cells"": 0, ""n_train"": 1257, ""n_cells"": 80448}",2026-10-05T13:39:04.996452+00:00,bc936294060c9d60cc9127a37c6fda1969abe1f7004c343bee8fc4c265a83362,1.0,1.0.0,True,ok,
stage2-run,official,stage2,digits,logreg,2,label+gaussian+outliers,3,4,0.8400451456073748,0.8425925925925926,0.012410402297973633,1257,540,"{""label_flipped"": 377, ""gaussian_cells"": 75420, ""outlier_cells"": 11313, ""missing_cells"": 0, ""n_train"": 1257, ""n_cells"": 80448}",2026-10-05T13:39:05.018317+00:00,bc936294060c9d60cc9127a37c6fda1969abe1f7004c343bee8fc4c265a83362,1.0,1.0.0,True,ok,
stage2-run,official,stage2,digits,svm_rbf,2,label+gaussian+outliers,3,4,0.7898949110383311,0.7907407407407407,0.08281707763671875,1257,540,"{""label_flipped"": 377, ""gaussian_cells"": 75420, ""outlier_cells"": 11313, ""missing_cells"": 0, ""n_train"": 1257, ""n_cells"": 80448}",2026-10-05T13:39:05.136383+00:00,bc936294060c9d60cc9127a37c6fda1969abe1f7004c343bee8fc4c265a83362,1.0,1.0.0,True,ok,
stage2-run,official,stage2,digits,decision_tree,2,label+gaussian+outliers,3,4,0.4286722412098579,0.4222222222222222,0.06660699844360352,1257,540,"{""label_flipped"": 377, ""gaussian_cells"": 75420, ""outlier_cells"": 11313, ""missing_cells"": 0, ""n_train"": 1257, ""n_cells"": 80448}",2026-10-05T13:39:05.202990+00:00,bc936294060c9d60cc9127a37c6fda1969abe1f7004c343bee8fc4c265a83362,1.0,1.0.0,True,ok,
stage2-run,official,stage2,digits,random_forest,2,label+gaussian+outliers,3,4,0.7844516366679276,0.7851851851851852,0.635460376739502,1257,540,"{""label_flipped"": 377, ""gaussian_cells"": 75420, ""outlier_cells"": 11313, ""missing_cells"": 0, ""n_train"": 1257, ""n_cells"": 80448}",2026-10-05T13:39:05.855143+00:00,bc936294060c9d60cc9127a37c6fda1969abe1f7004c343bee8fc4c265a83362,1.0,1.0.0,True,ok,
stage2-run,official,stage2,digits,logreg,2,label+gaussian+outliers,3,5,0.7491322465853629,0.7574074074074074,0.008085250854492188,1257,540,"{""label_flipped"": 503, ""gaussian_cells"": 75420, ""outlier_cells"": 15084, ""missing_cells"": 0, ""n_train"": 1257, ""n_cells"": 80448}",2026-10-05T13:39:05.869762+00:00,bc936294060c9d60cc9127a37c6fda1969abe1f7004c343bee8fc4c265a83362,1.0,1.0.0,True,ok,
stage2-run,official,stage2,digits,svm_rbf,2,label+gaussian+outliers,3,5,0.5749903529679137,0.6018518518518519,0.06383919715881348,1257,540,"{""label_flipped"": 503, ""gaussian_cells"": 75420, ""outlier_cells"": 15084, ""missing_cells"": 0, ""n_train"": 1257, ""n_cells"": 80448}",2026-10-05T13:39:05.981742+00:00,bc936294060c9d60cc9127a37c6fda1969abe1f7004c343bee8fc4c265a83362,1.0,1.0.0,True,ok,
stage2-run,official,stage2,digits,decision_tree,2,label+gaussian+outliers,3,5,0.14511276787828564,0.17222222222222222,0.05509543418884277,1257,540,"{""label_flipped"": 503, ""gaussian_cells"": 75420, ""outlier_cells"": 15084, ""missing_cells"": 0, ""n_train"": 1257, ""n_cells"": 80448}",2026-10-05T13:39:06.052667+00:00,bc936294060c9d60cc9127a37c6fda1969abe1f7004c343bee8fc4c265a83362,1.0,1.0.0,True,ok,
stage2-run,official,stage2,digits,random_forest,2,label+gaussian+outliers,3,5,0.5508106072519292,0.587037037037037,0.625946044921875,1257,540,"{""label_flipped"": 503, ""gaussian_cells"": 75420, ""outlier_cells"": 15084, ""missing_cells"": 0, ""n_train"": 1257, ""n_cells"": 80448}",2026-10-05T13:39:06.703261+00:00,bc936294060c9d60cc9127a37c6fda1969abe1f7004c343bee8fc4c265a83362,1.0,1.0.0,True,ok,
stage2-run,official,stage2,digits,logreg,2,label+gaussian+missing,3,1,0.925689073810735,0.9259259259259259,0.031462669372558594,1257,540,"{""label_flipped"": 63, ""gaussian_cells"": 75420, ""outlier_cells"": 0, ""missing_cells"": 7806, ""n_train"": 1257, ""n_cells"": 80448}",2026-10-05T13:39:06.734723+00:00,bc936294060c9d60cc9127a37c6fda1969abe1f7004c343bee8fc4c265a83362,1.0,1.0.0,True,ok,
stage2-run,official,stage2,digits,svm_rbf,2,label+gaussian+missing,3,1,0.968546092157563,0.9685185185185186,0.031539201736450195,1257,540,"{""label_flipped"": 63, ""gaussian_cells"": 75420, ""outlier_cells"": 0, ""missing_cells"": 7806, ""n_train"": 1257, ""n_cells"": 80448}",2026-10-05T13:39:06.804214+00:00,bc936294060c9d60cc9127a37c6fda1969abe1f7004c343bee8fc4c265a83362,1.0,1.0.0,True,ok,
stage2-run,official,stage2,digits,decision_tree,2,label+gaussian+missing,3,1,0.8033444900081852,0.8055555555555556,0.06589698791503906,1257,540,"{""label_flipped"": 63, ""gaussian_cells"": 75420, ""outlier_cells"": 0, ""missing_cells"": 7806, ""n_train"": 1257, ""n_cells"": 80448}",2026-10-05T13:39:06.870111+00:00,bc936294060c9d60cc9127a37c6fda1969abe1f7004c343bee8fc4c265a83362,1.0,1.0.0,True,ok,
stage2-run,official,stage2,digits,random_forest,2,label+gaussian+missing,3,1,0.9495397549818604,0.95,0.5668210983276367,1257,540,"{""label_flipped"": 63, ""gaussian_cells"": 75420, ""outlier_cells"": 0, ""missing_cells"": 7806, ""n_train"": 1257, ""n_cells"": 80448}",2026-10-05T13:39:07.436932+00:00,bc936294060c9d60cc9127a37c6fda1969abe1f7004c343bee8fc4c265a83362,1.0,1.0.0,True,ok,
stage2-run,official,stage2,digits,logreg,2,label+gaussian+missing,3,2,0.9197491359152614,0.9203703703703704,0.015917539596557617,1257,540,"{""label_flipped"": 126, ""gaussian_cells"": 75420, ""outlier_cells"": 0, ""missing_cells"": 16133, ""n_train"": 1257, ""n_cells"": 80448}",2026-10-05T13:39:07.468636+00:00,bc936294060c9d60cc9127a37c6fda1969abe1f7004c343bee8fc4c265a83362,1.0,1.0.0,True,ok,
stage2-run,official,stage2,digits,svm_rbf,2,label+gaussian+missing,3,2,0.9497163714516657,0.95,0.05271339416503906,1257,540,"{""label_flipped"": 126, ""gaussian_cells"": 75420, ""outlier_cells"": 0, ""missing_cells"": 16133, ""n_train"": 1257, ""n_cells"": 80448}",2026-10-05T13:39:07.553750+00:00,bc936294060c9d60cc9127a37c6fda1969abe1f7004c343bee8fc4c265a83362,1.0,1.0.0,True,ok,
stage2-run,official,stage2,digits,decision_tree,2,label+gaussian+missing,3,2,0.7630829145956997,0.7648148148148148,0.06328225135803223,1257,540,"{""label_flipped"": 126, ""gaussian_cells"": 75420, ""outlier_cells"": 0, ""missing_cells"": 16133, ""n_train"": 1257, ""n_cells"": 80448}",2026-10-05T13:39:07.617032+00:00,bc936294060c9d60cc9127a37c6fda1969abe1f7004c343bee8fc4c265a83362,1.0,1.0.0,True,ok,
stage2-run,official,stage2,digits,random_forest,2,label+gaussian+missing,3,2,0.9402597518361964,0.9407407407407408,0.5861339569091797,1257,540,"{""label_flipped"": 126, ""gaussian_cells"": 75420, ""outlier_cells"": 0, ""missing_cells"": 16133, ""n_train"": 1257, ""n_cells"": 80448}",2026-10-05T13:39:08.203166+00:00,bc936294060c9d60cc9127a37c6fda1969abe1f7004c343bee8fc4c265a83362,1.0,1.0.0,True,ok,
stage2-run,official,stage2,digits,logreg,2,label+gaussian+missing,3,3,0.911166184296234,0.912962962962963,0.0166168212890625,1257,540,"{""label_flipped"": 251, ""gaussian_cells"": 75420, ""outlier_cells"": 0, ""missing_cells"": 24194, ""n_train"": 1257, ""n_cells"": 80448}",2026-10-05T13:39:08.234837+00:00,bc936294060c9d60cc9127a37c6fda1969abe1f7004c343bee8fc4c265a83362,1.0,1.0.0,True,ok,
stage2-run,official,stage2,digits,svm_rbf,2,label+gaussian+missing,3,3,0.934137746082981,0.9351851851851852,0.0601348876953125,1257,540,"{""label_flipped"": 251, ""gaussian_cells"": 75420, ""outlier_cells"": 0, ""missing_cells"": 24194, ""n_train"": 1257, ""n_cells"": 80448}",2026-10-05T13:39:08.338562+00:00,bc936294060c9d60cc9127a37c6fda1969abe1f7004c343bee8fc4c265a83362,1.0,1.0.0,True,ok,
stage2-run,official,stage2,digits,decision_tree,2,label+gaussian+missing,3,3,0.6424250186651786,0.6462962962962963,0.0640110969543457,1257,540,"{""label_flipped"": 251, ""gaussian_cells"": 75420, ""outlier_cells"": 0, ""missing_cells"": 24194, ""n_train"": 1257, ""n_cells"": 80448}",2026-10-05T13:39:08.402573+00:00,bc936294060c9d60cc9127a37c6fda1969abe1f7004c343bee8fc4c265a83362,1.0,1.0.0,True,ok,
stage2-run,official,stage2,digits,random_forest,2,label+gaussian+missing,3,3,0.8961409261211891,0.8981481481481481,0.581505537033081,1257,540,"{""label_flipped"": 251, ""gaussian_cells"": 75420, ""outlier_cells"": 0, ""missing_cells"": 24194, ""n_train"": 1257, ""n_cells"": 80448}",2026-10-05T13:39:08.999914+00:00,bc936294060c9d60cc9127a37c6fda1969abe1f7004c343bee8fc4c265a83362,1.0,1.0.0,True,ok,
stage2-run,official,stage2,digits,logreg,2,label+gaussian+missing,3,4,0.848393913209464,0.85,0.0,1257,540,"{""label_flipped"": 377, ""gaussian_cells"": 75420, ""outlier_cells"": 0, ""missing_cells"": 32084, ""n_train"": 1257, ""n_cells"": 80448}",2026-10-05T13:39:09.021510+00:00,bc936294060c9d60cc9127a37c6fda1969abe1f7004c343bee8fc4c265a83362,1.0,1.0.0,True,ok,
stage2-run,official,stage2,digits,svm_rbf,2,label+gaussian+missing,3,4,0.8576718452655347,0.8574074074074074,0.07832908630371094,1257,540,"{""label_flipped"": 377, ""gaussian_cells"": 75420, ""outlier_cells"": 0, ""missing_cells"": 32084, ""n_train"": 1257, ""n_cells"": 80448}",2026-10-05T13:39:09.147276+00:00,bc936294060c9d60cc9127a37c6fda1969abe1f7004c343bee8fc4c265a83362,1.0,1.0.0,True,ok,
stage2-run,official,stage2,digits,decision_tree,2,label+gaussian+missing,3,4,0.3623332511009179,0.3907407407407407,0.07358479499816895,1257,540,"{""label_flipped"": 377, ""gaussian_cells"": 75420, ""outlier_cells"": 0, ""missing_cells"": 32084, ""n_train"": 1257, ""n_cells"": 80448}",2026-10-05T13:39:09.220861+00:00,bc936294060c9d60cc9127a37c6fda1969abe1f7004c343bee8fc4c265a83362,1.0,1.0.0,True,ok,
stage2-run,official,stage2,digits,random_forest,2,label+gaussian+missing,3,4,0.7574408563813841,0.7685185185185185,0.6490130424499512,1257,540,"{""label_flipped"": 377, ""gaussian_cells"": 75420, ""outlier_cells"": 0, ""missing_cells"": 32084, ""n_train"": 1257, ""n_cells"": 80448}",2026-10-05T13:39:09.869874+00:00,bc936294060c9d60cc9127a37c6fda1969abe1f7004c343bee8fc4c265a83362,1.0,1.0.0,True,ok,
stage2-run,official,stage2,digits,logreg,2,label+gaussian+missing,3,5,0.8468196863651732,0.85,0.0,1257,540,"{""label_flipped"": 503, ""gaussian_cells"": 75420, ""outlier_cells"": 0, ""missing_cells"": 39987, ""n_train"": 1257, ""n_cells"": 80448}",2026-10-05T13:39:09.885700+00:00,bc936294060c9d60cc9127a37c6fda1969abe1f7004c343bee8fc4c265a83362,1.0,1.0.0,True,ok,
stage2-run,official,stage2,digits,svm_rbf,2,label+gaussian+missing,3,5,0.8563253823224757,0.8574074074074074,0.06978154182434082,1257,540,"{""label_flipped"": 503, ""gaussian_cells"": 75420, ""outlier_cells"": 0, ""missing_cells"": 39987, ""n_train"": 1257, ""n_cells"": 80448}",2026-10-05T13:39:10.021368+00:00,bc936294060c9d60cc9127a37c6fda1969abe1f7004c343bee8fc4c265a83362,1.0,1.0.0,True,ok,
stage2-run,official,stage2,digits,decision_tree,2,label+gaussian+missing,3,5,0.2665589229936669,0.2796296296296296,0.06251192092895508,1257,540,"{""label_flipped"": 503, ""gaussian_cells"": 75420, ""outlier_cells"": 0, ""missing_cells"": 39987, ""n_train"": 1257, ""n_cells"": 80448}",2026-10-05T13:39:10.083880+00:00,bc936294060c9d60cc9127a37c6fda1969abe1f7004c343bee8fc4c265a83362,1.0,1.0.0,True,ok,
stage2-run,official,stage2,digits,random_forest,2,label+gaussian+missing,3,5,0.574712328679978,0.6037037037037037,0.6663329601287842,1257,540,"{""label_flipped"": 503, ""gaussian_cells"": 75420, ""outlier_cells"": 0, ""missing_cells"": 39987, ""n_train"": 1257, ""n_cells"": 80448}",2026-10-05T13:39:10.771239+00:00,bc936294060c9d60cc9127a37c6fda1969abe1f7004c343bee8fc4c265a83362,1.0,1.0.0,True,ok,
stage2-run,official,stage2,digits,logreg,2,label+outliers+missing,3,1,0.9424546472136448,0.9425925925925925,0.022188425064086914,1257,540,"{""label_flipped"": 63, ""gaussian_cells"": 0, ""outlier_cells"": 1508, ""missing_cells"": 7806, ""n_train"": 1257, ""n_cells"": 80448}",2026-10-05T13:39:10.797492+00:00,bc936294060c9d60cc9127a37c6fda1969abe1f7004c343bee8fc4c265a83362,1.0,1.0.0,True,ok,
stage2-run,official,stage2,digits,svm_rbf,2,label+outliers+missing,3,1,0.9499111864555632,0.95,0.040239572525024414,1257,540,"{""label_flipped"": 63, ""gaussian_cells"": 0, ""outlier_cells"": 1508, ""missing_cells"": 7806, ""n_train"": 1257, ""n_cells"": 80448}",2026-10-05T13:39:10.871383+00:00,bc936294060c9d60cc9127a37c6fda1969abe1f7004c343bee8fc4c265a83362,1.0,1.0.0,True,ok,
stage2-run,official,stage2,digits,decision_tree,2,label+outliers+missing,3,1,0.8073073991666149,0.8074074074074075,0.015635013580322266,1257,540,"{""label_flipped"": 63, ""gaussian_cells"": 0, ""outlier_cells"": 1508, ""missing_cells"": 7806, ""n_train"": 1257, ""n_cells"": 80448}",2026-10-05T13:39:10.887018+00:00,bc936294060c9d60cc9127a37c6fda1969abe1f7004c343bee8fc4c265a83362,1.0,1.0.0,True,ok,
stage2-run,official,stage2,digits,random_forest,2,label+outliers+missing,3,1,0.9534444814416672,0.9537037037037037,0.24961304664611816,1257,540,"{""label_flipped"": 63, ""gaussian_cells"": 0, ""outlier_cells"": 1508, ""missing_cells"": 7806, ""n_train"": 1257, ""n_cells"": 80448}",2026-10-05T13:39:11.171496+00:00,bc936294060c9d60cc9127a37c6fda1969abe1f7004c343bee8fc4c265a83362,1.0,1.0.0,True,ok,
stage2-run,official,stage2,digits,logreg,2,label+outliers+missing,3,2,0.9157571684100848,0.9166666666666666,0.01702094078063965,1257,540,"{""label_flipped"": 126, ""gaussian_cells"": 0, ""outlier_cells"": 3771, ""missing_cells"": 16133, ""n_train"": 1257, ""n_cells"": 80448}",2026-10-05T13:39:11.188517+00:00,bc936294060c9d60cc9127a37c6fda1969abe1f7004c343bee8fc4c265a83362,1.0,1.0.0,True,ok,
stage2-run,official,stage2,digits,svm_rbf,2,label+outliers+missing,3,2,0.9296313183498451,0.9296296296296296,0.05078911781311035,1257,540,"{""label_flipped"": 126, ""gaussian_cells"": 0, ""outlier_cells"": 3771, ""missing_cells"": 16133, ""n_train"": 1257, ""n_cells"": 80448}",2026-10-05T13:39:11.303010+00:00,bc936294060c9d60cc9127a37c6fda1969abe1f7004c343bee8fc4c265a83362,1.0,1.0.0,True,ok,
stage2-run,official,stage2,digits,decision_tree,2,label+outliers+missing,3,2,0.7796756800792333,0.7814814814814814,0.03513836860656738,1257,540,"{""label_flipped"": 126, ""gaussian_cells"": 0, ""outlier_cells"": 3771, ""missing_cells"": 16133, ""n_train"": 1257, ""n_cells"": 80448}",2026-10-05T13:39:11.338148+00:00,bc936294060c9d60cc9127a37c6fda1969abe1f7004c343bee8fc4c265a83362,1.0,1.0.0,True,ok,
stage2-run,official,stage2,digits,random_forest,2,label+outliers+missing,3,2,0.9514536838927496,0.9518518518518518,0.31450891494750977,1257,540,"{""label_flipped"": 126, ""gaussian_cells"": 0, ""outlier_cells"": 3771, ""missing_cells"": 16133, ""n_train"": 1257, ""n_cells"": 80448}",2026-10-05T13:39:11.670736+00:00,bc936294060c9d60cc9127a37c6fda1969abe1f7004c343bee8fc4c265a83362,1.0,1.0.0,True,ok,
stage2-run,official,stage2,digits,logreg,2,label+outliers+missing,3,3,0.8691289962445113,0.8703703703703703,0.017179250717163086,1257,540,"{""label_flipped"": 251, ""gaussian_cells"": 0, ""outlier_cells"": 7542, ""missing_cells"": 24194, ""n_train"": 1257, ""n_cells"": 80448}",2026-10-05T13:39:11.689670+00:00,bc936294060c9d60cc9127a37c6fda1969abe1f7004c343bee8fc4c265a83362,1.0,1.0.0,True,ok,
stage2-run,official,stage2,digits,svm_rbf,2,label+outliers+missing,3,3,0.89168869534511,0.8925925925925926,0.09387755393981934,1257,540,"{""label_flipped"": 251, ""gaussian_cells"": 0, ""outlier_cells"": 7542, ""missing_cells"": 24194, ""n_train"": 1257, ""n_cells"": 80448}",2026-10-05T13:39:11.831174+00:00,bc936294060c9d60cc9127a37c6fda1969abe1f7004c343bee8fc4c265a83362,1.0,1.0.0,True,ok,
stage2-run,official,stage2,digits,decision_tree,2,label+outliers+missing,3,3,0.6414840226728327,0.6481481481481481,0.02338552474975586,1257,540,"{""label_flipped"": 251, ""gaussian_cells"": 0, ""outlier_cells"": 7542, ""missing_cells"": 24194, ""n_train"": 1257, ""n_cells"": 80448}",2026-10-05T13:39:11.854559+00:00,bc936294060c9d60cc9127a37c6fda1969abe1f7004c343bee8fc4c265a83362,1.0,1.0.0,True,ok,
stage2-run,official,stage2,digits,random_forest,2,label+outliers+missing,3,3,0.9165251065375093,0.9166666666666666,0.3454933166503906,1257,540,"{""label_flipped"": 251, ""gaussian_cells"": 0, ""outlier_cells"": 7542, ""missing_cells"": 24194, ""n_train"": 1257, ""n_cells"": 80448}",2026-10-05T13:39:12.218564+00:00,bc936294060c9d60cc9127a37c6fda1969abe1f7004c343bee8fc4c265a83362,1.0,1.0.0,True,ok,
stage2-run,official,stage2,digits,logreg,2,label+outliers+missing,3,4,0.7970218855266001,0.8037037037037037,0.0,1257,540,"{""label_flipped"": 377, ""gaussian_cells"": 0, ""outlier_cells"": 11313, ""missing_cells"": 32084, ""n_train"": 1257, ""n_cells"": 80448}",2026-10-05T13:39:12.250435+00:00,bc936294060c9d60cc9127a37c6fda1969abe1f7004c343bee8fc4c265a83362,1.0,1.0.0,True,ok,
stage2-run,official,stage2,digits,svm_rbf,2,label+outliers+missing,3,4,0.8204010831506446,0.8240740740740741,0.07948946952819824,1257,540,"{""label_flipped"": 377, ""gaussian_cells"": 0, ""outlier_cells"": 11313, ""missing_cells"": 32084, ""n_train"": 1257, ""n_cells"": 80448}",2026-10-05T13:39:12.374045+00:00,bc936294060c9d60cc9127a37c6fda1969abe1f7004c343bee8fc4c265a83362,1.0,1.0.0,True,ok,
stage2-run,official,stage2,digits,decision_tree,2,label+outliers+missing,3,4,0.5169863302855922,0.5259259259259259,0.031362056732177734,1257,540,"{""label_flipped"": 377, ""gaussian_cells"": 0, ""outlier_cells"": 11313, ""missing_cells"": 32084, ""n_train"": 1257, ""n_cells"": 80448}",2026-10-05T13:39:12.419384+00:00,bc936294060c9d60cc9127a37c6fda1969abe1f7004c343bee8fc4c265a83362,1.0,1.0.0,True,ok,
stage2-run,official,stage2,digits,random_forest,2,label+outliers+missing,3,4,0.86831927538743,0.8703703703703703,0.3656928539276123,1257,540,"{""label_flipped"": 377, ""gaussian_cells"": 0, ""outlier_cells"": 11313, ""missing_cells"": 32084, ""n_train"": 1257, ""n_cells"": 80448}",2026-10-05T13:39:12.801512+00:00,bc936294060c9d60cc9127a37c6fda1969abe1f7004c343bee8fc4c265a83362,1.0,1.0.0,True,ok,
stage2-run,official,stage2,digits,logreg,2,label+outliers+missing,3,5,0.7269446136322413,0.7388888888888889,0.0150604248046875,1257,540,"{""label_flipped"": 503, ""gaussian_cells"": 0, ""outlier_cells"": 15084, ""missing_cells"": 39987, ""n_train"": 1257, ""n_cells"": 80448}",2026-10-05T13:39:12.816573+00:00,bc936294060c9d60cc9127a37c6fda1969abe1f7004c343bee8fc4c265a83362,1.0,1.0.0,True,ok,
stage2-run,official,stage2,digits,svm_rbf,2,label+outliers+missing,3,5,0.7369029974235136,0.75,0.09170126914978027,1257,540,"{""label_flipped"": 503, ""gaussian_cells"": 0, ""outlier_cells"": 15084, ""missing_cells"": 39987, ""n_train"": 1257, ""n_cells"": 80448}",2026-10-05T13:39:12.952761+00:00,bc936294060c9d60cc9127a37c6fda1969abe1f7004c343bee8fc4c265a83362,1.0,1.0.0,True,ok,
stage2-run,official,stage2,digits,decision_tree,2,label+outliers+missing,3,5,0.31495533827648214,0.32592592592592595,0.016066312789916992,1257,540,"{""label_flipped"": 503, ""gaussian_cells"": 0, ""outlier_cells"": 15084, ""missing_cells"": 39987, ""n_train"": 1257, ""n_cells"": 80448}",2026-10-05T13:39:13.000812+00:00,bc936294060c9d60cc9127a37c6fda1969abe1f7004c343bee8fc4c265a83362,1.0,1.0.0,True,ok,
stage2-run,official,stage2,digits,random_forest,2,label+outliers+missing,3,5,0.8212492125813547,0.8277777777777777,0.36785316467285156,1257,540,"{""label_flipped"": 503, ""gaussian_cells"": 0, ""outlier_cells"": 15084, ""missing_cells"": 39987, ""n_train"": 1257, ""n_cells"": 80448}",2026-10-05T13:39:13.387868+00:00,bc936294060c9d60cc9127a37c6fda1969abe1f7004c343bee8fc4c265a83362,1.0,1.0.0,True,ok,
stage2-run,official,stage2,digits,logreg,2,gaussian+outliers+missing,3,1,0.9420816422230534,0.9425925925925925,0.031087875366210938,1257,540,"{""label_flipped"": 0, ""gaussian_cells"": 75420, ""outlier_cells"": 1508, ""missing_cells"": 7806, ""n_train"": 1257, ""n_cells"": 80448}",2026-10-05T13:39:13.418955+00:00,bc936294060c9d60cc9127a37c6fda1969abe1f7004c343bee8fc4c265a83362,1.0,1.0.0,True,ok,
stage2-run,official,stage2,digits,svm_rbf,2,gaussian+outliers+missing,3,1,0.946193783947314,0.9462962962962963,0.05164337158203125,1257,540,"{""label_flipped"": 0, ""gaussian_cells"": 75420, ""outlier_cells"": 1508, ""missing_cells"": 7806, ""n_train"": 1257, ""n_cells"": 80448}",2026-10-05T13:39:13.505049+00:00,bc936294060c9d60cc9127a37c6fda1969abe1f7004c343bee8fc4c265a83362,1.0,1.0.0,True,ok,
stage2-run,official,stage2,digits,decision_tree,2,gaussian+outliers+missing,3,1,0.7999131554449328,0.8018518518518518,0.06689071655273438,1257,540,"{""label_flipped"": 0, ""gaussian_cells"": 75420, ""outlier_cells"": 1508, ""missing_cells"": 7806, ""n_train"": 1257, ""n_cells"": 80448}",2026-10-05T13:39:13.586776+00:00,bc936294060c9d60cc9127a37c6fda1969abe1f7004c343bee8fc4c265a83362,1.0,1.0.0,True,ok,
stage2-run,official,stage2,digits,random_forest,2,gaussian+outliers+missing,3,1,0.9550898083287083,0.9555555555555556,0.633758544921875,1257,540,"{""label_flipped"": 0, ""gaussian_cells"": 75420, ""outlier_cells"": 1508, ""missing_cells"": 7806, ""n_train"": 1257, ""n_cells"": 80448}",2026-10-05T13:39:14.236393+00:00,bc936294060c9d60cc9127a37c6fda1969abe1f7004c343bee8fc4c265a83362,1.0,1.0.0,True,ok,
stage2-run,official,stage2,digits,logreg,2,gaussian+outliers+missing,3,2,0.9252189872083942,0.9259259259259259,0.03182721138000488,1257,540,"{""label_flipped"": 0, ""gaussian_cells"": 75420, ""outlier_cells"": 3771, ""missing_cells"": 16133, ""n_train"": 1257, ""n_cells"": 80448}",2026-10-05T13:39:14.268221+00:00,bc936294060c9d60cc9127a37c6fda1969abe1f7004c343bee8fc4c265a83362,1.0,1.0.0,True,ok,
stage2-run,official,stage2,digits,svm_rbf,2,gaussian+outliers+missing,3,2,0.9328826352515943,0.9333333333333333,0.06990265846252441,1257,540,"{""label_flipped"": 0, ""gaussian_cells"": 75420, ""outlier_cells"": 3771, ""missing_cells"": 16133, ""n_train"": 1257, ""n_cells"": 80448}",2026-10-05T13:39:14.388240+00:00,bc936294060c9d60cc9127a37c6fda1969abe1f7004c343bee8fc4c265a83362,1.0,1.0.0,True,ok,
stage2-run,official,stage2,digits,decision_tree,2,gaussian+outliers+missing,3,2,0.7547498289562329,0.7611111111111111,0.06254196166992188,1257,540,"{""label_flipped"": 0, ""gaussian_cells"": 75420, ""outlier_cells"": 3771, ""missing_cells"": 16133, ""n_train"": 1257, ""n_cells"": 80448}",2026-10-05T13:39:14.450782+00:00,bc936294060c9d60cc9127a37c6fda1969abe1f7004c343bee8fc4c265a83362,1.0,1.0.0,True,ok,
stage2-run,official,stage2,digits,random_forest,2,gaussian+outliers+missing,3,2,0.9418867751955105,0.9425925925925925,0.6650700569152832,1257,540,"{""label_flipped"": 0, ""gaussian_cells"": 75420, ""outlier_cells"": 3771, ""missing_cells"": 16133, ""n_train"": 1257, ""n_cells"": 80448}",2026-10-05T13:39:15.154702+00:00,bc936294060c9d60cc9127a37c6fda1969abe1f7004c343bee8fc4c265a83362,1.0,1.0.0,True,ok,
stage2-run,official,stage2,digits,logreg,2,gaussian+outliers+missing,3,3,0.8946855874231922,0.8962962962962963,0.0324854850769043,1257,540,"{""label_flipped"": 0, ""gaussian_cells"": 75420, ""outlier_cells"": 7542, ""missing_cells"": 24194, ""n_train"": 1257, ""n_cells"": 80448}",2026-10-05T13:39:15.187188+00:00,bc936294060c9d60cc9127a37c6fda1969abe1f7004c343bee8fc4c265a83362,1.0,1.0.0,True,ok,
stage2-run,official,stage2,digits,svm_rbf,2,gaussian+outliers+missing,3,3,0.9042165227358196,0.9055555555555556,0.10015177726745605,1257,540,"{""label_flipped"": 0, ""gaussian_cells"": 75420, ""outlier_cells"": 7542, ""missing_cells"": 24194, ""n_train"": 1257, ""n_cells"": 80448}",2026-10-05T13:39:15.353291+00:00,bc936294060c9d60cc9127a37c6fda1969abe1f7004c343bee8fc4c265a83362,1.0,1.0.0,True,ok,
stage2-run,official,stage2,digits,decision_tree,2,gaussian+outliers+missing,3,3,0.6128143124426101,0.6259259259259259,0.0854957103729248,1257,540,"{""label_flipped"": 0, ""gaussian_cells"": 75420, ""outlier_cells"": 7542, ""missing_cells"": 24194, ""n_train"": 1257, ""n_cells"": 80448}",2026-10-05T13:39:15.438786+00:00,bc936294060c9d60cc9127a37c6fda1969abe1f7004c343bee8fc4c265a83362,1.0,1.0.0,True,ok,
stage2-run,official,stage2,digits,random_forest,2,gaussian+outliers+missing,3,3,0.8766428422066805,0.8796296296296297,0.9170184135437012,1257,540,"{""label_flipped"": 0, ""gaussian_cells"": 75420, ""outlier_cells"": 7542, ""missing_cells"": 24194, ""n_train"": 1257, ""n_cells"": 80448}",2026-10-05T13:39:16.385006+00:00,bc936294060c9d60cc9127a37c6fda1969abe1f7004c343bee8fc4c265a83362,1.0,1.0.0,True,ok,
stage2-run,official,stage2,digits,logreg,2,gaussian+outliers+missing,3,4,0.8567818816105959,0.8592592592592593,0.03563952445983887,1257,540,"{""label_flipped"": 0, ""gaussian_cells"": 75420, ""outlier_cells"": 11313, ""missing_cells"": 32084, ""n_train"": 1257, ""n_cells"": 80448}",2026-10-05T13:39:16.421719+00:00,bc936294060c9d60cc9127a37c6fda1969abe1f7004c343bee8fc4c265a83362,1.0,1.0.0,True,ok,
stage2-run,official,stage2,digits,svm_rbf,2,gaussian+outliers+missing,3,4,0.8355081491804519,0.8388888888888889,0.1143031120300293,1257,540,"{""label_flipped"": 0, ""gaussian_cells"": 75420, ""outlier_cells"": 11313, ""missing_cells"": 32084, ""n_train"": 1257, ""n_cells"": 80448}",2026-10-05T13:39:16.603933+00:00,bc936294060c9d60cc9127a37c6fda1969abe1f7004c343bee8fc4c265a83362,1.0,1.0.0,True,ok,
stage2-run,official,stage2,digits,decision_tree,2,gaussian+outliers+missing,3,4,0.4151131093014687,0.4462962962962963,0.08325743675231934,1257,540,"{""label_flipped"": 0, ""gaussian_cells"": 75420, ""outlier_cells"": 11313, ""missing_cells"": 32084, ""n_train"": 1257, ""n_cells"": 80448}",2026-10-05T13:39:16.703417+00:00,bc936294060c9d60cc9127a37c6fda1969abe1f7004c343bee8fc4c265a83362,1.0,1.0.0,True,ok,
stage2-run,official,stage2,digits,random_forest,2,gaussian+outliers+missing,3,4,0.7738677780149464,0.7907407407407407,0.8311574459075928,1257,540,"{""label_flipped"": 0, ""gaussian_cells"": 75420, ""outlier_cells"": 11313, ""missing_cells"": 32084, ""n_train"": 1257, ""n_cells"": 80448}",2026-10-05T13:39:17.535692+00:00,bc936294060c9d60cc9127a37c6fda1969abe1f7004c343bee8fc4c265a83362,1.0,1.0.0,True,ok,
stage2-run,official,stage2,digits,logreg,2,gaussian+outliers+missing,3,5,0.8577460057266139,0.8592592592592593,0.015748262405395508,1257,540,"{""label_flipped"": 0, ""gaussian_cells"": 75420, ""outlier_cells"": 15084, ""missing_cells"": 39987, ""n_train"": 1257, ""n_cells"": 80448}",2026-10-05T13:39:17.567296+00:00,bc936294060c9d60cc9127a37c6fda1969abe1f7004c343bee8fc4c265a83362,1.0,1.0.0,True,ok,
stage2-run,official,stage2,digits,svm_rbf,2,gaussian+outliers+missing,3,5,0.7899412784828688,0.7944444444444444,0.10697174072265625,1257,540,"{""label_flipped"": 0, ""gaussian_cells"": 75420, ""outlier_cells"": 15084, ""missing_cells"": 39987, ""n_train"": 1257, ""n_cells"": 80448}",2026-10-05T13:39:17.749451+00:00,bc936294060c9d60cc9127a37c6fda1969abe1f7004c343bee8fc4c265a83362,1.0,1.0.0,True,ok,
stage2-run,official,stage2,digits,decision_tree,2,gaussian+outliers+missing,3,5,0.2677496615445947,0.2833333333333333,0.07247018814086914,1257,540,"{""label_flipped"": 0, ""gaussian_cells"": 75420, ""outlier_cells"": 15084, ""missing_cells"": 39987, ""n_train"": 1257, ""n_cells"": 80448}",2026-10-05T13:39:17.837706+00:00,bc936294060c9d60cc9127a37c6fda1969abe1f7004c343bee8fc4c265a83362,1.0,1.0.0,True,ok,
stage2-run,official,stage2,digits,random_forest,2,gaussian+outliers+missing,3,5,0.7019786779466353,0.7111111111111111,0.8486454486846924,1257,540,"{""label_flipped"": 0, ""gaussian_cells"": 75420, ""outlier_cells"": 15084, ""missing_cells"": 39987, ""n_train"": 1257, ""n_cells"": 80448}",2026-10-05T13:39:18.704583+00:00,bc936294060c9d60cc9127a37c6fda1969abe1f7004c343bee8fc4c265a83362,1.0,1.0.0,True,ok,
stage2-run,official,stage2,digits,logreg,2,label+gaussian+outliers+missing,4,1,0.9405443159843415,0.9407407407407408,0.04963493347167969,1257,540,"{""label_flipped"": 63, ""gaussian_cells"": 75420, ""outlier_cells"": 1508, ""missing_cells"": 7806, ""n_train"": 1257, ""n_cells"": 80448}",2026-10-05T13:39:18.754218+00:00,bc936294060c9d60cc9127a37c6fda1969abe1f7004c343bee8fc4c265a83362,1.0,1.0.0,True,ok,
stage2-run,official,stage2,digits,svm_rbf,2,label+gaussian+outliers+missing,4,1,0.9499459066234286,0.95,0.08207488059997559,1257,540,"{""label_flipped"": 63, ""gaussian_cells"": 75420, ""outlier_cells"": 1508, ""missing_cells"": 7806, ""n_train"": 1257, ""n_cells"": 80448}",2026-10-05T13:39:18.910067+00:00,bc936294060c9d60cc9127a37c6fda1969abe1f7004c343bee8fc4c265a83362,1.0,1.0.0,True,ok,
stage2-run,official,stage2,digits,decision_tree,2,label+gaussian+outliers+missing,4,1,0.7798986920204274,0.7814814814814814,0.10728216171264648,1257,540,"{""label_flipped"": 63, ""gaussian_cells"": 75420, ""outlier_cells"": 1508, ""missing_cells"": 7806, ""n_train"": 1257, ""n_cells"": 80448}",2026-10-05T13:39:19.026265+00:00,bc936294060c9d60cc9127a37c6fda1969abe1f7004c343bee8fc4c265a83362,1.0,1.0.0,True,ok,
stage2-run,official,stage2,digits,random_forest,2,label+gaussian+outliers+missing,4,1,0.9496346002734295,0.95,0.8214099407196045,1257,540,"{""label_flipped"": 63, ""gaussian_cells"": 75420, ""outlier_cells"": 1508, ""missing_cells"": 7806, ""n_train"": 1257, ""n_cells"": 80448}",2026-10-05T13:39:19.869853+00:00,bc936294060c9d60cc9127a37c6fda1969abe1f7004c343bee8fc4c265a83362,1.0,1.0.0,True,ok,
stage2-run,official,stage2,digits,logreg,2,label+gaussian+outliers+missing,4,2,0.9163250424683396,0.9166666666666666,0.01630091667175293,1257,540,"{""label_flipped"": 126, ""gaussian_cells"": 75420, ""outlier_cells"": 3771, ""missing_cells"": 16133, ""n_train"": 1257, ""n_cells"": 80448}",2026-10-05T13:39:19.886154+00:00,bc936294060c9d60cc9127a37c6fda1969abe1f7004c343bee8fc4c265a83362,1.0,1.0.0,True,ok,
stage2-run,official,stage2,digits,svm_rbf,2,label+gaussian+outliers+missing,4,2,0.9312557143074625,0.9314814814814815,0.06818771362304688,1257,540,"{""label_flipped"": 126, ""gaussian_cells"": 75420, ""outlier_cells"": 3771, ""missing_cells"": 16133, ""n_train"": 1257, ""n_cells"": 80448}",2026-10-05T13:39:20.020250+00:00,bc936294060c9d60cc9127a37c6fda1969abe1f7004c343bee8fc4c265a83362,1.0,1.0.0,True,ok,
stage2-run,official,stage2,digits,decision_tree,2,label+gaussian+outliers+missing,4,2,0.7029981519959961,0.7018518518518518,0.08086252212524414,1257,540,"{""label_flipped"": 126, ""gaussian_cells"": 75420, ""outlier_cells"": 3771, ""missing_cells"": 16133, ""n_train"": 1257, ""n_cells"": 80448}",2026-10-05T13:39:20.101113+00:00,bc936294060c9d60cc9127a37c6fda1969abe1f7004c343bee8fc4c265a83362,1.0,1.0.0,True,ok,
stage2-run,official,stage2,digits,random_forest,2,label+gaussian+outliers+missing,4,2,0.9306979281852152,0.9314814814814815,0.6489951610565186,1257,540,"{""label_flipped"": 126, ""gaussian_cells"": 75420, ""outlier_cells"": 3771, ""missing_cells"": 16133, ""n_train"": 1257, ""n_cells"": 80448}",2026-10-05T13:39:20.765932+00:00,bc936294060c9d60cc9127a37c6fda1969abe1f7004c343bee8fc4c265a83362,1.0,1.0.0,True,ok,
stage2-run,official,stage2,digits,logreg,2,label+gaussian+outliers+missing,4,3,0.862105860006533,0.8648148148148148,0.022804975509643555,1257,540,"{""label_flipped"": 251, ""gaussian_cells"": 75420, ""outlier_cells"": 7542, ""missing_cells"": 24194, ""n_train"": 1257, ""n_cells"": 80448}",2026-10-05T13:39:20.793336+00:00,bc936294060c9d60cc9127a37c6fda1969abe1f7004c343bee8fc4c265a83362,1.0,1.0.0,True,ok,
stage2-run,official,stage2,digits,svm_rbf,2,label+gaussian+outliers+missing,4,3,0.8834880828959765,0.8851851851851852,0.07052755355834961,1257,540,"{""label_flipped"": 251, ""gaussian_cells"": 75420, ""outlier_cells"": 7542, ""missing_cells"": 24194, ""n_train"": 1257, ""n_cells"": 80448}",2026-10-05T13:39:20.926793+00:00,bc936294060c9d60cc9127a37c6fda1969abe1f7004c343bee8fc4c265a83362,1.0,1.0.0,True,ok,
stage2-run,official,stage2,digits,decision_tree,2,label+gaussian+outliers+missing,4,3,0.4783714778884754,0.4925925925925926,0.0570521354675293,1257,540,"{""label_flipped"": 251, ""gaussian_cells"": 75420, ""outlier_cells"": 7542, ""missing_cells"": 24194, ""n_train"": 1257, ""n_cells"": 80448}",2026-10-05T13:39:20.989427+00:00,bc936294060c9d60cc9127a37c6fda1969abe1f7004c343bee8fc4c265a83362,1.0,1.0.0,True,ok,
stage2-run,official,stage2,digits,random_forest,2,label+gaussian+outliers+missing,4,3,0.848023604908707,0.8555555555555555,0.6316545009613037,1257,540,"{""label_flipped"": 251, ""gaussian_cells"": 75420, ""outlier_cells"": 7542, ""missing_cells"": 24194, ""n_train"": 1257, ""n_cells"": 80448}",2026-10-05T13:39:21.636397+00:00,bc936294060c9d60cc9127a37c6fda1969abe1f7004c343bee8fc4c265a83362,1.0,1.0.0,True,ok,
stage2-run,official,stage2,digits,logreg,2,label+gaussian+outliers+missing,4,4,0.7828841308335853,0.7925925925925926,0.018204927444458008,1257,540,"{""label_flipped"": 377, ""gaussian_cells"": 75420, ""outlier_cells"": 11313, ""missing_cells"": 32084, ""n_train"": 1257, ""n_cells"": 80448}",2026-10-05T13:39:21.654602+00:00,bc936294060c9d60cc9127a37c6fda1969abe1f7004c343bee8fc4c265a83362,1.0,1.0.0,True,ok,
stage2-run,official,stage2,digits,svm_rbf,2,label+gaussian+outliers+missing,4,4,0.7861940497038629,0.8,0.07888984680175781,1257,540,"{""label_flipped"": 377, ""gaussian_cells"": 75420, ""outlier_cells"": 11313, ""missing_cells"": 32084, ""n_train"": 1257, ""n_cells"": 80448}",2026-10-05T13:39:21.793282+00:00,bc936294060c9d60cc9127a37c6fda1969abe1f7004c343bee8fc4c265a83362,1.0,1.0.0,True,ok,
stage2-run,official,stage2,digits,decision_tree,2,label+gaussian+outliers+missing,4,4,0.23018507887623557,0.2537037037037037,0.05531048774719238,1257,540,"{""label_flipped"": 377, ""gaussian_cells"": 75420, ""outlier_cells"": 11313, ""missing_cells"": 32084, ""n_train"": 1257, ""n_cells"": 80448}",2026-10-05T13:39:21.852464+00:00,bc936294060c9d60cc9127a37c6fda1969abe1f7004c343bee8fc4c265a83362,1.0,1.0.0,True,ok,
stage2-run,official,stage2,digits,random_forest,2,label+gaussian+outliers+missing,4,4,0.6855798577930176,0.7055555555555556,0.6025562286376953,1257,540,"{""label_flipped"": 377, ""gaussian_cells"": 75420, ""outlier_cells"": 11313, ""missing_cells"": 32084, ""n_train"": 1257, ""n_cells"": 80448}",2026-10-05T13:39:22.493020+00:00,bc936294060c9d60cc9127a37c6fda1969abe1f7004c343bee8fc4c265a83362,1.0,1.0.0,True,ok,
stage2-run,official,stage2,digits,logreg,2,label+gaussian+outliers+missing,4,5,0.7076355254327189,0.7203703703703703,0.01120615005493164,1257,540,"{""label_flipped"": 503, ""gaussian_cells"": 75420, ""outlier_cells"": 15084, ""missing_cells"": 39987, ""n_train"": 1257, ""n_cells"": 80448}",2026-10-05T13:39:22.504227+00:00,bc936294060c9d60cc9127a37c6fda1969abe1f7004c343bee8fc4c265a83362,1.0,1.0.0,True,ok,
stage2-run,official,stage2,digits,svm_rbf,2,label+gaussian+outliers+missing,4,5,0.6331622325417239,0.6388888888888888,0.0790550708770752,1257,540,"{""label_flipped"": 503, ""gaussian_cells"": 75420, ""outlier_cells"": 15084, ""missing_cells"": 39987, ""n_train"": 1257, ""n_cells"": 80448}",2026-10-05T13:39:22.654902+00:00,bc936294060c9d60cc9127a37c6fda1969abe1f7004c343bee8fc4c265a83362,1.0,1.0.0,True,ok,
stage2-run,official,stage2,digits,decision_tree,2,label+gaussian+outliers+missing,4,5,0.11804728743443742,0.12962962962962962,0.06379199028015137,1257,540,"{""label_flipped"": 503, ""gaussian_cells"": 75420, ""outlier_cells"": 15084, ""missing_cells"": 39987, ""n_train"": 1257, ""n_cells"": 80448}",2026-10-05T13:39:22.734477+00:00,bc936294060c9d60cc9127a37c6fda1969abe1f7004c343bee8fc4c265a83362,1.0,1.0.0,True,ok,
stage2-run,official,stage2,digits,random_forest,2,label+gaussian+outliers+missing,4,5,0.4550492674538516,0.49074074074074076,0.6332495212554932,1257,540,"{""label_flipped"": 503, ""gaussian_cells"": 75420, ""outlier_cells"": 15084, ""missing_cells"": 39987, ""n_train"": 1257, ""n_cells"": 80448}",2026-10-05T13:39:23.370223+00:00,bc936294060c9d60cc9127a37c6fda1969abe1f7004c343bee8fc4c265a83362,1.0,1.0.0,True,ok,
