dataset,model,combo,level,n_seeds,f1_mean,f1_std,acc_mean,acc_std,fit_time_mean,rel_f1,drop_abs,drop_rel
breast_cancer,decision_tree,clean,0,3,0.9210039479114093,0.017079033704871956,0.9259259259259259,0.01688158681841014,0.008237679799397735,1.0,0.0,0.0
breast_cancer,decision_tree,gaussian,0,3,0.9210039479114093,0.017079033704871956,0.9259259259259259,0.01688158681841014,0.008237679799397735,1.0,0.0,0.0
breast_cancer,decision_tree,gaussian,1,3,0.9312127310310433,0.019012835281209867,0.935672514619883,0.01754385964912286,0.0069179534912109,1.0110844075563246,-0.010208783119634024,-0.011084407556324612
breast_cancer,decision_tree,gaussian,2,3,0.9245163212144344,0.011338165788579905,0.9298245614035087,0.011695906432748482,0.0101064046223958,1.0038136354474811,-0.003512373303025118,-0.0038136354474812423
breast_cancer,decision_tree,gaussian,3,3,0.8726235765520718,0.03368902465945462,0.8888888888888888,0.02679868827459558,0.007141908009846967,0.9474699631103088,0.04838037135933748,0.052530036889691115
breast_cancer,decision_tree,gaussian,4,3,0.8414208647471894,0.0633464187764997,0.8654970760233919,0.045673974712904394,0.0126279195149739,0.9135909424224586,0.07958308316421991,0.08640905757754141
breast_cancer,decision_tree,gaussian,5,3,0.7732050586611082,0.08398834656861492,0.8089668615984404,0.06777909805346478,0.008730411529541,0.8395241523280444,0.14779888925030105,0.1604758476719556
breast_cancer,decision_tree,gaussian+missing,0,3,0.9210039479114093,0.017079033704871956,0.9259259259259259,0.01688158681841014,0.008237679799397735,1.0,0.0,0.0
breast_cancer,decision_tree,gaussian+missing,1,3,0.9068944743565873,0.027608228460393628,0.912280701754386,0.02679868827459553,0.0023680528004964,0.9846803332528395,0.01410947355482195,0.01531966674716049
breast_cancer,decision_tree,gaussian+missing,2,3,0.9105177830587667,0.02256717021703564,0.9181286549707602,0.02025790418209213,0.0034985542297363,0.988614419214573,0.010486164852642532,0.01138558078542698
breast_cancer,decision_tree,gaussian+missing,3,3,0.9016368911968567,0.019403110138706117,0.9122807017543858,0.015472229889266652,0.0066006183624267,0.978971798374511,0.019367056714552522,0.021028201625489042
breast_cancer,decision_tree,gaussian+missing,4,3,0.8420908787033593,0.0468904043875278,0.8615984405458089,0.03980619465236279,0.002311706542968733,0.9143184245985007,0.07891306920804997,0.08568157540149933
breast_cancer,decision_tree,gaussian+missing,5,3,0.7319681047255986,0.08274875072932307,0.7855750487329435,0.05306299254899105,0.009605884552001934,0.7947502357460102,0.18903584318581068,0.20524976425398983
breast_cancer,decision_tree,gaussian+outliers,0,3,0.9210039479114093,0.017079033704871956,0.9259259259259259,0.01688158681841014,0.008237679799397735,1.0,0.0,0.0
breast_cancer,decision_tree,gaussian+outliers,1,3,0.93239430874026,0.02080607485113163,0.9376218323586745,0.018798539495112898,0.004341363906860333,1.012367331165823,-0.011390360828850699,-0.012367331165822896
breast_cancer,decision_tree,gaussian+outliers,2,3,0.9313489244769827,0.02673728501216912,0.935672514619883,0.025490637096729198,0.0,1.0112322825423639,-0.010344976565573427,-0.011232282542363763
breast_cancer,decision_tree,gaussian+outliers,3,3,0.877706839653158,0.05654708688988193,0.8927875243664717,0.04690529986555926,0.008514006932576467,0.9529892262064267,0.04329710825825128,0.04701077379357336
breast_cancer,decision_tree,gaussian+outliers,4,3,0.8770040970909078,0.013536944679716103,0.8888888888888888,0.01547222988926659,0.0073668162027994664,0.9522262082369121,0.04399985082050151,0.04777379176308789
breast_cancer,decision_tree,gaussian+outliers,5,3,0.7969820949042573,0.08717322238291492,0.8323586744639376,0.058576916964197735,0.0013645490010579335,0.8653405848168183,0.12402185300715196,0.13465941518318175
breast_cancer,decision_tree,gaussian+outliers+missing,0,3,0.9210039479114093,0.017079033704871956,0.9259259259259259,0.01688158681841014,0.008237679799397735,1.0,0.0,0.0
breast_cancer,decision_tree,gaussian+outliers+missing,1,3,0.9118250170881751,0.018793885283482612,0.9161793372319688,0.01786579218306369,0.008713881174723267,0.9900337768974286,0.009178930823234177,0.009966223102571425
breast_cancer,decision_tree,gaussian+outliers+missing,2,3,0.9349439944708382,0.013382178002648045,0.939571150097466,0.012173485376994999,0.005308469136555967,1.0151357077144363,-0.013940046559428931,-0.01513570771443622
breast_cancer,decision_tree,gaussian+outliers+missing,3,3,0.8537303579125509,0.023606553591691982,0.8713450292397661,0.02025790418209213,0.007810513178507433,0.9269562414456346,0.06727358999885835,0.07304375855436544
breast_cancer,decision_tree,gaussian+outliers+missing,4,3,0.8597225558462397,0.037797404199056764,0.8732943469785575,0.0342658788133469,0.0024768511454264,0.9334624002381973,0.06128139206516958,0.06653759976180275
breast_cancer,decision_tree,gaussian+outliers+missing,5,3,0.7111615959965536,0.0935898502327817,0.7446393762183235,0.0497362605152946,0.0052807331085205,0.7721591178944216,0.20984235191485567,0.2278408821055784
breast_cancer,decision_tree,label,0,3,0.9210039479114093,0.017079033704871956,0.9259259259259259,0.01688158681841014,0.008237679799397735,1.0,0.0,0.0
breast_cancer,decision_tree,label,1,3,0.8488427032021691,0.00905596812750172,0.8576998050682261,0.008932896091531828,0.012945810953775968,0.9216493643997048,0.07216124470924012,0.07835063560029523
breast_cancer,decision_tree,label,2,3,0.8156242814530325,0.01607743135243812,0.8245614035087719,0.01547222988926659,0.0145447254180908,0.8855817429476283,0.10537966645837682,0.11441825705237174
breast_cancer,decision_tree,label,3,3,0.7199242011619463,0.017364523958514393,0.7290448343079922,0.014717026189611626,0.0142470200856526,0.7816733063897738,0.20107974674946294,0.21832669361022616
breast_cancer,decision_tree,label,4,3,0.6745695387841658,0.031038238714378122,0.6803118908382068,0.027010538909456174,0.0031992594401041665,0.7324284986116609,0.24643440912724346,0.26757150138833913
breast_cancer,decision_tree,label,5,3,0.5807456845593606,0.01722440772260818,0.5925925925925926,0.017865792183063705,0.007700522740681934,0.6305572151740897,0.3402582633520487,0.3694427848259103
breast_cancer,decision_tree,label+gaussian,0,3,0.9210039479114093,0.017079033704871956,0.9259259259259259,0.01688158681841014,0.008237679799397735,1.0,0.0,0.0
breast_cancer,decision_tree,label+gaussian,1,3,0.891604126940425,0.019414262126395417,0.8986354775828459,0.018798539495113002,0.004212061564127566,0.9680785071142689,0.02939982097098426,0.03192149288573105
breast_cancer,decision_tree,label+gaussian,2,3,0.8806621179632064,0.02048707072526764,0.888888888888889,0.021085095178152012,0.012259801228841133,0.9561979836897688,0.0403418299482029,0.04380201631023123
breast_cancer,decision_tree,label+gaussian,3,3,0.8228733307250368,0.042074236358661574,0.8401559454191032,0.03325286960863932,0.013059854507446234,0.8934525553241042,0.0981306171863725,0.1065474446758958
breast_cancer,decision_tree,label+gaussian,4,3,0.7230153111978544,0.0805523402984137,0.7699805068226121,0.05306299254899101,0.008039951324462866,0.785029546113738,0.19798863671355482,0.21497045388626196
breast_cancer,decision_tree,label+gaussian,5,3,0.7701109451827958,0.11573960239244155,0.7797270955165692,0.1240997586151813,0.010085344314575166,0.8361646515513875,0.1508930027286135,0.1638353484486125
breast_cancer,decision_tree,label+gaussian+missing,0,3,0.9210039479114093,0.017079033704871956,0.9259259259259259,0.01688158681841014,0.008237679799397735,1.0,0.0,0.0
breast_cancer,decision_tree,label+gaussian+missing,1,3,0.8887559749823901,0.012073552578068764,0.8966861598440546,0.008932896091531816,0.008264382680257133,0.9649860643896816,0.03224797292901915,0.03501393561031843
breast_cancer,decision_tree,label+gaussian+missing,2,3,0.9113162978190926,0.015549016733658771,0.9181286549707602,0.015472229889266631,0.008717616399129201,0.9894814239240932,0.009687650092316646,0.010518576075906783
breast_cancer,decision_tree,label+gaussian+missing,3,3,0.7666729049198642,0.003462015053412372,0.7855750487329435,0.017865792183063705,0.013482332229614202,0.8324317248134205,0.1543310429915451,0.16756827518657944
breast_cancer,decision_tree,label+gaussian+missing,4,3,0.7811806390125788,0.025450522895622902,0.7894736842105262,0.029239766081871343,0.0032628377278645666,0.8481838115722389,0.13982330889883043,0.15181618842776115
breast_cancer,decision_tree,label+gaussian+missing,5,3,0.6677385303755025,0.12720617398176803,0.6861598440545809,0.11817110772887077,0.009495655695597299,0.7250115831639538,0.2532654175359068,0.27498841683604625
breast_cancer,decision_tree,label+gaussian+outliers,0,3,0.9210039479114093,0.017079033704871956,0.9259259259259259,0.01688158681841014,0.008237679799397735,1.0,0.0,0.0
breast_cancer,decision_tree,label+gaussian+outliers,1,3,0.9038749196459476,0.007075975151644108,0.9103313840155945,0.006752634727364108,0.0034046173095703,0.9814017862743089,0.0171290282654617,0.018598213725691138
breast_cancer,decision_tree,label+gaussian+outliers,2,3,0.8816219958429308,0.04392736694306463,0.8908382066276803,0.04230513531035229,0.008518060048421166,0.9572401919038608,0.0393819520684785,0.04275980809613926
breast_cancer,decision_tree,label+gaussian+outliers,3,3,0.8176927321108227,0.02662947153858053,0.8362573099415206,0.02025790418209213,0.010430415471394802,0.8878276080847767,0.10331121580058655,0.11217239191522335
breast_cancer,decision_tree,label+gaussian+outliers,4,3,0.6823937482855996,0.1352341946542908,0.6959064327485379,0.14372170441455562,0.009280920028686466,0.7409238036743341,0.23861019962580965,0.2590761963256659
breast_cancer,decision_tree,label+gaussian+outliers,5,3,0.47071897376007327,0.013117854150665046,0.5204678362573099,0.045673974712904436,0.007423321406046533,0.5110933289998789,0.450284974151336,0.4889066710001211
breast_cancer,decision_tree,label+gaussian+outliers+missing,0,3,0.9210039479114093,0.017079033704871956,0.9259259259259259,0.01688158681841014,0.008237679799397735,1.0,0.0,0.0
breast_cancer,decision_tree,label+gaussian+outliers+missing,1,3,0.8907924211173158,0.02245531628645212,0.8966861598440546,0.020537336750200294,0.0106565952301025,0.9671971799224042,0.030211526794093446,0.03280282007759588
breast_cancer,decision_tree,label+gaussian+outliers+missing,2,3,0.9059471820608215,0.03899024139229786,0.9122807017543858,0.03652045613098473,0.007903416951497365,0.9836517901093339,0.015056765850587794,0.016348209890666064
breast_cancer,decision_tree,label+gaussian+outliers+missing,3,3,0.8302438621126954,0.031809500000223694,0.8401559454191032,0.02763634869153575,0.012373606363932234,0.9014552695408815,0.09076008579871386,0.09854473045911852
breast_cancer,decision_tree,label+gaussian+outliers+missing,4,3,0.7163302188182694,0.08554611725264091,0.7309941520467836,0.0935672514619883,0.005353450775146467,0.7777710621574585,0.20467372909313986,0.22222893784254144
breast_cancer,decision_tree,label+gaussian+outliers+missing,5,3,0.6339248174575086,0.16914517736440865,0.6569200779727095,0.1744938826708353,0.0025058587392171,0.688297611421841,0.28707913045390065,0.3117023885781591
breast_cancer,decision_tree,label+missing,0,3,0.9210039479114093,0.017079033704871956,0.9259259259259259,0.01688158681841014,0.008237679799397735,1.0,0.0,0.0
breast_cancer,decision_tree,label+missing,1,3,0.8650180604544572,0.020827471620087044,0.8732943469785575,0.018798539495112985,0.008361736933390233,0.9392121091512006,0.0559858874569521,0.060787890848799424
breast_cancer,decision_tree,label+missing,2,3,0.8482277934808703,0.00650759464767349,0.8538011695906432,0.005847953216374269,0.008560260136922166,0.9209817128411057,0.07277615443053898,0.0790182871588942
breast_cancer,decision_tree,label+missing,3,3,0.72630443435642,0.04265518691393634,0.7348927875243665,0.041488882366067764,0.014189004898071234,0.7886007828777328,0.19469951355498927,0.2113992171222672
breast_cancer,decision_tree,label+missing,4,3,0.5316356173475413,0.03265459099276972,0.543859649122807,0.03508771929824561,0.010554631551106702,0.5772348951957793,0.389368330563868,0.42276510480422075
breast_cancer,decision_tree,label+missing,5,3,0.5811834640910899,0.020535308090921908,0.5906432748538012,0.02025790418209213,0.007659037907918266,0.6310325437899138,0.3398204838203194,0.36896745621008614
breast_cancer,decision_tree,label+outliers,0,3,0.9210039479114093,0.017079033704871956,0.9259259259259259,0.01688158681841014,0.008237679799397735,1.0,0.0,0.0
breast_cancer,decision_tree,label+outliers,1,3,0.9031967112780154,0.01876816949385864,0.9083820662768032,0.018798539495112985,0.0044112205505371,0.980665406838075,0.017807236633393897,0.019334593161925036
breast_cancer,decision_tree,label+outliers,2,3,0.8414535911487063,0.02314769696117349,0.8538011695906432,0.023391812865497075,0.0033555030822753668,0.9136264758222786,0.07955035676270295,0.08637352417772137
breast_cancer,decision_tree,label+outliers,3,3,0.7954480136595191,0.0493492385193282,0.8070175438596491,0.04678362573099415,0.008343696594238233,0.8636749228528092,0.12555593425189016,0.13632507714719078
breast_cancer,decision_tree,label+outliers,4,3,0.7609768271464535,0.0332746399494912,0.7719298245614036,0.03557171070349838,0.010638157526652,0.8262470849035398,0.16002712076495573,0.17375291509646018
breast_cancer,decision_tree,label+outliers,5,3,0.6077533341243239,0.06479440335877647,0.6159844054580897,0.059733151836431055,0.004309892654418934,0.6598813561033543,0.3132506137870854,0.34011864389664564
breast_cancer,decision_tree,label+outliers+missing,0,3,0.9210039479114093,0.017079033704871956,0.9259259259259259,0.01688158681841014,0.008237679799397735,1.0,0.0,0.0
breast_cancer,decision_tree,label+outliers+missing,1,3,0.8700615861990211,0.038505960017739385,0.8771929824561404,0.038347593709368445,0.006678660710652633,0.9446882265511327,0.050942361712388196,0.055311773448867244
breast_cancer,decision_tree,label+outliers+missing,2,3,0.8790178839481948,0.05851671161694025,0.884990253411306,0.056193120099023657,0.010632038116455066,0.9544127209677791,0.04198606396321447,0.045587279032220915
breast_cancer,decision_tree,label+outliers+missing,3,3,0.8366953102114802,0.007340525943900956,0.8440545808966862,0.003376317363682054,0.0086441040039062,0.9084600691548408,0.08430863769992902,0.09153993084515921
breast_cancer,decision_tree,label+outliers+missing,4,3,0.6306038105837884,0.011439948338392902,0.6530214424951267,0.014717026189611567,0.004873196283976234,0.68469175622301,0.2904001373276208,0.31530824377698996
breast_cancer,decision_tree,label+outliers+missing,5,3,0.5181905363582325,0.08820859358317998,0.5282651072124757,0.0763226976625805,0.010979016621907534,0.5626366070779069,0.40281341155317674,0.4373633929220932
breast_cancer,decision_tree,missing,0,3,0.9210039479114093,0.017079033704871956,0.9259259259259259,0.01688158681841014,0.008237679799397735,1.0,0.0,0.0
breast_cancer,decision_tree,missing,1,3,0.9107116367535029,0.02467851904240294,0.9161793372319688,0.02363422154577409,0.012466828028360966,0.9888249000655789,0.010292311157906409,0.011175099934421149
breast_cancer,decision_tree,missing,2,3,0.927571166321727,0.01532822612788263,0.9317738791423001,0.014717026189611626,0.009326855341593367,1.0071304997391275,-0.00656721841031771,-0.007130499739127509
breast_cancer,decision_tree,missing,3,3,0.9043094472079295,0.00873617027105473,0.9103313840155945,0.008932896091531889,0.0,0.9818735839934906,0.016694500703479775,0.018126416006509462
breast_cancer,decision_tree,missing,4,3,0.9115561829424585,0.01161509270921336,0.9161793372319688,0.012173485376994964,0.012142658233642535,0.9897418843965048,0.009447764968950723,0.010258115603495216
breast_cancer,decision_tree,missing,5,3,0.8886148228505374,0.016479872591946002,0.8947368421052632,0.015472229889266652,0.0072193145751952995,0.9648328054029283,0.03238912506087188,0.03516719459707177
breast_cancer,decision_tree,outliers,0,3,0.9210039479114093,0.017079033704871956,0.9259259259259259,0.01688158681841014,0.008237679799397735,1.0,0.0,0.0
breast_cancer,decision_tree,outliers,1,3,0.9299455323206273,0.009527157936891337,0.9337231968810915,0.008932896091531828,0.007381439208984367,1.009708519088865,-0.008941584409217995,-0.009708519088865056
breast_cancer,decision_tree,outliers,2,3,0.9369219413528128,0.016274155444171032,0.9415204678362573,0.015472229889266526,0.0073585510253906,1.0172833064152453,-0.015917993441403544,-0.01728330641524534
breast_cancer,decision_tree,outliers,3,3,0.9350537285868498,0.029411766505434568,0.939571150097466,0.027636348691535688,0.0028364658355712665,1.0152548539094775,-0.014049780675440493,-0.015254853909477412
breast_cancer,decision_tree,outliers,4,3,0.932853481930073,0.015493344932642502,0.9376218323586745,0.013505269454728151,0.006242354710896767,1.0128658884096375,-0.011849534018663732,-0.012865888409637448
breast_cancer,decision_tree,outliers,5,3,0.9331741580105176,0.00884349691889435,0.9376218323586745,0.008932896091531889,0.002148946126302033,1.013214069414911,-0.012170210099108347,-0.013214069414910903
breast_cancer,decision_tree,outliers+missing,0,3,0.9210039479114093,0.017079033704871956,0.9259259259259259,0.01688158681841014,0.008237679799397735,1.0,0.0,0.0
breast_cancer,decision_tree,outliers+missing,1,3,0.922793041548073,0.03253659257532359,0.9278752436647174,0.030009365142964272,0.0022441546122233,1.0019425471961558,-0.0017890936366636856,-0.0019425471961557511
breast_cancer,decision_tree,outliers+missing,2,3,0.935995292799838,0.013832894390861727,0.939571150097466,0.013505269454728151,0.0017511049906412668,1.016277177662946,-0.014991344888428682,-0.01627717766294601
breast_cancer,decision_tree,outliers+missing,3,3,0.917063350208304,0.00920063374740223,0.9220272904483431,0.008932896091531816,0.0076066652933756,0.9957214106279983,0.003940597703105286,0.004278589372001617
breast_cancer,decision_tree,outliers+missing,4,3,0.9041888125822998,0.031669613384025616,0.9103313840155945,0.02943405237922314,0.002838532129923467,0.9817426023338535,0.0168151353291095,0.018257397666146525
breast_cancer,decision_tree,outliers+missing,5,3,0.8836087082033224,0.021303218132549935,0.8888888888888888,0.021085095178151967,0.0105027357737223,0.9593973079128604,0.03739523970808689,0.04060269208713958
breast_cancer,logreg,clean,0,3,0.9581174145455217,0.0034130994214324286,0.9610136452241714,0.003376317363682118,0.009910821914672801,1.0,0.0,0.0
breast_cancer,logreg,gaussian,0,3,0.9581174145455217,0.0034130994214324286,0.9610136452241714,0.003376317363682118,0.009910821914672801,1.0,0.0,0.0
breast_cancer,logreg,gaussian,1,3,0.9557762197247727,0.006199084037918739,0.9590643274853802,0.005847953216374213,0.0018342336018879666,0.9975564635552945,0.002341194820749015,0.0024435364447055264
breast_cancer,logreg,gaussian,2,3,0.9558838004001268,0.006154777027274813,0.9590643274853802,0.005847953216374213,0.0034767786661783332,0.9976687469495016,0.002233614145394913,0.0023312530504984268
breast_cancer,logreg,gaussian,3,3,0.9533829829189161,0.009722682246627479,0.9571150097465887,0.008932896091531804,0.0,0.9950586101925187,0.004734431626605584,0.004941389807481308
breast_cancer,logreg,gaussian,4,3,0.9336193788944432,0.009344105879812992,0.939571150097466,0.008932896091531865,0.0017864704132079668,0.974431071516742,0.024498035651078442,0.02556892848325794
breast_cancer,logreg,gaussian,5,3,0.9294586609529318,0.0008299534531822393,0.935672514619883,0.0,0.006730556488037067,0.9700884743795373,0.028658753592589847,0.029911525620462693
breast_cancer,logreg,gaussian+missing,0,3,0.9581174145455217,0.0034130994214324286,0.9610136452241714,0.003376317363682118,0.009910821914672801,1.0,0.0,0.0
breast_cancer,logreg,gaussian+missing,1,3,0.9515661908616752,0.009543147545025204,0.9551656920077973,0.008932896091531816,0.0,0.9931623999476576,0.00655122368384653,0.006837600052342302
breast_cancer,logreg,gaussian+missing,2,3,0.9496486034747949,0.005790952844138758,0.9532163742690059,0.005847953216374158,0.005491415659586566,0.9911609882649467,0.008468811070726834,0.008839011735053342
breast_cancer,logreg,gaussian+missing,3,3,0.9535037097040027,0.009673135398227277,0.9571150097465887,0.008932896091531804,0.0064599514007568,0.9951846143578263,0.004613704841519017,0.004815385642173622
breast_cancer,logreg,gaussian+missing,4,3,0.926104425326772,0.017944109241955115,0.9317738791423001,0.01786579218306369,0.0005811055501302,0.9665876136549142,0.03201298921874973,0.03341238634508584
breast_cancer,logreg,gaussian+missing,5,3,0.9342790362455284,0.00920814333094062,0.939571150097466,0.008932896091531865,0.0108904838562011,0.9751195647442638,0.023838378299993246,0.024880435255736234
breast_cancer,logreg,gaussian+outliers,0,3,0.9581174145455217,0.0034130994214324286,0.9610136452241714,0.003376317363682118,0.009910821914672801,1.0,0.0,0.0
breast_cancer,logreg,gaussian+outliers,1,3,0.9600849161079466,0.0031627159320962548,0.9629629629629629,0.003376317363682118,0.003361701965332,1.0020535077773929,-0.001967501562424867,-0.002053507777392964
breast_cancer,logreg,gaussian+outliers,2,3,0.9494453654097273,0.012302162725335122,0.9532163742690059,0.011695906432748593,0.005231698354085267,0.9909488659697226,0.008672049135794335,0.009051134030277363
breast_cancer,logreg,gaussian+outliers,3,3,0.9334036956722264,0.007470086801929988,0.939571150097466,0.006752634727364108,0.002273082733154267,0.9742059600440327,0.02471371887329532,0.02579403995596735
breast_cancer,logreg,gaussian+outliers,4,3,0.9197896479749964,0.023245265442426763,0.9278752436647174,0.020537336750200353,0.0050052007039388,0.9599967958116011,0.03832776657052528,0.04000320418839884
breast_cancer,logreg,gaussian+outliers,5,3,0.8808925982136707,0.011168455572218737,0.8947368421052632,0.010128952091046034,0.002569834391276,0.9193994231192613,0.07722481633185097,0.08060057688073875
breast_cancer,logreg,gaussian+outliers+missing,0,3,0.9581174145455217,0.0034130994214324286,0.9610136452241714,0.003376317363682118,0.009910821914672801,1.0,0.0,0.0
breast_cancer,logreg,gaussian+outliers+missing,1,3,0.9599944123433516,0.003081422458424939,0.9629629629629629,0.003376317363682118,0.005430777867635066,1.001959047784055,-0.0018769977978299046,-0.0019590477840549943
breast_cancer,logreg,gaussian+outliers+missing,2,3,0.9492743269529531,0.006348981926560516,0.9532163742690059,0.005847953216374158,0.005230824152628567,0.9907703508376755,0.008843087592568577,0.009229649162324487
breast_cancer,logreg,gaussian+outliers+missing,3,3,0.9379966753893765,0.007701347902304547,0.9434697855750488,0.006752634727364108,0.005348285039265933,0.9789997145958469,0.020120739156145206,0.021000285404153083
breast_cancer,logreg,gaussian+outliers+missing,4,3,0.931343635518946,0.009927182037446705,0.9376218323586745,0.008932896091531889,0.006798187891642234,0.9720558476235652,0.02677377902657574,0.02794415237643473
breast_cancer,logreg,gaussian+outliers+missing,5,3,0.8999597541211969,0.010062255884801601,0.9103313840155945,0.008932896091531889,0.0015079180399576668,0.9393000695515887,0.0581576604243248,0.06069993044841127
breast_cancer,logreg,label,0,3,0.9581174145455217,0.0034130994214324286,0.9610136452241714,0.003376317363682118,0.009910821914672801,1.0,0.0,0.0
breast_cancer,logreg,label,1,3,0.9342257599723774,0.007190042293032988,0.939571150097466,0.006752634727364108,0.005808989206949834,0.9750639595832029,0.02389165457314424,0.024936040416797065
breast_cancer,logreg,label,2,3,0.9221740001597398,0.030657875291309526,0.9278752436647174,0.028847268200679798,0.0006688435872395667,0.962485376176122,0.03594341438578186,0.03751462382387804
breast_cancer,logreg,label,3,3,0.9219339894881936,0.035153315487658175,0.9278752436647174,0.032208014896409974,0.012462139129638635,0.962234873818162,0.03618342505732808,0.03776512618183807
breast_cancer,logreg,label,4,3,0.8763806807361171,0.022298844085637315,0.884990253411306,0.0236342215457741,0.0131889184315999,0.9146902743144733,0.0817367338094046,0.08530972568552678
breast_cancer,logreg,label,5,3,0.7364418796260296,0.0250713698749496,0.7504873294346979,0.02213999355087828,0.013911088307698499,0.768634270127902,0.2216755349194921,0.231365729872098
breast_cancer,logreg,label+gaussian,0,3,0.9581174145455217,0.0034130994214324286,0.9610136452241714,0.003376317363682118,0.009910821914672801,1.0,0.0,0.0
breast_cancer,logreg,label+gaussian,1,3,0.93196584377439,0.012061518152449055,0.9376218323586745,0.012173485376994964,0.0009892781575520668,0.9727052547275361,0.026151570771131727,0.027294745272463915
breast_cancer,logreg,label+gaussian,2,3,0.9303280161882311,0.02265207465231051,0.935672514619883,0.021085095178151984,0.0072549978892008,0.9709958321021935,0.02778939835729055,0.02900416789780647
breast_cancer,logreg,label+gaussian,3,3,0.9387528119571309,0.025073265732008267,0.9434697855750488,0.02363422154577416,0.0,0.9797889044762053,0.01936460258839079,0.020211095523794746
breast_cancer,logreg,label+gaussian,4,3,0.8822058371735791,0.0428231905911608,0.8908382066276802,0.04310593447854966,0.004782597223917633,0.9207700682405916,0.07591157737194254,0.07922993175940846
breast_cancer,logreg,label+gaussian,5,3,0.7821171139727888,0.07081762166170116,0.7953216374269005,0.07910964478636653,0.012995560963948535,0.8163061250105575,0.17600030057273286,0.18369387498944245
breast_cancer,logreg,label+gaussian+missing,0,3,0.9581174145455217,0.0034130994214324286,0.9610136452241714,0.003376317363682118,0.009910821914672801,1.0,0.0,0.0
breast_cancer,logreg,label+gaussian+missing,1,3,0.9347635046790943,0.01859569618624945,0.939571150097466,0.018798539495113023,0.009716749191284133,0.9756252109481747,0.02335390986642738,0.024374789051825337
breast_cancer,logreg,label+gaussian+missing,2,3,0.9450346369489552,0.0037966414977171946,0.949317738791423,0.003376317363682054,0.0020622412363688,0.9863453294993367,0.013082777596566508,0.013654670500663282
breast_cancer,logreg,label+gaussian+missing,3,3,0.9314446728728587,0.036425881664653555,0.935672514619883,0.03508771929824561,0.009538571039835566,0.9721613016653965,0.02667274167266298,0.027838698334603455
breast_cancer,logreg,label+gaussian+missing,4,3,0.8948439285709386,0.03101481938190523,0.9025341130604287,0.028847268200679788,0.012820879618326767,0.9339606137890767,0.06327348597458304,0.06603938621092334
breast_cancer,logreg,label+gaussian+missing,5,3,0.8582062423702231,0.09069085821328267,0.8635477582846004,0.09103543414296769,0.0052380561828613,0.8957213691573586,0.09991117217529855,0.10427863084264148
breast_cancer,logreg,label+gaussian+outliers,0,3,0.9581174145455217,0.0034130994214324286,0.9610136452241714,0.003376317363682118,0.009910821914672801,1.0,0.0,0.0
breast_cancer,logreg,label+gaussian+outliers,1,3,0.9364748678224498,0.012014582075496268,0.9415204678362573,0.011695906432748593,0.0,0.9774113836211422,0.021642546723071865,0.022588616378857805
breast_cancer,logreg,label+gaussian+outliers,2,3,0.9342629071979731,0.01454103567566351,0.939571150097466,0.013505269454728151,0.004193067550659167,0.9751027306409373,0.02385450734754857,0.02489726935906268
breast_cancer,logreg,label+gaussian+outliers,3,3,0.9186928164341835,0.02208365840261241,0.9259259259259259,0.020537336750200353,0.007230202356974233,0.9588520180169786,0.03942459811133814,0.041147981983021366
breast_cancer,logreg,label+gaussian+outliers,4,3,0.8906941346230487,0.045475809307984935,0.8986354775828459,0.04389212572786626,0.009138186772664366,0.9296294181705748,0.06742327992247299,0.07037058182942525
breast_cancer,logreg,label+gaussian+outliers,5,3,0.7703551854027868,0.13669957432708976,0.7816764132553606,0.14292633746450958,0.0006690820058186667,0.8040300423598928,0.18776222914273488,0.19596995764010716
breast_cancer,logreg,label+gaussian+outliers+missing,0,3,0.9581174145455217,0.0034130994214324286,0.9610136452241714,0.003376317363682118,0.009910821914672801,1.0,0.0,0.0
breast_cancer,logreg,label+gaussian+outliers+missing,1,3,0.9305618843317646,0.01754894132009157,0.935672514619883,0.01754385964912286,0.005233605702718067,0.9712399234212563,0.027555530213757118,0.02876007657874369
breast_cancer,logreg,label+gaussian+outliers+missing,2,3,0.9347270113727646,0.015770422679317567,0.939571150097466,0.014717026189611671,0.0028393268585204996,0.9755871223947513,0.02339040317275709,0.024412877605248635
breast_cancer,logreg,label+gaussian+outliers+missing,3,3,0.925227665575784,0.026307283485938172,0.9317738791423001,0.02363422154577406,0.005227883656819633,0.9656725277398921,0.03288974896973773,0.03432747226010793
breast_cancer,logreg,label+gaussian+outliers+missing,4,3,0.9040516960583128,0.06162851214703249,0.9103313840155945,0.0591578592806765,0.0064755280812581,0.9435708842502829,0.05406571848720887,0.05642911574971704
breast_cancer,logreg,label+gaussian+outliers+missing,5,3,0.8197983110933,0.13431673406551936,0.8265107212475633,0.13718821294279068,0.010461012522379501,0.8556344959893745,0.13831910345222165,0.1443655040106255
breast_cancer,logreg,label+missing,0,3,0.9581174145455217,0.0034130994214324286,0.9610136452241714,0.003376317363682118,0.009910821914672801,1.0,0.0,0.0
breast_cancer,logreg,label+missing,1,3,0.9344487846794621,0.00875993285298405,0.939571150097466,0.008932896091531865,0.005332708358764634,0.9752967334621648,0.023668629866059554,0.02470326653783519
breast_cancer,logreg,label+missing,2,3,0.9385356279041508,0.019858310903115194,0.9434697855750486,0.017865792183063667,0.004458745320638,0.9795622265662925,0.01958178664137089,0.02043777343370741
breast_cancer,logreg,label+missing,3,3,0.9270661015762953,0.03640410306258867,0.9317738791423001,0.03426587881334688,0.0055729548136393,0.9675913280587272,0.031051312969226363,0.03240867194127288
breast_cancer,logreg,label+missing,4,3,0.8856494155142123,0.027817281315889748,0.8947368421052632,0.02679868827459553,0.0047511259714762,0.9243641771549636,0.0724679990313094,0.07563582284503642
breast_cancer,logreg,label+missing,5,3,0.8203206361837254,0.07132266609051927,0.8304093567251462,0.0674418865185426,0.0,0.8561796536939479,0.13779677836179627,0.14382034630605217
breast_cancer,logreg,label+outliers,0,3,0.9581174145455217,0.0034130994214324286,0.9610136452241714,0.003376317363682118,0.009910821914672801,1.0,0.0,0.0
breast_cancer,logreg,label+outliers,1,3,0.9346560539563417,0.01348230480831335,0.939571150097466,0.013505269454728151,0.0059987703959147,0.9755130631872412,0.023461360589180025,0.024486936812758806
breast_cancer,logreg,label+outliers,2,3,0.934074814870031,0.009776164344085177,0.939571150097466,0.008932896091531865,0.006195624669392867,0.9749064161547516,0.024042599675490717,0.02509358384524845
breast_cancer,logreg,label+outliers,3,3,0.9166950018385543,0.025202527400850862,0.9239766081871345,0.02339181286549713,0.0032831827799479,0.95676687212014,0.04142241270696734,0.04323312787985996
breast_cancer,logreg,label+outliers,4,3,0.9158651040313286,0.031169393886824073,0.9220272904483431,0.030009365142964286,0.004454374313354467,0.9559006966445388,0.04225231051419309,0.04409930335546115
breast_cancer,logreg,label+outliers,5,3,0.7996319168244733,0.11162345395990972,0.8089668615984404,0.11494364902772375,0.0060733954111735,0.8345865597315908,0.15848549772104836,0.16541344026840926
breast_cancer,logreg,label+outliers+missing,0,3,0.9581174145455217,0.0034130994214324286,0.9610136452241714,0.003376317363682118,0.009910821914672801,1.0,0.0,0.0
breast_cancer,logreg,label+outliers+missing,1,3,0.9344948624104567,0.012989494062285188,0.939571150097466,0.012173485376994999,0.010004520416259733,0.9753448254081988,0.023622552135065034,0.02465517459180123
breast_cancer,logreg,label+outliers+missing,2,3,0.9367393623684105,0.010961313022532964,0.9415204678362573,0.010128952091046162,0.005785544713338167,0.9776874401273128,0.021378052177111195,0.02231255987268718
breast_cancer,logreg,label+outliers+missing,3,3,0.9253111229739622,0.02093251225877815,0.9317738791423001,0.018798539495113047,0.005223830540974934,0.9657596333460644,0.032806291571559454,0.03424036665393558
breast_cancer,logreg,label+outliers+missing,4,3,0.9142208454998734,0.0382233739086192,0.9200779727095516,0.037139491000502206,0.004546403884887633,0.9541845619553107,0.043896569045648315,0.04581543804468938
breast_cancer,logreg,label+outliers+missing,5,3,0.8662133270295542,0.03373454335000556,0.8732943469785575,0.03759707899022594,0.0020249684651692666,0.9040784708421549,0.09190408751596746,0.09592152915784515
breast_cancer,logreg,missing,0,3,0.9581174145455217,0.0034130994214324286,0.9610136452241714,0.003376317363682118,0.009910821914672801,1.0,0.0,0.0
breast_cancer,logreg,missing,1,3,0.9643457613559746,0.007340121890901937,0.9668615984405458,0.006752634727364108,0.004054546356201133,1.0065006091277522,-0.006228346810452923,-0.006500609127752165
breast_cancer,logreg,missing,2,3,0.9600553849635038,0.003890536573640336,0.9629629629629629,0.003376317363682118,0.012227137883504166,1.002022685725738,-0.00193797041798216,-0.0020226857257379326
breast_cancer,logreg,missing,3,3,0.9480602949371563,0.019352136813767844,0.9512670565302144,0.018798539495112936,0.006179809570312468,0.9895032493349096,0.010057119608365417,0.010496750665090418
breast_cancer,logreg,missing,4,3,0.9644807068944868,0.012846430984431402,0.9668615984405458,0.012173485376994812,0.006576220194498668,1.006641453596774,-0.006363292348965155,-0.006641453596773994
breast_cancer,logreg,missing,5,3,0.9541982312217812,0.015357298487439478,0.9571150097465887,0.01471702618961162,0.0061386426289876,0.9959094957838758,0.003919183323740527,0.004090504216124255
breast_cancer,logreg,outliers,0,3,0.9581174145455217,0.0034130994214324286,0.9610136452241714,0.003376317363682118,0.009910821914672801,1.0,0.0,0.0
breast_cancer,logreg,outliers,1,3,0.9642430988711085,0.007517921138461675,0.9668615984405458,0.006752634727364108,0.005898396174112933,1.0063934589149415,-0.0061256843255868,-0.006393458914941535
breast_cancer,logreg,outliers,2,3,0.9618652414501199,0.00634864313483936,0.9649122807017543,0.005847953216374324,0.0028388500213623,1.0039116572224875,-0.003747826904598184,-0.0039116572224876505
breast_cancer,logreg,outliers,3,3,0.9311947843727504,0.007120297537331789,0.9376218323586745,0.006752634727363979,0.0,0.9719004896852419,0.0269226301727713,0.028099510314758155
breast_cancer,logreg,outliers,4,3,0.9332234485914254,0.007610834654317499,0.939571150097466,0.006752634727364108,0.005229949951171867,0.9740178337475427,0.02489396595409632,0.025982166252457327
breast_cancer,logreg,outliers,5,3,0.9197601676873663,0.0110144479047093,0.9278752436647174,0.008932896091531828,0.005243301391601534,0.9599660268398839,0.038357246858155336,0.04003397316011619
breast_cancer,logreg,outliers+missing,0,3,0.9581174145455217,0.0034130994214324286,0.9610136452241714,0.003376317363682118,0.009910821914672801,1.0,0.0,0.0
breast_cancer,logreg,outliers+missing,1,3,0.9579061839958403,0.0036340964868029394,0.9610136452241714,0.003376317363682118,0.0,0.9997795358413545,0.0002112305496814182,0.00022046415864553968
breast_cancer,logreg,outliers+missing,2,3,0.9495089840612185,0.0063049433264208725,0.9532163742690059,0.005847953216374158,0.0035087267557779665,0.9910152656098141,0.008608430484303153,0.008984734390185904
breast_cancer,logreg,outliers+missing,3,3,0.9315225945869875,0.007420499057635842,0.9376218323586745,0.006752634727363979,0.006317297617594367,0.9722426296038578,0.026594819958534188,0.027757370396142223
breast_cancer,logreg,outliers+missing,4,3,0.9335632095523945,0.01632569251334025,0.939571150097466,0.014717026189611671,0.0003352959950764667,0.9743724468208582,0.024554204993127215,0.02562755317914181
breast_cancer,logreg,outliers+missing,5,3,0.9184771549827432,0.002882514203151997,0.9259259259259259,0.003376317363682054,0.005238771438598633,0.9586269292667208,0.0396402595627785,0.04137307073327925
breast_cancer,random_forest,clean,0,3,0.9537481239667033,0.006950155642753402,0.9571150097465888,0.006752634727363979,0.1048789819081624,1.0,0.0,0.0
breast_cancer,random_forest,gaussian,0,3,0.9537481239667033,0.006950155642753402,0.9571150097465888,0.006752634727363979,0.1048789819081624,1.0,0.0,0.0
breast_cancer,random_forest,gaussian,1,3,0.9344291391278823,0.006578174510002021,0.939571150097466,0.006752634727364108,0.11326654752095537,0.9797441438118147,0.019318984838820996,0.020255856188185227
breast_cancer,random_forest,gaussian,2,3,0.9340725757351169,0.003454813077214932,0.9395711500974658,0.0033763173636819897,0.12672917048136387,0.9793702889293723,0.01967554823158635,0.020629711070627752
breast_cancer,random_forest,gaussian,3,3,0.910570401172833,0.014926970941797364,0.9200779727095516,0.012173485376994982,0.12899613380432126,0.9547283798427921,0.04317772279387022,0.0452716201572079
breast_cancer,random_forest,gaussian,4,3,0.8576313191211392,0.007575171827730304,0.8771929824561404,0.005847953216374269,0.13104661305745438,0.8992220247356213,0.09611680484556406,0.10077797526437875
breast_cancer,random_forest,gaussian,5,3,0.8369791320094758,0.027190917289973887,0.8615984405458089,0.020537336750200294,0.14892951647440586,0.8775683128250075,0.11676899195722745,0.12243168717499257
breast_cancer,random_forest,gaussian+missing,0,3,0.9537481239667033,0.006950155642753402,0.9571150097465888,0.006752634727363979,0.1048789819081624,1.0,0.0,0.0
breast_cancer,random_forest,gaussian+missing,1,3,0.9388821658801875,0.0038946079090241264,0.9434697855750486,0.0033763173636821176,0.12227368354797359,0.984413119446372,0.014865958086515807,0.015586880553628014
breast_cancer,random_forest,gaussian+missing,2,3,0.9383454206686487,0.0031777882993209356,0.9434697855750486,0.003376317363682118,0.12437423070271807,0.9838503448541595,0.015402703298054599,0.016149655145840505
breast_cancer,random_forest,gaussian+missing,3,3,0.9267677809026605,0.020251894975772844,0.9337231968810916,0.017865792183063764,0.12952470779418943,0.9717112491379488,0.026980343064042733,0.028288750862051137
breast_cancer,random_forest,gaussian+missing,4,3,0.8922711872019157,0.02546059832706465,0.9044834307992202,0.02053733675020024,0.13030362129211423,0.9355417481618723,0.061476936764787604,0.06445825183812771
breast_cancer,random_forest,gaussian+missing,5,3,0.8568872460856789,0.006582325262214845,0.8752436647173489,0.0033763173636819897,0.1220751603444417,0.8984418679869342,0.09686087788102438,0.10155813201306588
breast_cancer,random_forest,gaussian+outliers,0,3,0.9537481239667033,0.006950155642753402,0.9571150097465888,0.006752634727363979,0.1048789819081624,1.0,0.0,0.0
breast_cancer,random_forest,gaussian+outliers,1,3,0.9345561610723173,0.0093310044285121,0.939571150097466,0.008932896091531865,0.11450934410095213,0.9798773256669011,0.01919196289438596,0.02012267433309885
breast_cancer,random_forest,gaussian+outliers,2,3,0.936114258869296,0.006386649443396794,0.9415204678362573,0.005847953216374324,0.12028447786966956,0.9815109831890764,0.017633865097407275,0.018489016810923655
breast_cancer,random_forest,gaussian+outliers,3,3,0.9238758093656565,0.01715658754461678,0.9317738791423001,0.014717026189611626,0.12271936734517414,0.968679031863459,0.02987231460104678,0.03132096813654091
breast_cancer,random_forest,gaussian+outliers,4,3,0.8745105745834518,0.0042245932931992145,0.8908382066276803,0.003376317363682054,0.12350169817606609,0.9169198372273624,0.07923754938325145,0.08308016277263759
breast_cancer,random_forest,gaussian+outliers,5,3,0.847856670671152,0.027388529682051636,0.8693957115009746,0.022139993550878277,0.13697624206542966,0.8889733561360609,0.10589145329555127,0.11102664386393918
breast_cancer,random_forest,gaussian+outliers+missing,0,3,0.9537481239667033,0.006950155642753402,0.9571150097465888,0.006752634727363979,0.1048789819081624,1.0,0.0,0.0
breast_cancer,random_forest,gaussian+outliers+missing,1,3,0.9367484576437213,0.010549697826916817,0.9415204678362574,0.010128952091046098,0.1124319235483805,0.9821759373404801,0.016999666322982,0.017824062659519822
breast_cancer,random_forest,gaussian+outliers+missing,2,3,0.9405190984262269,0.003716806874677334,0.94541910331384,0.003376317363682118,0.11788312594095861,0.9861294347972546,0.013229025540476336,0.013870565202745478
breast_cancer,random_forest,gaussian+outliers+missing,3,3,0.9332260066373589,0.00998314520701461,0.939571150097466,0.008932896091531865,0.12437367439270014,0.9784826655868097,0.02052211732934439,0.021517334413190255
breast_cancer,random_forest,gaussian+outliers+missing,4,3,0.8954669512764962,0.021525556025205794,0.9064327485380117,0.02025790418209213,0.12230825424194332,0.9388924903486974,0.05828117269020705,0.06110750965130258
breast_cancer,random_forest,gaussian+outliers+missing,5,3,0.88448270311833,0.0396828205335086,0.8986354775828459,0.03220801489640994,0.11268242200215654,0.9273755626797003,0.06926542084837328,0.07262443732029972
breast_cancer,random_forest,label,0,3,0.9537481239667033,0.006950155642753402,0.9571150097465888,0.006752634727363979,0.1048789819081624,1.0,0.0,0.0
breast_cancer,random_forest,label,1,3,0.9493116269030532,0.006962833610249186,0.9532163742690059,0.005847953216374158,0.12568116188049314,0.995348355658936,0.004436497063650124,0.0046516443410640025
breast_cancer,random_forest,label,2,3,0.9415290278732361,0.008617469139544757,0.9454191033138403,0.008932896091531936,0.1413501103719075,0.987188340625356,0.012219096093467163,0.012811659374644022
breast_cancer,random_forest,label,3,3,0.9276284661618509,0.03537782754332012,0.9317738791423001,0.03376317363682015,0.1575801372528076,0.9726136732031315,0.02611965780485237,0.027386326796868483
breast_cancer,random_forest,label,4,3,0.8650518971294016,0.016691492418975003,0.871345029239766,0.01547222988926659,0.15464536348978672,0.907002462591058,0.08869622683730172,0.09299753740894198
breast_cancer,random_forest,label,5,3,0.7183322198599352,0.04162188553722044,0.7251461988304094,0.045673974712904394,0.1600099404652913,0.7531676359921345,0.23541590410676805,0.2468323640078654
breast_cancer,random_forest,label+gaussian,0,3,0.9537481239667033,0.006950155642753402,0.9571150097465888,0.006752634727363979,0.1048789819081624,1.0,0.0,0.0
breast_cancer,random_forest,label+gaussian,1,3,0.9342194434432297,0.00963239879567252,0.939571150097466,0.008932896091531865,0.13821641604105625,0.9795242789655486,0.019528680523473563,0.020475721034451375
breast_cancer,random_forest,label+gaussian,2,3,0.9300000123287103,0.012205214346988777,0.935672514619883,0.011695906432748593,0.14948892593383786,0.9751002271551288,0.023748111637992952,0.024899772844871184
breast_cancer,random_forest,label+gaussian,3,3,0.8930175216252921,0.01184909021162066,0.9044834307992202,0.008932896091531865,0.15196108818054196,0.9363242759641525,0.060730602341411144,0.06367572403584758
breast_cancer,random_forest,label+gaussian,4,3,0.883075184745135,0.052641811869091955,0.8966861598440546,0.045423704474585,0.15221810340881345,0.925899786908482,0.07067293922156825,0.07410021309151801
breast_cancer,random_forest,label+gaussian,5,3,0.6509328414443615,0.029122879584650155,0.6998050682261209,0.06976814880379448,0.16598780949910477,0.6824997345599879,0.3028152825223418,0.31750026544001203
breast_cancer,random_forest,label+gaussian+missing,0,3,0.9537481239667033,0.006950155642753402,0.9571150097465888,0.006752634727363979,0.1048789819081624,1.0,0.0,0.0
breast_cancer,random_forest,label+gaussian+missing,1,3,0.9262951573169387,0.012490413709758558,0.9317738791423001,0.012173485376994874,0.13583223025004063,0.9712157057404361,0.0274529666497646,0.028784294259563883
breast_cancer,random_forest,label+gaussian+missing,2,3,0.9324914701064335,0.017229977491090807,0.9376218323586745,0.01688158681841014,0.1321211655934651,0.9777125078140527,0.02125665386026976,0.02228749218594726
breast_cancer,random_forest,label+gaussian+missing,3,3,0.911557779904904,0.01689371920425065,0.9181286549707602,0.017543859649122806,0.13975731531778968,0.9557636413623266,0.04219034406179922,0.04423635863767335
breast_cancer,random_forest,label+gaussian+missing,4,3,0.8933485214732496,0.022401955914535348,0.9025341130604287,0.020537336750200242,0.1311431725819905,0.9366713276014137,0.060399602493453663,0.06332867239858633
breast_cancer,random_forest,label+gaussian+missing,5,3,0.7688326817637162,0.09504028044565425,0.7836257309941521,0.10735415058880594,0.1363599300384521,0.8061171104233357,0.18491544220298706,0.1938828895766643
breast_cancer,random_forest,label+gaussian+outliers,0,3,0.9537481239667033,0.006950155642753402,0.9571150097465888,0.006752634727363979,0.1048789819081624,1.0,0.0,0.0
breast_cancer,random_forest,label+gaussian+outliers,1,3,0.9323294898658889,0.013052325547466468,0.9376218323586745,0.012173485376994964,0.13866837819417316,0.9775426723653906,0.02141863410081435,0.022457327634609434
breast_cancer,random_forest,label+gaussian+outliers,2,3,0.9297816085243782,0.016744524542177626,0.935672514619883,0.015472229889266694,0.13451576232910148,0.9748712318901905,0.023966515442325087,0.025128768109809452
breast_cancer,random_forest,label+gaussian+outliers,3,3,0.89434123260043,0.02700084062172103,0.9064327485380117,0.021085095178151967,0.13953646024068192,0.93771218010978,0.05940689136627331,0.06228781989022008
breast_cancer,random_forest,label+gaussian+outliers,4,3,0.8822117824397884,0.037678666174692704,0.8947368421052632,0.03256002551362583,0.14489714304606113,0.9249945140343864,0.0715363415269149,0.07500548596561364
breast_cancer,random_forest,label+gaussian+outliers,5,3,0.6163417218933399,0.010068711313771612,0.6744639376218323,0.05433668563261735,0.14103174209594724,0.6462311237163254,0.33740640207336337,0.3537688762836746
breast_cancer,random_forest,label+gaussian+outliers+missing,0,3,0.9537481239667033,0.006950155642753402,0.9571150097465888,0.006752634727363979,0.1048789819081624,1.0,0.0,0.0
breast_cancer,random_forest,label+gaussian+outliers+missing,1,3,0.9325415329067569,0.012747560118655814,0.9376218323586745,0.012173485376994964,0.12988424301147458,0.9777649984025691,0.021206591059946378,0.022235001597430908
breast_cancer,random_forest,label+gaussian+outliers+missing,2,3,0.9256850561797264,0.009703208817791152,0.9317738791423001,0.008932896091531816,0.12548406918843583,0.9705760178376439,0.02806306778697687,0.0294239821623561
breast_cancer,random_forest,label+gaussian+outliers+missing,3,3,0.8972051091488386,0.0053489454779712215,0.9064327485380117,0.005847953216374324,0.13209533691406247,0.9407149399333039,0.05654301481786472,0.0592850600666961
breast_cancer,random_forest,label+gaussian+outliers+missing,4,3,0.8709439515764598,0.04778891399598885,0.8810916179337233,0.04466448045765928,0.12757666905721024,0.9131802513583405,0.08280417239024351,0.08681974864165953
breast_cancer,random_forest,label+gaussian+outliers+missing,5,3,0.7902779063075583,0.15564452535018716,0.8011695906432749,0.15918897764697315,0.11875581741333004,0.8286023180006256,0.16347021765914493,0.1713976819993744
breast_cancer,random_forest,label+missing,0,3,0.9537481239667033,0.006950155642753402,0.9571150097465888,0.006752634727363979,0.1048789819081624,1.0,0.0,0.0
breast_cancer,random_forest,label+missing,1,3,0.9431204792479289,0.010818947273487286,0.9473684210526315,0.01012895209104616,0.12983647982279456,0.9888569692021272,0.01062764471877442,0.011143030797872842
breast_cancer,random_forest,label+missing,2,3,0.9336291229366788,0.020644187534260474,0.9376218323586745,0.020537336750200186,0.14015936851501462,0.9789053309522139,0.020119001030024508,0.021094669047786133
breast_cancer,random_forest,label+missing,3,3,0.9220613429472803,0.03506272058450862,0.9259259259259259,0.033763173636820284,0.13720003763834634,0.9667765731610192,0.031686781019423016,0.033223426838980864
breast_cancer,random_forest,label+missing,4,3,0.8505184911792961,0.045355669658188866,0.8557504873294347,0.046905299865559316,0.1274757385253906,0.891764261241146,0.10322963278740716,0.10823573875885396
breast_cancer,random_forest,label+missing,5,3,0.7549717911231069,0.04827710469740752,0.7641325536062378,0.055581198555100374,0.12698340415954587,0.7915840379146728,0.19877633284359641,0.20841596208532723
breast_cancer,random_forest,label+outliers,0,3,0.9537481239667033,0.006950155642753402,0.9571150097465888,0.006752634727363979,0.1048789819081624,1.0,0.0,0.0
breast_cancer,random_forest,label+outliers,1,3,0.9368172393700075,0.012553833243563385,0.9415204678362573,0.011695906432748593,0.13735779126485187,0.9822480546265412,0.016930884596695783,0.01775194537345886
breast_cancer,random_forest,label+outliers,2,3,0.9387261445935512,0.010801962496584607,0.9434697855750488,0.008932896091531948,0.13576881090799964,0.9842495319302179,0.015021979373152083,0.01575046806978204
breast_cancer,random_forest,label+outliers,3,3,0.941478034423444,0.018652074647918657,0.94541910331384,0.017865792183063715,0.14253870646158853,0.9871348742556608,0.012270089543259255,0.012865125744339206
breast_cancer,random_forest,label+outliers,4,3,0.8900534992903154,0.007186148126172855,0.8966861598440546,0.0067526347273640435,0.13085707028706864,0.933216513798761,0.06369462467638787,0.06678348620123896
breast_cancer,random_forest,label+outliers,5,3,0.7979513140294525,0.023210982356969685,0.8109161793372319,0.032208014896409926,0.13593101501464844,0.836647846509746,0.15579680993725076,0.16335215349025406
breast_cancer,random_forest,label+outliers+missing,0,3,0.9537481239667033,0.006950155642753402,0.9571150097465888,0.006752634727363979,0.1048789819081624,1.0,0.0,0.0
breast_cancer,random_forest,label+outliers+missing,1,3,0.9351411045573285,0.013943675466031074,0.939571150097466,0.013505269454728151,0.12427067756652826,0.9804906359008215,0.018607019409374814,0.019509364099178465
breast_cancer,random_forest,label+outliers+missing,2,3,0.9353927322374181,0.014704529973606776,0.939571150097466,0.014717026189611671,0.12879737218221024,0.9807544662285218,0.01835539172928513,0.019245533771478165
breast_cancer,random_forest,label+outliers+missing,3,3,0.9293561628797188,0.022112921242426878,0.9337231968810916,0.02053733675020029,0.12497941652933757,0.9744251543211045,0.024391961086984493,0.02557484567889546
breast_cancer,random_forest,label+outliers+missing,4,3,0.8832514202384769,0.011494289678705218,0.8908382066276803,0.008932896091531828,0.12376459439595537,0.9260845689163447,0.07049670372822636,0.07391543108365527
breast_cancer,random_forest,label+outliers+missing,5,3,0.8514135007825381,0.015109435532199861,0.8615984405458089,0.017865792183063705,0.12168550491333006,0.892702674204434,0.1023346231841652,0.10729732579556596
breast_cancer,random_forest,missing,0,3,0.9537481239667033,0.006950155642753402,0.9571150097465888,0.006752634727363979,0.1048789819081624,1.0,0.0,0.0
breast_cancer,random_forest,missing,1,3,0.9457511287655297,0.025941102948591224,0.9493177387914229,0.02434697075398981,0.11291472117106116,0.9916151916840333,0.007996995201173585,0.008384808315966628
breast_cancer,random_forest,missing,2,3,0.943781587105364,0.024582309789349905,0.9473684210526315,0.023391812865497075,0.11547938982645667,0.9895501373885929,0.009966536861339303,0.010449862611407087
breast_cancer,random_forest,missing,3,3,0.9356191223744,0.02452607975346016,0.939571150097466,0.02363422154577416,0.12264092763264971,0.9809918351221458,0.01812900159230324,0.019008164877854217
breast_cancer,random_forest,missing,4,3,0.9398561862406122,0.01452354635681582,0.9434697855750486,0.014717026189611515,0.11119556427001949,0.9854343747819775,0.013891937726091097,0.014565625218022536
breast_cancer,random_forest,missing,5,3,0.9361847822146071,0.03299445322973977,0.9395711500974658,0.032208014896409974,0.10565439860026037,0.9815849265537225,0.017563341752096173,0.018415073446277453
breast_cancer,random_forest,outliers,0,3,0.9537481239667033,0.006950155642753402,0.9571150097465888,0.006752634727363979,0.1048789819081624,1.0,0.0,0.0
breast_cancer,random_forest,outliers,1,3,0.9432861197476864,0.005546133671157026,0.9473684210526315,0.00584795321637438,0.11238551139831539,0.9890306424137384,0.010462004219016885,0.010969357586261557
breast_cancer,random_forest,outliers,2,3,0.9452335365143142,0.004257318527625254,0.949317738791423,0.003376317363682054,0.10186998049418124,0.9910724988721589,0.008514587452389089,0.008927501127841112
breast_cancer,random_forest,outliers,3,3,0.9473232442248873,0.003586507741303778,0.9512670565302145,0.003376317363682054,0.10159293810526526,0.9932635466530781,0.0064248797418159365,0.006736453346921853
breast_cancer,random_forest,outliers,4,3,0.9391519877590558,0.012876963643617852,0.9434697855750488,0.012173485376994982,0.10058236122131343,0.9846960262978646,0.014596136207647437,0.015303973702135439
breast_cancer,random_forest,outliers,5,3,0.9387973534205757,0.009299768584988474,0.9434697855750488,0.008932896091531948,0.09835712114969887,0.9843241940189131,0.01495077054612759,0.015675805981086827
breast_cancer,random_forest,outliers+missing,0,3,0.9537481239667033,0.006950155642753402,0.9571150097465888,0.006752634727363979,0.1048789819081624,1.0,0.0,0.0
breast_cancer,random_forest,outliers+missing,1,3,0.9479245970480491,0.0250375282285723,0.9512670565302144,0.02363422154577409,0.1076750755310058,0.9938940619936072,0.005823526918654176,0.006105938006392853
breast_cancer,random_forest,outliers+missing,2,3,0.9350801289270682,0.019605335455565146,0.939571150097466,0.018798539495113023,0.11318095525105791,0.9804267032662737,0.01866799503963512,0.019573296733726365
breast_cancer,random_forest,outliers+missing,3,3,0.939237907521241,0.008838829497170908,0.9434697855750488,0.008932896091531948,0.10647869110107416,0.9847861127263734,0.014510216445462243,0.01521388727362657
breast_cancer,random_forest,outliers+missing,4,3,0.9370235252224481,0.005506218127037687,0.9415204678362573,0.005847953216374324,0.10560838381449376,0.98246434428128,0.016724598744255137,0.017535655718719942
breast_cancer,random_forest,outliers+missing,5,3,0.9286467050089557,0.018824316747804534,0.9337231968810916,0.018798539495112936,0.10322364171346023,0.9736812913944731,0.025101418957747534,0.02631870860552682
breast_cancer,svm_rbf,clean,0,3,0.962266683584426,0.012320618384172897,0.9649122807017544,0.011695906432748426,0.0,1.0,0.0,0.0
breast_cancer,svm_rbf,gaussian,0,3,0.962266683584426,0.012320618384172897,0.9649122807017544,0.011695906432748426,0.0,1.0,0.0,0.0
breast_cancer,svm_rbf,gaussian,1,3,0.9559088880072363,0.010628029539799818,0.9590643274853802,0.010128952091046034,0.0,0.9933928964956917,0.00635779557718974,0.006607103504308251
breast_cancer,svm_rbf,gaussian,2,3,0.9534010472191364,0.02037802025029696,0.9571150097465887,0.018798539495112985,0.0037072499593098665,0.9907867158693833,0.008865636365289586,0.009213284130616735
breast_cancer,svm_rbf,gaussian,3,3,0.9423144237054233,0.006185552300591339,0.9473684210526315,0.00584795321637438,0.0011990070343017333,0.9792653531298819,0.01995225987900273,0.020734646870118088
breast_cancer,svm_rbf,gaussian,4,3,0.9269797896114484,0.013809469993105178,0.9337231968810916,0.012173485376994982,0.000351349512736,0.9633294027789318,0.03528689397297757,0.036670597221068205
breast_cancer,svm_rbf,gaussian,5,3,0.9241272999831631,0.010687527253364726,0.9317738791423001,0.008932896091531816,0.0021667480468749666,0.9603650586143184,0.0381393836012629,0.03963494138568155
breast_cancer,svm_rbf,gaussian+missing,0,3,0.962266683584426,0.012320618384172897,0.9649122807017544,0.011695906432748426,0.0,1.0,0.0,0.0
breast_cancer,svm_rbf,gaussian+missing,1,3,0.9539744148111461,0.015540165257552085,0.9571150097465887,0.01471702618961162,0.005231062571207666,0.9913825668967449,0.008292268773279932,0.008617433103255098
breast_cancer,svm_rbf,gaussian+missing,2,3,0.9513742371696708,0.023850365376583364,0.9551656920077972,0.02213999355087824,0.0036942958831787,0.9886804286165443,0.010892446414755175,0.011319571383455788
breast_cancer,svm_rbf,gaussian+missing,3,3,0.9363163334492683,0.005675610864878407,0.9415204678362573,0.005847953216374324,0.006566762924194333,0.9730320600537752,0.025950350135157674,0.02696793994622477
breast_cancer,svm_rbf,gaussian+missing,4,3,0.9275968479008215,0.01829426546411481,0.9337231968810916,0.016881586818410205,0.0081549485524495,0.9639706577448364,0.03466983568360449,0.036029342255163584
breast_cancer,svm_rbf,gaussian+missing,5,3,0.9182286998795709,0.004231617084681693,0.9259259259259259,0.003376317363682054,0.002133051554361967,0.9542351569932626,0.04403798370485512,0.045764843006737416
breast_cancer,svm_rbf,gaussian+outliers,0,3,0.962266683584426,0.012320618384172897,0.9649122807017544,0.011695906432748426,0.0,1.0,0.0,0.0
breast_cancer,svm_rbf,gaussian+outliers,1,3,0.9512956454533631,0.019456223296752086,0.9551656920077972,0.01786579218306369,0.0063666502634684005,0.9885987550871075,0.010971038131062927,0.011401244912892555
breast_cancer,svm_rbf,gaussian+outliers,2,3,0.9423144237054233,0.006185552300591339,0.9473684210526315,0.00584795321637438,0.0052519639333089,0.9792653531298819,0.01995225987900273,0.020734646870118088
breast_cancer,svm_rbf,gaussian+outliers,3,3,0.9374604466345043,0.014024421027472972,0.9434697855750488,0.012173485376994982,0.0029234091440836336,0.9742210372934051,0.02480623694992168,0.025778962706594907
breast_cancer,svm_rbf,gaussian+outliers,4,3,0.9057609278255049,0.017133114310847623,0.9161793372319688,0.014717026189611626,0.004527012507120767,0.9412784868032236,0.05650575575892114,0.058721513196776404
breast_cancer,svm_rbf,gaussian+outliers,5,3,0.8613371976454306,0.012472042600217366,0.8791423001949318,0.008932896091531828,0.0049455960591634,0.8951127710635944,0.10092948593899542,0.10488722893640556
breast_cancer,svm_rbf,gaussian+outliers+missing,0,3,0.962266683584426,0.012320618384172897,0.9649122807017544,0.011695906432748426,0.0,1.0,0.0,0.0
breast_cancer,svm_rbf,gaussian+outliers+missing,1,3,0.9471015443634562,0.0033453448007705264,0.9512670565302145,0.003376317363682054,0.0016938845316568998,0.984240190916223,0.015165139220969848,0.015759809083777044
breast_cancer,svm_rbf,gaussian+outliers+missing,2,3,0.942461898589715,0.006179775813081912,0.9473684210526315,0.00584795321637438,0.005276838938395166,0.9794186109396009,0.019804784994711055,0.02058138906039913
breast_cancer,svm_rbf,gaussian+outliers+missing,3,3,0.9334114454528156,0.003726942677483778,0.9395711500974658,0.0033763173636819897,0.006525993347167933,0.9700132628263455,0.028855238131610395,0.029986737173654555
breast_cancer,svm_rbf,gaussian+outliers+missing,4,3,0.9292784138721308,0.000823521138773272,0.935672514619883,0.0,0.0015991528828938667,0.9657181628803624,0.03298826971229518,0.034281837119637636
breast_cancer,svm_rbf,gaussian+outliers+missing,5,3,0.8923586887766621,0.016851454155835822,0.9044834307992202,0.01471702618961162,0.005263328552246067,0.9273507064098303,0.06990799480776388,0.0726492935901697
breast_cancer,svm_rbf,label,0,3,0.962266683584426,0.012320618384172897,0.9649122807017544,0.011695906432748426,0.0,1.0,0.0,0.0
breast_cancer,svm_rbf,label,1,3,0.9537603789156215,0.009250762048894585,0.9571150097465887,0.008932896091531804,0.0,0.9911601380221139,0.008506304668804532,0.00883986197788611
breast_cancer,svm_rbf,label,2,3,0.9538807005902865,0.012741967037030497,0.9571150097465887,0.012173485376994857,0.0011885166168212667,0.9912851778647247,0.008385982994139507,0.008714822135275298
breast_cancer,svm_rbf,label,3,3,0.9431990541595688,0.016412429824361852,0.9473684210526315,0.015472229889266652,0.0016149679819742668,0.9801846725547739,0.01906762942485718,0.019815327445226103
breast_cancer,svm_rbf,label,4,3,0.91711934267687,0.007808173520436352,0.9239766081871345,0.005847953216374269,0.0044155120849609,0.9530822986208116,0.04514734090755601,0.04691770137918833
breast_cancer,svm_rbf,label,5,3,0.8485416603104136,0.02238769992716336,0.8615984405458089,0.020537336750200294,0.008924484252929667,0.8818154829486679,0.11372502327401246,0.11818451705133218
breast_cancer,svm_rbf,label+gaussian,0,3,0.962266683584426,0.012320618384172897,0.9649122807017544,0.011695906432748426,0.0,1.0,0.0,0.0
breast_cancer,svm_rbf,label+gaussian,1,3,0.9515019216286197,0.012794933512755987,0.9551656920077972,0.012173485376994964,0.0051616827646891,0.9888131199599389,0.010764761955806335,0.011186880040061025
breast_cancer,svm_rbf,label+gaussian,2,3,0.9408885892492451,0.014103582794660128,0.9454191033138403,0.013505269454728151,0.0013376077016194335,0.9777836074968865,0.021378094335180897,0.022216392503113462
breast_cancer,svm_rbf,label+gaussian,3,3,0.911646350573231,0.026304910426519116,0.9200779727095516,0.02363422154577425,0.011669397354125933,0.947394694345402,0.05062033301119506,0.05260530565459799
breast_cancer,svm_rbf,label+gaussian,4,3,0.8906354826549334,0.028650222783266795,0.9025341130604289,0.024346970753989856,0.0018083254496256333,0.9255599282907024,0.0716312009294926,0.07444007170929755
breast_cancer,svm_rbf,label+gaussian,5,3,0.6703354045441837,0.096256894387598,0.7309941520467836,0.05359737654919111,0.0016838709513346333,0.6966212339880629,0.2919312790402423,0.3033787660119371
breast_cancer,svm_rbf,label+gaussian+missing,0,3,0.962266683584426,0.012320618384172897,0.9649122807017544,0.011695906432748426,0.0,1.0,0.0,0.0
breast_cancer,svm_rbf,label+gaussian+missing,1,3,0.9558183842426414,0.010550524413814804,0.9590643274853802,0.010128952091046034,0.0024955272674560334,0.9932988438114008,0.006448299341784591,0.006701156188599186
breast_cancer,svm_rbf,label+gaussian+missing,2,3,0.9410723090739372,0.019691422015122532,0.94541910331384,0.018798539495112968,0.011567910512288365,0.9779745315180818,0.021194374510488778,0.02202546848191825
breast_cancer,svm_rbf,label+gaussian+missing,3,3,0.9172291325932251,0.028466044148837286,0.9239766081871346,0.02679868827459558,0.005241552988688134,0.953196393723789,0.04503755099120088,0.0468036062762111
breast_cancer,svm_rbf,label+gaussian+missing,4,3,0.8982353244191416,0.012114377685013776,0.9064327485380117,0.011695906432748537,0.0029426415761311664,0.9334577822784337,0.06403135916528446,0.06654221772156634
breast_cancer,svm_rbf,label+gaussian+missing,5,3,0.8188819759920278,0.1125154983431735,0.8323586744639376,0.10724791191796437,0.005312442779540999,0.8509927548792474,0.1433847075923982,0.14900724512075253
breast_cancer,svm_rbf,label+gaussian+outliers,0,3,0.962266683584426,0.012320618384172897,0.9649122807017544,0.011695906432748426,0.0,1.0,0.0,0.0
breast_cancer,svm_rbf,label+gaussian+outliers,1,3,0.9427271014289565,0.012698593149440655,0.9473684210526315,0.011695906432748482,0.005339543024698867,0.9796942131648112,0.01953958215546947,0.020305786835188848
breast_cancer,svm_rbf,label+gaussian+outliers,2,3,0.9275182654123683,0.013927952633351072,0.9337231968810915,0.013505269454728023,0.0024335384368896333,0.9638889938051055,0.03474841817205776,0.03611100619489446
breast_cancer,svm_rbf,label+gaussian+outliers,3,3,0.9094601332555339,0.05111515340471508,0.9200779727095516,0.04389212572786625,0.0023292700449625333,0.9451227489949161,0.05280655032889214,0.054877251005083845
breast_cancer,svm_rbf,label+gaussian+outliers,4,3,0.8531060753948062,0.08989477796803472,0.8732943469785575,0.07146316873225482,0.006472508112589501,0.8865588822185981,0.10916060818961981,0.11344111778140184
breast_cancer,svm_rbf,label+gaussian+outliers,5,3,0.6453084154035637,0.10250010039879211,0.7251461988304092,0.04051580836418426,0.010548194249471001,0.6706128627459089,0.31695826818086237,0.3293871372540911
breast_cancer,svm_rbf,label+gaussian+outliers+missing,0,3,0.962266683584426,0.012320618384172897,0.9649122807017544,0.011695906432748426,0.0,1.0,0.0,0.0
breast_cancer,svm_rbf,label+gaussian+outliers+missing,1,3,0.9428828450489126,0.005942939858696844,0.9473684210526315,0.00584795321637438,0.0,0.9798560639517219,0.019383838535513398,0.020143936048278164
breast_cancer,svm_rbf,label+gaussian+outliers+missing,2,3,0.9359955700524893,0.005919714907833614,0.9415204678362573,0.005847953216374324,0.0010931491851806333,0.9726987185776014,0.026271113531936674,0.027301281422398675
breast_cancer,svm_rbf,label+gaussian+outliers+missing,3,3,0.9072793935234126,0.02476894426786682,0.9161793372319688,0.02213999355087824,0.0053585370381673,0.9428564960223015,0.05498729006101344,0.057143503977698545
breast_cancer,svm_rbf,label+gaussian+outliers+missing,4,3,0.8990466141613597,0.02976279037763916,0.9083820662768031,0.027010538909456174,0.0007890860239664668,0.9343008850856472,0.06322006942306635,0.06569911491435278
breast_cancer,svm_rbf,label+gaussian+outliers+missing,5,3,0.8172467292900688,0.1208624106301033,0.8265107212475633,0.12354738306035724,0.0,0.8492933853283161,0.1450199542943572,0.15070661467168384
breast_cancer,svm_rbf,label+missing,0,3,0.962266683584426,0.012320618384172897,0.9649122807017544,0.011695906432748426,0.0,1.0,0.0,0.0
breast_cancer,svm_rbf,label+missing,1,3,0.9580494595536476,0.006920450864178903,0.9610136452241717,0.006752634727363979,0.004930893580118767,0.9956174061694942,0.004217224030778399,0.0043825938305058175
breast_cancer,svm_rbf,label+missing,2,3,0.9481287914763267,0.017624025035139025,0.9512670565302144,0.016881586818410142,0.0021045207977294666,0.9853077194199056,0.014137892108099348,0.014692280580094445
breast_cancer,svm_rbf,label+missing,3,3,0.92545913087783,0.03731634700996961,0.9298245614035087,0.03557171070349835,0.0013378461201985666,0.9617491145287411,0.03680755270659597,0.038250885471258864
breast_cancer,svm_rbf,label+missing,4,3,0.8900768135987985,0.012744486907026476,0.8966861598440546,0.014717026189611626,0.009322802225748666,0.9249793521721842,0.07218986998562749,0.0750206478278158
breast_cancer,svm_rbf,label+missing,5,3,0.8230352857691554,0.05749635523838647,0.8304093567251462,0.0610544240287167,0.011291106541951467,0.855308928189599,0.1392313978152706,0.144691071810401
breast_cancer,svm_rbf,label+outliers,0,3,0.962266683584426,0.012320618384172897,0.9649122807017544,0.011695906432748426,0.0,1.0,0.0,0.0
breast_cancer,svm_rbf,label+outliers,1,3,0.9450422298374613,0.013243668243085443,0.949317738791423,0.01217348537699491,0.002784729003906233,0.9821001245904057,0.017224453746964685,0.017899875409594257
breast_cancer,svm_rbf,label+outliers,2,3,0.9465635680834357,0.0075149080412428865,0.9512670565302144,0.006752634727363915,0.0053281784057617005,0.9836811189986371,0.01570311550099035,0.016318881001362875
breast_cancer,svm_rbf,label+outliers,3,3,0.9219546367197341,0.044364412132344266,0.9298245614035087,0.038347593709368445,0.003402789433797167,0.958107198812568,0.04031204686469192,0.04189280118743203
breast_cancer,svm_rbf,label+outliers,4,3,0.8999246176200889,0.05720072259037434,0.9103313840155945,0.049736260515294686,0.011221249898274667,0.9352133176510756,0.06234206596433711,0.06478668234892436
breast_cancer,svm_rbf,label+outliers,5,3,0.804242179060541,0.0637397445290373,0.8226120857699805,0.0644160297928199,0.0035542647043863666,0.8357788883064655,0.15802450452388506,0.1642211116935345
breast_cancer,svm_rbf,label+outliers+missing,0,3,0.962266683584426,0.012320618384172897,0.9649122807017544,0.011695906432748426,0.0,1.0,0.0,0.0
breast_cancer,svm_rbf,label+outliers+missing,1,3,0.9428650019324424,0.010995339840153074,0.9473684210526315,0.01012895209104616,0.0011455217997233,0.9798375211539978,0.019401681651983638,0.020162478846002155
breast_cancer,svm_rbf,label+outliers+missing,2,3,0.9428609591913769,0.0063359410307284566,0.9473684210526315,0.00584795321637438,0.0,0.9798333198851247,0.019405724393049106,0.020166680114875362
breast_cancer,svm_rbf,label+outliers+missing,3,3,0.9193120542154807,0.015897048531704042,0.9259259259259259,0.014717026189611515,0.0,0.9553609928497783,0.04295462936894534,0.044639007150221725
breast_cancer,svm_rbf,label+outliers+missing,4,3,0.9049151953970394,0.03287417042415642,0.9122807017543858,0.03094445977853322,0.005643685658772767,0.9403995907103908,0.05735148818738667,0.059600409289609205
breast_cancer,svm_rbf,label+outliers+missing,5,3,0.8836449204463567,0.021963867659722323,0.8908382066276803,0.023634221545774207,0.0,0.9182952455080283,0.07862176313806934,0.0817047544919717
breast_cancer,svm_rbf,missing,0,3,0.962266683584426,0.012320618384172897,0.9649122807017544,0.011695906432748426,0.0,1.0,0.0,0.0
breast_cancer,svm_rbf,missing,1,3,0.958134994079845,0.006995702568665732,0.9610136452241717,0.006752634727363979,0.0,0.9957062947568853,0.004131689504580982,0.004293705243114635
breast_cancer,svm_rbf,missing,2,3,0.9497020798020839,0.0185738992806277,0.9532163742690059,0.017543859649122806,0.0037213961283365667,0.9869427010238584,0.012564603782342143,0.013057298976141645
breast_cancer,svm_rbf,missing,3,3,0.9379304797779788,0.01575008521427373,0.9415204678362573,0.015472229889266526,0.008252302805582633,0.9747095018235534,0.024336203806447188,0.025290498176446543
breast_cancer,svm_rbf,missing,4,3,0.9318189374969122,0.026085094209216477,0.935672514619883,0.025490637096729097,0.005721489588419566,0.9683583079338293,0.030447746087513772,0.03164169206617075
breast_cancer,svm_rbf,missing,5,3,0.921924157951827,0.030937899952133592,0.9259259259259259,0.030009365142964164,0.0006689230600992667,0.9580755248822251,0.04034252563259899,0.04192447511777485
breast_cancer,svm_rbf,outliers,0,3,0.962266683584426,0.012320618384172897,0.9649122807017544,0.011695906432748426,0.0,1.0,0.0,0.0
breast_cancer,svm_rbf,outliers,1,3,0.9577236480992232,0.013236361665296795,0.9610136452241717,0.012173485376994874,0.0,0.9952788186864372,0.004543035485202851,0.004721181313562812
breast_cancer,svm_rbf,outliers,2,3,0.944510632853504,0.009719306015793159,0.9493177387914229,0.008932896091531804,0.0013432502746581999,0.9815476821199077,0.017756050730922013,0.01845231788009229
breast_cancer,svm_rbf,outliers,3,3,0.9401000414066304,0.003300354130456211,0.94541910331384,0.003376317363682118,0.0,0.9769641383662736,0.022166642177795626,0.023035861633726406
breast_cancer,svm_rbf,outliers,4,3,0.9307183638203315,0.014149940953527838,0.9376218323586745,0.012173485376994964,0.0,0.9672145775154787,0.03154831976409456,0.03278542248452127
breast_cancer,svm_rbf,outliers,5,3,0.9291078069131352,0.0005558519392758232,0.935672514619883,0.0,0.0032575925191243005,0.9655408659190251,0.033158876671290805,0.034459134080974924
breast_cancer,svm_rbf,outliers+missing,0,3,0.962266683584426,0.012320618384172897,0.9649122807017544,0.011695906432748426,0.0,1.0,0.0,0.0
breast_cancer,svm_rbf,outliers+missing,1,3,0.9427290354094975,0.0063722031326107435,0.9473684210526315,0.00584795321637438,0.008967558542887333,0.9796962229824365,0.019537648174928535,0.02030377701756352
breast_cancer,svm_rbf,outliers+missing,2,3,0.9404223242160604,0.00940418729489179,0.9454191033138403,0.008932896091531936,0.003979841868082666,0.9772990588357525,0.021844359368365596,0.022700941164247476
breast_cancer,svm_rbf,outliers+missing,3,3,0.9314713858993772,0.007917399663646244,0.9376218323586745,0.006752634727363979,0.0079288482666015,0.9679971278124928,0.03079529768504885,0.032002872187507234
breast_cancer,svm_rbf,outliers+missing,4,3,0.9315544819139568,0.006939328066309746,0.9376218323586745,0.006752634727363979,0.0031451384226480997,0.9680834822670293,0.030712201670469175,0.031916517732970634
breast_cancer,svm_rbf,outliers+missing,5,3,0.9249783308078604,0.003774560116011613,0.9317738791423001,0.0033763173636819897,0.0013380050659179668,0.9612494608691354,0.037288352776565614,0.03875053913086461
digits,decision_tree,clean,0,3,0.8454202794161341,0.008708482084159646,0.8456790123456791,0.008553337321327738,0.018358310063679967,1.0,0.0,0.0
digits,decision_tree,gaussian,0,3,0.8454202794161341,0.008708482084159646,0.8456790123456791,0.008553337321327738,0.018358310063679967,1.0,0.0,0.0
digits,decision_tree,gaussian,1,3,0.8273845444587019,0.018927109437968638,0.8290123456790123,0.019005931257210656,0.055296262105305936,0.9786665456264095,0.01803573495743216,0.021333454373590417
digits,decision_tree,gaussian,2,3,0.8254834231616514,0.008368147810566629,0.825925925925926,0.009259259259259245,0.06531365712483721,0.9764178163927514,0.019936856254482715,0.023582183607248633
digits,decision_tree,gaussian,3,3,0.7191447714431192,0.03423119129913437,0.7209876543209877,0.03476026722296564,0.06863554318745924,0.8506358186011063,0.1262755079730149,0.14936418139889376
digits,decision_tree,gaussian,4,3,0.5908737711244924,0.018458539527661598,0.595679012345679,0.021622567763132105,0.07325983047485343,0.6989112817740342,0.2545465082916417,0.30108871822596583
digits,decision_tree,gaussian,5,3,0.46635798795485967,0.015344504482816436,0.4888888888888889,0.029802735073020555,0.08370741208394362,0.5516285796656508,0.3790622914612744,0.4483714203343492
digits,decision_tree,gaussian+missing,0,3,0.8454202794161341,0.008708482084159646,0.8456790123456791,0.008553337321327738,0.018358310063679967,1.0,0.0,0.0
digits,decision_tree,gaussian+missing,1,3,0.8222084922912084,0.02485621858224851,0.8240740740740741,0.02449769732467214,0.08988706270853676,0.9725440852436658,0.023211787124925665,0.027455914756334257
digits,decision_tree,gaussian+missing,2,3,0.7794467182235995,0.014459377118490815,0.7814814814814816,0.013353893612829579,0.09751160939534503,0.9219635927847657,0.06597356119253461,0.07803640721523432
digits,decision_tree,gaussian+missing,3,3,0.6442270470811401,0.016725945647218025,0.6549382716049382,0.012605294973248252,0.10642695426940914,0.762019864872484,0.20119323233499398,0.23798013512751606
digits,decision_tree,gaussian+missing,4,3,0.5041197083354254,0.024055593963478377,0.5141975308641975,0.029648913477834157,0.1009642283121744,0.5962947904249253,0.34130057108070866,0.4037052095750748
digits,decision_tree,gaussian+missing,5,3,0.29771714844703256,0.006634767994063374,0.3185185185185185,0.016459619291325164,0.06323599815368651,0.3521528353361036,0.5477031309691015,0.6478471646638964
digits,decision_tree,gaussian+outliers,0,3,0.8454202794161341,0.008708482084159646,0.8456790123456791,0.008553337321327738,0.018358310063679967,1.0,0.0,0.0
digits,decision_tree,gaussian+outliers,1,3,0.8276837480805286,0.009389543380208457,0.8290123456790123,0.010199204717196484,0.08127307891845696,0.9790204567273277,0.017736531335605488,0.020979543272672294
digits,decision_tree,gaussian+outliers,2,3,0.807384913219784,0.012109597269911622,0.8074074074074075,0.011264375056107834,0.08528033892313631,0.9550101090281178,0.03803536619635006,0.044989890971882204
digits,decision_tree,gaussian+outliers,3,3,0.684542510580997,0.03599027421234362,0.6895061728395061,0.026984559252338752,0.09803867340087886,0.8097067544366894,0.16087776883513705,0.1902932455633106
digits,decision_tree,gaussian+outliers,4,3,0.480500646329923,0.037665215384449356,0.4981481481481482,0.029802735073020496,0.08667445182800289,0.5683571331666747,0.36491963308621106,0.43164286683332537
digits,decision_tree,gaussian+outliers,5,3,0.2965486535814164,0.028826183495861083,0.3123456790123456,0.022324865827191547,0.085469643274943,0.3507706886168137,0.5488716258347177,0.6492293113831864
digits,decision_tree,gaussian+outliers+missing,0,3,0.8454202794161341,0.008708482084159646,0.8456790123456791,0.008553337321327738,0.018358310063679967,1.0,0.0,0.0
digits,decision_tree,gaussian+outliers+missing,1,3,0.8092973950894997,0.012026609397204143,0.8111111111111112,0.012962962962962985,0.06645313898722323,0.9572722760428912,0.03612288432663435,0.04272772395710878
digits,decision_tree,gaussian+outliers+missing,2,3,0.7454383241973673,0.00991133529184223,0.75,0.012143404674633314,0.066875139872233,0.8817369802297427,0.09998195521876674,0.11826301977025733
digits,decision_tree,gaussian+outliers+missing,3,3,0.582108510568698,0.05187554363471463,0.5888888888888889,0.054809809581291634,0.07302856445312496,0.6885433490792473,0.2633117688474361,0.31145665092075275
digits,decision_tree,gaussian+outliers+missing,4,3,0.382524343027088,0.03294511360889193,0.3950617283950617,0.04773086030178597,0.067141056060791,0.45246648600772593,0.4628959363890461,0.547533513992274
digits,decision_tree,gaussian+outliers+missing,5,3,0.2566438743175768,0.02684704609902549,0.2641975308641975,0.029993902748781106,0.0571951071421305,0.3035695742889214,0.5887764050985573,0.6964304257110787
digits,decision_tree,label,0,3,0.8454202794161341,0.008708482084159646,0.8456790123456791,0.008553337321327738,0.018358310063679967,1.0,0.0,0.0
digits,decision_tree,label,1,3,0.813244114483734,0.010001896114834631,0.8123456790123457,0.010530075376069127,0.01905600229899083,0.9619406279742643,0.03217616493240005,0.03805937202573568
digits,decision_tree,label,2,3,0.7527314467862817,0.02112217341272266,0.752469135802469,0.02224792751967911,0.0283385117848714,0.8903636038943077,0.09268883262985239,0.10963639610569237
digits,decision_tree,label,3,3,0.6681443206152351,0.009069213627853796,0.6691358024691358,0.011162432913595718,0.019820213317871035,0.7903102597404812,0.17727595880089897,0.2096897402595188
digits,decision_tree,label,4,3,0.5348306979644956,0.022850615497347623,0.5376543209876544,0.022401539890893905,0.02262822786966953,0.6326210891627315,0.3105895814516385,0.3673789108372685
digits,decision_tree,label,5,3,0.5009222771658978,0.013144299827884419,0.5018518518518519,0.01446342532575306,0.034256378809610966,0.592512729304111,0.3444980022502363,0.40748727069588897
digits,decision_tree,label+gaussian,0,3,0.8454202794161341,0.008708482084159646,0.8456790123456791,0.008553337321327738,0.018358310063679967,1.0,0.0,0.0
digits,decision_tree,label+gaussian,1,3,0.8165712350625913,0.02711471160110609,0.8166666666666668,0.02727948122714114,0.07891488075256346,0.9658760913879821,0.02884904435354274,0.034123908612017834
digits,decision_tree,label+gaussian,2,3,0.7877931525452286,0.02261828809516135,0.7888888888888889,0.021833011338058532,0.07480780283610021,0.9318361195325193,0.05762712687090543,0.06816388046748062
digits,decision_tree,label+gaussian,3,3,0.6321763197002285,0.034463374769491885,0.6401234567901235,0.04167009588083379,0.07422375679016109,0.7477657386416415,0.2132439597159056,0.25223426135835847
digits,decision_tree,label+gaussian,4,3,0.4380397247517253,0.03576657516643394,0.44999999999999996,0.03941443824776435,0.08019971847534176,0.5181325021612271,0.40738055466440876,0.48186749783877286
digits,decision_tree,label+gaussian,5,3,0.2093594888577008,0.018666228970479464,0.2265432098765432,0.0382367423850582,0.08814692497253414,0.24763953971188046,0.6360607905584332,0.7523604602881195
digits,decision_tree,label+gaussian+missing,0,3,0.8454202794161341,0.008708482084159646,0.8456790123456791,0.008553337321327738,0.018358310063679967,1.0,0.0,0.0
digits,decision_tree,label+gaussian+missing,1,3,0.8028422595882142,0.013453257709528283,0.8037037037037037,0.013981174880131028,0.06613254547119136,0.9496368600747013,0.042578019827919866,0.05036313992529868
digits,decision_tree,label+gaussian+missing,2,3,0.7408768194723776,0.03672641507674401,0.7444444444444445,0.03369149147900044,0.0686398347218831,0.8763414333803815,0.10454345994375647,0.12365856661961847
digits,decision_tree,label+gaussian+missing,3,3,0.570237559105188,0.06379833363107687,0.571604938271605,0.0665722925979471,0.06701167424519854,0.6745018696487938,0.27518272031094604,0.3254981303512063
digits,decision_tree,label+gaussian+missing,4,3,0.34100256961358144,0.021333694147808058,0.3679012345679012,0.019973690972053617,0.06912422180175777,0.40335272043519627,0.5044177098025526,0.5966472795648037
digits,decision_tree,label+gaussian+missing,5,3,0.21080736050063895,0.06031713926597658,0.21975308641975308,0.06537675273987809,0.0680639743804931,0.24935214547517973,0.6346129189154951,0.7506478545248203
digits,decision_tree,label+gaussian+outliers,0,3,0.8454202794161341,0.008708482084159646,0.8456790123456791,0.008553337321327738,0.018358310063679967,1.0,0.0,0.0
digits,decision_tree,label+gaussian+outliers,1,3,0.8124580650089955,0.015490360440516101,0.8123456790123457,0.014968340312323622,0.06793355941772457,0.9610108543529344,0.032962214407138535,0.038989145647065584
digits,decision_tree,label+gaussian+outliers,2,3,0.7514753328429972,0.009807455854064787,0.754320987654321,0.008751510418986287,0.06577777862548823,0.8888778175063208,0.0939449465731369,0.11112218249367918
digits,decision_tree,label+gaussian+outliers,3,3,0.6075686602068342,0.07604169737953001,0.612962962962963,0.07599364640253037,0.06437810262044268,0.71865872513306,0.23785161920929987,0.2813412748669401
digits,decision_tree,label+gaussian+outliers,4,3,0.40387377137971464,0.021869252184447935,0.41172839506172837,0.021463381050263835,0.07334041595458983,0.4777195215362456,0.4415465080364194,0.5222804784637544
digits,decision_tree,label+gaussian+outliers,5,3,0.1872031083058101,0.060416790935726224,0.2074074074074074,0.057764718372156396,0.06827529271443676,0.22143200590728285,0.658217171110324,0.7785679940927172
digits,decision_tree,label+gaussian+outliers+missing,0,3,0.8454202794161341,0.008708482084159646,0.8456790123456791,0.008553337321327738,0.018358310063679967,1.0,0.0,0.0
digits,decision_tree,label+gaussian+outliers+missing,1,3,0.7868724136642831,0.01761506734157253,0.7882716049382715,0.015082458917124236,0.08367594083150225,0.9307470294037831,0.058547865751851,0.06925297059621689
digits,decision_tree,label+gaussian+outliers+missing,2,3,0.6856980641949787,0.019937262422242658,0.6938271604938272,0.009502965628605328,0.06603129704793291,0.8110735936787995,0.15972221522115537,0.18892640632120047
digits,decision_tree,label+gaussian+outliers+missing,3,3,0.44255070862135754,0.04546806034762186,0.4530864197530864,0.04406992407062109,0.05990076065063473,0.5234682907381791,0.40286957079477653,0.4765317092618208
digits,decision_tree,label+gaussian+outliers+missing,4,3,0.23687245378004576,0.036365910275477684,0.24691358024691357,0.034760267222965685,0.061283985773722266,0.28018307526717373,0.6085478256360883,0.7198169247328263
digits,decision_tree,label+gaussian+outliers+missing,5,3,0.1591940021508047,0.05005577943028841,0.17037037037037037,0.04853830526696723,0.06036853790283197,0.18830161285076766,0.6862262772653294,0.8116983871492324
digits,decision_tree,label+missing,0,3,0.8454202794161341,0.008708482084159646,0.8456790123456791,0.008553337321327738,0.018358310063679967,1.0,0.0,0.0
digits,decision_tree,label+missing,1,3,0.805093961520802,0.004917821715326275,0.8055555555555557,0.004899539464934402,0.03165260950724277,0.9523002713831489,0.04032631789533203,0.04769972861685111
digits,decision_tree,label+missing,2,3,0.7350950749091624,0.0167144862915229,0.7358024691358024,0.014853344957427139,0.03922120730082187,0.8695025336000164,0.1103252045069717,0.13049746639998358
digits,decision_tree,label+missing,3,3,0.5802778574480083,0.016402637595438762,0.582716049382716,0.015966070563429073,0.0434916019439697,0.6863779726797671,0.26514242196812576,0.3136220273202329
digits,decision_tree,label+missing,4,3,0.46129773722450573,0.025642448471629303,0.4654320987654321,0.023448666559534034,0.037059466044108,0.5456430942762435,0.38412254219162834,0.45435690572375653
digits,decision_tree,label+missing,5,3,0.38191991098049893,0.008707034343891836,0.38580246913580246,0.00875151041898634,0.041451136271158796,0.45175153740605944,0.46350036843563514,0.5482484625939406
digits,decision_tree,label+outliers,0,3,0.8454202794161341,0.008708482084159646,0.8456790123456791,0.008553337321327738,0.018358310063679967,1.0,0.0,0.0
digits,decision_tree,label+outliers,1,3,0.8252220340600287,0.02257850352358204,0.8253086419753086,0.022630003431880662,0.016690810521443635,0.9761086339565278,0.02019824535610537,0.02389136604347216
digits,decision_tree,label+outliers,2,3,0.7858147468208605,0.00832082625801261,0.7870370370370371,0.006415002990995819,0.027878363927205333,0.9294959749055955,0.05960553259527357,0.07050402509440448
digits,decision_tree,label+outliers,3,3,0.7183372241070775,0.039300273981802074,0.7209876543209877,0.04096459264947422,0.041171471277872664,0.8496806163712763,0.12708305530905661,0.15031938362872366
digits,decision_tree,label+outliers,4,3,0.6468647186132809,0.026128534132175613,0.6512345679012346,0.02300573475751141,0.03312921524047847,0.7651398178667064,0.1985555608028532,0.23486018213329357
digits,decision_tree,label+outliers,5,3,0.549235757182029,0.027211576589595582,0.5518518518518518,0.02428680934926662,0.0416082541147867,0.6496600218312049,0.2961845222341051,0.35033997816879514
digits,decision_tree,label+outliers+missing,0,3,0.8454202794161341,0.008708482084159646,0.8456790123456791,0.008553337321327738,0.018358310063679967,1.0,0.0,0.0
digits,decision_tree,label+outliers+missing,1,3,0.8105680893711301,0.019419694943735185,0.8111111111111112,0.018794243639059686,0.0214471022288004,0.9587753086913486,0.03485219004500395,0.04122469130865141
digits,decision_tree,label+outliers+missing,2,3,0.7483313246638849,0.0326012907625818,0.7506172839506172,0.03251744985448374,0.03214637438456214,0.8851589474299091,0.09708895475224921,0.11484105257009093
digits,decision_tree,label+outliers+missing,3,3,0.6308803636742866,0.01730819713961755,0.637037037037037,0.017665540766980445,0.028979460398356065,0.746232825299609,0.2145399157418475,0.25376717470039106
digits,decision_tree,label+outliers+missing,4,3,0.4972380201865377,0.04297174647607365,0.5061728395061729,0.04589953443215134,0.030059973398844364,0.588154829370714,0.3481822592295964,0.411845170629286
digits,decision_tree,label+outliers+missing,5,3,0.36124266319724646,0.08285528262350575,0.3703703703703704,0.08347724199692332,0.0260399977366129,0.4272935863884512,0.4841776162188876,0.5727064136115487
digits,decision_tree,missing,0,3,0.8454202794161341,0.008708482084159646,0.8456790123456791,0.008553337321327738,0.018358310063679967,1.0,0.0,0.0
digits,decision_tree,missing,1,3,0.8372902155410866,0.02224196245619831,0.8388888888888889,0.02135659739753853,0.026913166046142568,0.9903834056587071,0.008130063875047444,0.009616594341292884
digits,decision_tree,missing,2,3,0.8155582533327359,0.019234790668515318,0.8172839506172839,0.018915498081536513,0.024057547251383437,0.9646778923921466,0.029862026083398163,0.035322107607853384
digits,decision_tree,missing,3,3,0.7744000121532144,0.0261030436238529,0.7759259259259258,0.025925925925925908,0.022477467854817634,0.9159941286102483,0.07102026726291966,0.08400587138975164
digits,decision_tree,missing,4,3,0.7031020629715035,0.01808532044904702,0.7037037037037037,0.01645961929132514,0.020322243372599264,0.8316598029291198,0.1423182164446306,0.1683401970708802
digits,decision_tree,missing,5,3,0.654072663819256,0.023655893092737038,0.662962962962963,0.024286809349266667,0.030334234237670867,0.7736656900056538,0.19134761559687807,0.2263343099943462
digits,decision_tree,outliers,0,3,0.8454202794161341,0.008708482084159646,0.8456790123456791,0.008553337321327738,0.018358310063679967,1.0,0.0,0.0
digits,decision_tree,outliers,1,3,0.8483781848375423,0.01657430108044546,0.8487654320987654,0.01670092501045516,0.0159673690795898,1.0034987396132147,-0.00295790542140828,-0.0034987396132147137
digits,decision_tree,outliers,2,3,0.8530156825641632,0.015712326263157453,0.8530864197530864,0.014968340312323648,0.0163071155548095,1.0089841743011827,-0.0075954031480290896,-0.008984174301182653
digits,decision_tree,outliers,3,3,0.8114894903554669,0.014528049562910142,0.8123456790123457,0.013650212584874036,0.020370721817016563,0.9598651819848697,0.033930789060667155,0.04013481801513031
digits,decision_tree,outliers,4,3,0.8141893705581419,0.01628286943581453,0.8154320987654321,0.016179435088989117,0.02523461977640783,0.9630587181093397,0.03123090885799218,0.03694128189066027
digits,decision_tree,outliers,5,3,0.7797360196078872,0.024549975788636713,0.7814814814814813,0.024914118605692065,0.020243485768636032,0.9223057910869965,0.06568425980824688,0.07769420891300347
digits,decision_tree,outliers+missing,0,3,0.8454202794161341,0.008708482084159646,0.8456790123456791,0.008553337321327738,0.018358310063679967,1.0,0.0,0.0
digits,decision_tree,outliers+missing,1,3,0.8296716883220313,0.021820969563860083,0.8302469135802469,0.021701723248453018,0.02587970097859697,0.9813718791971975,0.01574859109410276,0.018628120802802465
digits,decision_tree,outliers+missing,2,3,0.7806220131595083,0.02060393413342907,0.7839506172839507,0.020649047757626875,0.0173438390096028,0.9233537829239478,0.06479826625662577,0.07664621707605226
digits,decision_tree,outliers+missing,3,3,0.7525366466538267,0.0028922131113044143,0.7555555555555555,0.0018518518518518823,0.020180543263753202,0.8901331857967083,0.09288363276230738,0.10986681420329172
digits,decision_tree,outliers+missing,4,3,0.6365470179931775,0.016771979042357808,0.6450617283950617,0.013138146082588112,0.026708920796712197,0.7529355913165354,0.2088732614229566,0.2470644086834646
digits,decision_tree,outliers+missing,5,3,0.6209024663189949,0.057882286838904805,0.637037037037037,0.06020654891484767,0.0265851020812988,0.7344305328798167,0.22451781309713914,0.26556946712018326
digits,logreg,clean,0,3,0.9649621147648495,0.008435404813465344,0.9648148148148149,0.008486251286955243,0.019132216771443635,1.0,0.0,0.0
digits,logreg,gaussian,0,3,0.9649621147648495,0.008435404813465344,0.9648148148148149,0.008486251286955243,0.019132216771443635,1.0,0.0,0.0
digits,logreg,gaussian,1,3,0.9594864025182392,0.0033315624634663804,0.9592592592592594,0.0032075014954979736,0.02092329661051427,0.9943254640127042,0.005475712246610254,0.0056745359872958576
digits,logreg,gaussian,2,3,0.9596550803123471,0.004549904505194517,0.9598765432098766,0.004276668660663901,0.019729852676391532,0.9945002665168926,0.005307034452502357,0.005499733483107388
digits,logreg,gaussian,3,3,0.9498791151069202,0.010413166647559187,0.9499999999999998,0.00979907892986889,0.0255986849466959,0.9843693348918627,0.015082999657929252,0.015630665108137237
digits,logreg,gaussian,4,3,0.9276126615245509,0.0075256870077035866,0.9271604938271604,0.007709874072096808,0.018904050191243433,0.9612943838221045,0.03734945324029859,0.038705616177895474
digits,logreg,gaussian,5,3,0.9101327899166102,0.003332892795338116,0.9098765432098764,0.002828750428985084,0.013909816741943299,0.9431798160681152,0.054829324848239325,0.05682018393188485
digits,logreg,gaussian+missing,0,3,0.9649621147648495,0.008435404813465344,0.9648148148148149,0.008486251286955243,0.019132216771443635,1.0,0.0,0.0
digits,logreg,gaussian+missing,1,3,0.9574305877711112,0.014158093309575284,0.9574074074074073,0.01398117488013113,0.03699811299641923,0.9921950023959504,0.007531526993738269,0.007804997604049583
digits,logreg,gaussian+missing,2,3,0.952036523979265,0.009893554282718448,0.9524691358024691,0.009502965628605267,0.041577498118082666,0.9866050795281902,0.012925590785584529,0.013394920471809768
digits,logreg,gaussian+missing,3,3,0.9278059954071454,0.012504240322102352,0.928395061728395,0.012330237256443175,0.041506846745808866,0.9614947376801848,0.03715611935770413,0.03850526231981518
digits,logreg,gaussian+missing,4,3,0.9039368406185063,0.005050493016234673,0.9049382716049384,0.005345835825829828,0.037508010864257764,0.9367588911392503,0.06102527414634318,0.0632411088607498
digits,logreg,gaussian+missing,5,3,0.8766984255930677,0.011172617887049223,0.8783950617283951,0.01190574168023822,0.013743638992309501,0.9085314461352809,0.08826368917178185,0.09146855386471905
digits,logreg,gaussian+outliers,0,3,0.9649621147648495,0.008435404813465344,0.9648148148148149,0.008486251286955243,0.019132216771443635,1.0,0.0,0.0
digits,logreg,gaussian+outliers,1,3,0.9469080158073107,0.0041145465613920745,0.9469135802469135,0.003854937036048475,0.03455575307210283,0.9812903546353854,0.018054098957538844,0.018709645364614575
digits,logreg,gaussian+outliers,2,3,0.9366174571745081,0.00784275409480562,0.9364197530864198,0.00748417015616182,0.036563316980997664,0.970626144636519,0.028344657590341438,0.029373855363480996
digits,logreg,gaussian+outliers,3,3,0.9066483552650179,0.014137578043419596,0.9061728395061728,0.014143752144925385,0.020506223042805968,0.9395688611940562,0.05831375949983164,0.060431138805943745
digits,logreg,gaussian+outliers,4,3,0.8960759792919787,0.014837149043542854,0.8962962962962964,0.014463425325753074,0.01992797851562497,0.9286126010349561,0.06888613547287081,0.07138739896504392
digits,logreg,gaussian+outliers,5,3,0.8707550273600361,0.00802779395760181,0.8709876543209877,0.009502965628605389,0.0142276287078857,0.9023722424296723,0.09420708740481343,0.09762775757032767
digits,logreg,gaussian+outliers+missing,0,3,0.9649621147648495,0.008435404813465344,0.9648148148148149,0.008486251286955243,0.019132216771443635,1.0,0.0,0.0
digits,logreg,gaussian+outliers+missing,1,3,0.9431574797904845,0.001230392900243131,0.9432098765432096,0.0010691671651660553,0.028210957845052065,0.9774036362249532,0.021804634974365023,0.022596363775046827
digits,logreg,gaussian+outliers+missing,2,3,0.9333200360006807,0.007806962683326882,0.9333333333333332,0.007407407407407363,0.0307966073354085,0.9672089937210855,0.0316420787641688,0.03279100627891451
digits,logreg,gaussian+outliers+missing,3,3,0.8932481615546686,0.008267056491711992,0.8944444444444445,0.008486251286955326,0.022765874862670867,0.9256821049107645,0.07171395321018093,0.07431789508923552
digits,logreg,gaussian+outliers+missing,4,3,0.8736964622423097,0.0211932716734072,0.8759259259259259,0.020030840419244376,0.017701625823974564,0.9054204811504126,0.09126565252253982,0.09457951884958742
digits,logreg,gaussian+outliers+missing,5,3,0.8264001719964164,0.027881581328980134,0.8333333333333334,0.022528750112215643,0.012329101562499967,0.8564068571726268,0.13856194276843314,0.14359314282737323
digits,logreg,label,0,3,0.9649621147648495,0.008435404813465344,0.9648148148148149,0.008486251286955243,0.019132216771443635,1.0,0.0,0.0
digits,logreg,label,1,3,0.9188003671553329,0.007569180749624713,0.9191358024691358,0.007709874072096808,0.03695114453633624,0.952162114032046,0.046161747609516635,0.047837885967954026
digits,logreg,label,2,3,0.9041004459618605,0.005589085025042828,0.9043209876543209,0.005657500857970157,0.0261751810709635,0.9369284370114154,0.060861668802989044,0.06307156298858464
digits,logreg,label,3,3,0.8878856571055752,0.0037655318973718087,0.8882716049382715,0.004276668660663901,0.02716366449991857,0.9201248873091179,0.07707645765927429,0.07987511269088213
digits,logreg,label,4,3,0.8723773507950957,0.006609812201723815,0.8728395061728396,0.007010997957778104,0.0314721266428629,0.90405347261502,0.09258476396975379,0.09594652738497994
digits,logreg,label,5,3,0.8300415038120184,0.008657908679344245,0.8302469135802468,0.007709874072096808,0.032989899317423466,0.8601804061647438,0.13492061095283114,0.13981959383525622
digits,logreg,label+gaussian,0,3,0.9649621147648495,0.008435404813465344,0.9648148148148149,0.008486251286955243,0.019132216771443635,1.0,0.0,0.0
digits,logreg,label+gaussian,1,3,0.9274758948223042,0.004612685741891095,0.9277777777777779,0.004899539464934361,0.03627014160156244,0.9611526511051884,0.03748621994254531,0.03884734889481156
digits,logreg,label+gaussian,2,3,0.9304963901031775,0.0065256787181539894,0.9308641975308642,0.006503489970896754,0.02242032686869297,0.9642828209166835,0.03446572466167197,0.035717179083316536
digits,logreg,label+gaussian,3,3,0.9157585241817577,0.003098793614216488,0.9160493827160493,0.0021383343303319185,0.023188273111979133,0.9490098213906749,0.04920359058309176,0.05099017860932512
digits,logreg,label+gaussian,4,3,0.8823185156533433,0.014057644397321514,0.8839506172839506,0.014384173083618577,0.0179502169291178,0.9143556023112415,0.0826435991115062,0.08564439768875852
digits,logreg,label+gaussian,5,3,0.8643216782138717,0.028587168229204835,0.8654320987654321,0.02894660268566257,0.0030867258707682004,0.895705297636993,0.10064043655097776,0.10429470236300697
digits,logreg,label+gaussian+missing,0,3,0.9649621147648495,0.008435404813465344,0.9648148148148149,0.008486251286955243,0.019132216771443635,1.0,0.0,0.0
digits,logreg,label+gaussian+missing,1,3,0.9331265657797155,0.008593143470965105,0.9333333333333332,0.008486251286955107,0.0256142616271972,0.9670084985741726,0.031835548985133966,0.03299150142582741
digits,logreg,label+gaussian+missing,2,3,0.9314528984739429,0.011143531277739092,0.9320987654320986,0.011162432913595659,0.0222248236338297,0.9652740602162683,0.03350921629090664,0.03472593978373178
digits,logreg,label+gaussian+missing,3,3,0.9214980664536156,0.010872608862179252,0.9222222222222222,0.010310674745981463,0.017759879430135066,0.9549577671017421,0.04346404831123385,0.04504223289825793
digits,logreg,label+gaussian+missing,4,3,0.854331302284907,0.019229149221904825,0.8574074074074073,0.017858612520357323,0.009778817494710233,0.8853521700104237,0.11063081247994255,0.11464782998957637
digits,logreg,label+gaussian+missing,5,3,0.8261221572671612,0.0358011105877435,0.8283950617283949,0.03582906632328748,0.009408235549926732,0.856118747696616,0.1388399574976883,0.143881252303384
digits,logreg,label+gaussian+outliers,0,3,0.9649621147648495,0.008435404813465344,0.9648148148148149,0.008486251286955243,0.019132216771443635,1.0,0.0,0.0
digits,logreg,label+gaussian+outliers,1,3,0.9344668239337048,0.002867491990915824,0.9345679012345679,0.002828750428985024,0.0188639163970947,0.9683974216556926,0.03049529083114466,0.03160257834430735
digits,logreg,label+gaussian+outliers,2,3,0.9224740982063651,0.0005861211641043013,0.9222222222222224,0.0,0.0165032545725504,0.9559692386795534,0.04248801655848444,0.04403076132044655
digits,logreg,label+gaussian+outliers,3,3,0.8877372745253954,0.008884059435933364,0.8882716049382715,0.008553337321327802,0.0158013502756754,0.9199711169404066,0.07722484023945408,0.0800288830595934
digits,logreg,label+gaussian+outliers,4,3,0.8515711704000785,0.013571813076513369,0.854320987654321,0.013138146082588112,0.011975367863972934,0.8824918174197925,0.11339094436477104,0.11750818258020745
digits,logreg,label+gaussian+outliers,5,3,0.7670375900391456,0.028308637183849527,0.7746913580246914,0.025278512628942304,0.009353399276733367,0.794888813045333,0.19792452472570388,0.20511118695466699
digits,logreg,label+gaussian+outliers+missing,0,3,0.9649621147648495,0.008435404813465344,0.9648148148148149,0.008486251286955243,0.019132216771443635,1.0,0.0,0.0
digits,logreg,label+gaussian+outliers+missing,1,3,0.9332160346095497,0.007200244773447111,0.9333333333333332,0.007407407407407363,0.03198814392089836,0.9671012160274955,0.03174608015529978,0.0328987839725044
digits,logreg,label+gaussian+outliers+missing,2,3,0.9186832536998448,0.00210112700750606,0.9191358024691358,0.0021383343303319827,0.0175350507100423,0.952040748173536,0.04627886106500467,0.047959251826464
digits,logreg,label+gaussian+outliers+missing,3,3,0.871832566400221,0.017322742731276996,0.8734567901234568,0.016597937851541684,0.011323054631551033,0.9034889070361865,0.0931295483646285,0.09651109296381354
digits,logreg,label+gaussian+outliers+missing,4,3,0.798343092498014,0.0217690376396971,0.8067901234567901,0.018549357038662565,0.012753009796142566,0.8273310218946381,0.16661902226683545,0.17266897810536183
digits,logreg,label+gaussian+outliers+missing,5,3,0.6928101733634735,0.018279629071329663,0.7074074074074074,0.019333900942426905,0.0089915593465169,0.7179661903434453,0.272151941401376,0.2820338096565546
digits,logreg,label+missing,0,3,0.9649621147648495,0.008435404813465344,0.9648148148148149,0.008486251286955243,0.019132216771443635,1.0,0.0,0.0
digits,logreg,label+missing,1,3,0.9266260400458709,0.0013328929646901444,0.9265432098765434,0.0010691671651659271,0.036875963211059536,0.9602719380041975,0.0383360747189786,0.03972806199580247
digits,logreg,label+missing,2,3,0.9219627749319598,0.004662306712319355,0.9222222222222222,0.004899539464934487,0.051153659820556564,0.9554393491983173,0.04299933983288973,0.0445606508016827
digits,logreg,label+missing,3,3,0.9115593635765068,0.005811600100685772,0.9117283950617283,0.005952870840119039,0.05682468414306637,0.9446581887814773,0.0534027511883427,0.05534181121852266
digits,logreg,label+missing,4,3,0.8877649727456586,0.010603439940195228,0.8882716049382716,0.011760838816825775,0.06730055809020995,0.9199998208862293,0.07719714201919092,0.0800001791137707
digits,logreg,label+missing,5,3,0.8723779714997196,0.007035257870084575,0.8728395061728396,0.007484170156161828,0.06564060846964516,0.9040541158575002,0.09258414326512987,0.09594588414249983
digits,logreg,label+outliers,0,3,0.9649621147648495,0.008435404813465344,0.9648148148148149,0.008486251286955243,0.019132216771443635,1.0,0.0,0.0
digits,logreg,label+outliers,1,3,0.9327464494778432,0.0017973248543140963,0.9327160493827161,0.0021383343303319185,0.016677141189575136,0.9666145802057142,0.03221566528700626,0.03338541979428576
digits,logreg,label+outliers,2,3,0.924783499708671,0.004230274555350588,0.9246913580246914,0.003854937036048413,0.022529443105061834,0.9583624948156959,0.04017861505617848,0.04163750518430411
digits,logreg,label+outliers,3,3,0.8933983180184564,0.014894285469972646,0.8932098765432098,0.014384173083618532,0.024189790089925067,0.9258377135730014,0.07156379674639313,0.07416228642699867
digits,logreg,label+outliers,4,3,0.8646690676315099,0.01653619062256875,0.867283950617284,0.016179435088989072,0.0145484606424967,0.8960653008042913,0.10029304713333964,0.10393469919570877
digits,logreg,label+outliers,5,3,0.8061428304835013,0.0222108936967458,0.8098765432098766,0.020398409434392972,0.0176297823588053,0.8354139692623573,0.15881928428134817,0.16458603073764264
digits,logreg,label+outliers+missing,0,3,0.9649621147648495,0.008435404813465344,0.9648148148148149,0.008486251286955243,0.019132216771443635,1.0,0.0,0.0
digits,logreg,label+outliers+missing,1,3,0.932475152339492,0.009362008469956804,0.9327160493827161,0.009320783253420596,0.022173007329304967,0.9663334322371048,0.032486962425357535,0.033666567762895276
digits,logreg,label+outliers+missing,2,3,0.9160896852352568,0.0008158657480663386,0.9166666666666666,0.0,0.017584482828776,0.949353006940068,0.0488724295295927,0.05064699305993206
digits,logreg,label+outliers+missing,3,3,0.8832768976141269,0.013790666060690198,0.8839506172839506,0.013006979941793497,0.012553453445434534,0.9153487832311132,0.08168521715072263,0.08465121676888673
digits,logreg,label+outliers+missing,4,3,0.8209921102593621,0.023084292020871217,0.8265432098765432,0.021463381050263852,0.0110379060109456,0.8508024280926602,0.14397000450548736,0.14919757190733984
digits,logreg,label+outliers+missing,5,3,0.7545734997393162,0.040560151191213624,0.7654320987654321,0.0382367423850582,0.007150570551554333,0.78197215019493,0.2103886150255333,0.21802784980506998
digits,logreg,missing,0,3,0.9649621147648495,0.008435404813465344,0.9648148148148149,0.008486251286955243,0.019132216771443635,1.0,0.0,0.0
digits,logreg,missing,1,3,0.9586192902193416,0.011984501594933191,0.9586419753086419,0.011905741680238243,0.022385120391845665,0.9934268667666257,0.006342824545507941,0.006573133233374263
digits,logreg,missing,2,3,0.951574062842409,0.008675247777344198,0.9518518518518517,0.00848625128695529,0.03457411130269363,0.9861258263743308,0.013388051922440525,0.013874173625669277
digits,logreg,missing,3,3,0.9569390697681825,0.0066531171395058574,0.9574074074074073,0.006676946806414736,0.028517961502075168,0.9916856373178733,0.00802304499666695,0.008314362682126725
digits,logreg,missing,4,3,0.9443047828377907,0.0047190621608473055,0.9450617283950616,0.004660391626710306,0.03249613444010414,0.9785925979777012,0.020657331927058764,0.021407402022298797
digits,logreg,missing,5,3,0.9419800425224344,0.004483080613882237,0.94320987654321,0.004276668660663901,0.027273416519165,0.9761834460744445,0.022982072242415108,0.023816553925555494
digits,logreg,outliers,0,3,0.9649621147648495,0.008435404813465344,0.9648148148148149,0.008486251286955243,0.019132216771443635,1.0,0.0,0.0
digits,logreg,outliers,1,3,0.9482434716849176,0.0021254030317747236,0.9481481481481482,0.0018518518518517713,0.023642698923746697,0.9826743010693161,0.016718643079931872,0.017325698930683947
digits,logreg,outliers,2,3,0.9410145153524577,0.008367391096169883,0.9407407407407408,0.008072035080630856,0.031208435694376563,0.9751828605020131,0.023947599412391773,0.024817139497986963
digits,logreg,outliers,3,3,0.9146236985166251,0.01034044123022754,0.9141975308641976,0.010199204717196552,0.023842175801595002,0.9478337900752805,0.05033841624822444,0.05216620992471953
digits,logreg,outliers,4,3,0.9031744432760799,0.003647994919989507,0.9030864197530865,0.004276668660663901,0.010987520217895433,0.9359688110617415,0.061787671488769624,0.06403118893825857
digits,logreg,outliers,5,3,0.8927513964203316,0.006804401914648698,0.8932098765432098,0.00770987407209687,0.008838256200154567,0.9251673021773349,0.07221071834451787,0.0748326978226651
digits,logreg,outliers+missing,0,3,0.9649621147648495,0.008435404813465344,0.9648148148148149,0.008486251286955243,0.019132216771443635,1.0,0.0,0.0
digits,logreg,outliers+missing,1,3,0.9480313329463957,0.0050983500160742354,0.9481481481481482,0.004899539464934361,0.024784167607625265,0.9824544595488295,0.016930781818453755,0.01754554045117056
digits,logreg,outliers+missing,2,3,0.9231355002718106,0.003350159353817079,0.9234567901234568,0.0028287504289851205,0.023473262786865203,0.9566546563299725,0.04182661449303893,0.04334534367002751
digits,logreg,outliers+missing,3,3,0.898794809827669,0.010168490300975384,0.9,0.00979907892986891,0.015758832295735634,0.9314301526197174,0.06616730493718048,0.06856984738028261
digits,logreg,outliers+missing,4,3,0.8757973791434547,0.0168534366484433,0.8777777777777778,0.01645961929132514,0.015245676040649367,0.9075976825855767,0.08916473562139482,0.09240231741442333
digits,logreg,outliers+missing,5,3,0.8454609562419866,0.013015288633915016,0.8506172839506173,0.013396626181611575,0.010328531265258767,0.876159740683722,0.11950115852286292,0.12384025931627794
digits,random_forest,clean,0,3,0.9684272142601502,0.00183723323364202,0.9685185185185187,0.0018518518518518268,0.21940588951110837,1.0,0.0,0.0
digits,random_forest,gaussian,0,3,0.9684272142601502,0.00183723323364202,0.9685185185185187,0.0018518518518518268,0.21940588951110837,1.0,0.0,0.0
digits,random_forest,gaussian,1,3,0.9689245010780109,0.0029111853411529684,0.9691358024691358,0.002828750428985024,0.5887551307678223,1.0005134994251896,-0.0004972868178606538,-0.0005134994251897044
digits,random_forest,gaussian,2,3,0.9659053697444845,0.004304484453144489,0.9660493827160495,0.004276668660663837,0.6418456236521403,0.9973959379925188,0.0025218445156657276,0.002604062007481215
digits,random_forest,gaussian,3,3,0.9446579302990131,0.003920695426318799,0.9450617283950619,0.0038549370360484126,0.6847434838612875,0.9754557868561179,0.02376928396113709,0.024544213143882082
digits,random_forest,gaussian,4,3,0.9098734428092303,0.008909020013136554,0.910493827160494,0.009320783253420619,0.7254372437795004,0.939537251133888,0.05855377145091989,0.06046274886611199
digits,random_forest,gaussian,5,3,0.8581396539257632,0.014963969883373483,0.8598765432098766,0.01485334495742714,0.7668452262878418,0.8861168307639481,0.11028756033438702,0.11388316923605195
digits,random_forest,gaussian+missing,0,3,0.9684272142601502,0.00183723323364202,0.9685185185185187,0.0018518518518518268,0.21940588951110837,1.0,0.0,0.0
digits,random_forest,gaussian+missing,1,3,0.960959974161547,0.007924955497567556,0.9611111111111111,0.00807203508063092,0.8392252127329508,0.9922893120013072,0.007467240098603223,0.007710687998692781
digits,random_forest,gaussian+missing,2,3,0.9514077773013453,0.0057048696030113635,0.9518518518518518,0.00555555555555548,0.8834195137023926,0.9824256932186615,0.017019436958804923,0.017574306781338513
digits,random_forest,gaussian+missing,3,3,0.9152362848743157,0.006234512964635555,0.9160493827160495,0.006503489970896854,0.889134963353475,0.9450749332499182,0.05319092938583447,0.054925066750081755
digits,random_forest,gaussian+missing,4,3,0.8602316574548959,0.020298329666950162,0.8641975308641975,0.020649047757626812,0.9436567624409994,0.888277038055036,0.10819555680525428,0.11172296194496402
digits,random_forest,gaussian+missing,5,3,0.7507774016037674,0.020525336771835722,0.7635802469135803,0.01817584180782153,0.6649027665456136,0.7752543407997255,0.21764981265638284,0.2247456592002744
digits,random_forest,gaussian+outliers,0,3,0.9684272142601502,0.00183723323364202,0.9685185185185187,0.0018518518518518268,0.21940588951110837,1.0,0.0,0.0
digits,random_forest,gaussian+outliers,1,3,0.9671040537771661,0.007676289803830424,0.967283950617284,0.007484170156161838,0.9079075654347738,0.9986337016726704,0.001323160482984087,0.001366298327329579
digits,random_forest,gaussian+outliers,2,3,0.9610122101812606,0.0018056944916084747,0.9611111111111111,0.0018518518518518268,0.8857162793477377,0.9923432510262999,0.00741500407888962,0.0076567489737000664
digits,random_forest,gaussian+outliers,3,3,0.9264309303540301,0.011603420095856914,0.9271604938271606,0.010850861624226583,0.9435473283131918,0.9566345479683737,0.04199628390612009,0.04336545203162637
digits,random_forest,gaussian+outliers,4,3,0.8821579762089039,0.00853416741284615,0.8833333333333333,0.008486251286955277,0.9363257090250651,0.9109182014085039,0.08626923805124631,0.08908179859149606
digits,random_forest,gaussian+outliers,5,3,0.780690617278187,0.008331294119970736,0.7870370370370371,0.006676946806414782,0.9500377972920736,0.8061427908907037,0.1877365969819632,0.19385720910929627
digits,random_forest,gaussian+outliers+missing,0,3,0.9684272142601502,0.00183723323364202,0.9685185185185187,0.0018518518518518268,0.21940588951110837,1.0,0.0,0.0
digits,random_forest,gaussian+outliers+missing,1,3,0.957006313697777,0.0051029272070788785,0.9574074074074073,0.004899539464934361,0.6640104452768961,0.9882067538022479,0.011420900562373215,0.011793246197752141
digits,random_forest,gaussian+outliers+missing,2,3,0.9433411209577073,0.007645684925778327,0.9438271604938272,0.007484170156161838,0.6385354995727539,0.9740960467311857,0.025086093302442936,0.02590395326881429
digits,random_forest,gaussian+outliers+missing,3,3,0.8908070214930013,0.026521919438611253,0.8925925925925927,0.025726748128610852,0.7166087627410889,0.9198492239538637,0.07762019276714893,0.08015077604613628
digits,random_forest,gaussian+outliers+missing,4,3,0.8003841528209085,0.047699991538974626,0.8098765432098766,0.04142246683903116,0.6664125124613444,0.8264783775540409,0.16804306143924175,0.17352162244595912
digits,random_forest,gaussian+outliers+missing,5,3,0.680952620903217,0.02287373126363135,0.6975308641975309,0.02352167763365142,0.6696117719014486,0.7031531238240187,0.28747459335693326,0.2968468761759812
digits,random_forest,label,0,3,0.9684272142601502,0.00183723323364202,0.9685185185185187,0.0018518518518518268,0.21940588951110837,1.0,0.0,0.0
digits,random_forest,label,1,3,0.9695484569667036,0.0029967176304879317,0.9697530864197531,0.002828750428985024,0.24167378743489584,1.001157797602177,-0.0011212427065533381,-0.001157797602176984
digits,random_forest,label,2,3,0.9695819634926784,0.00699936864534297,0.969753086419753,0.007010997957778016,0.25571449597676593,1.0011923965121223,-0.0011547492325282294,-0.0011923965121224147
digits,random_forest,label,3,3,0.96836077140702,0.00861611672315308,0.9685185185185187,0.008486251286955107,0.2852770487467448,0.9999313909686223,6.64428531301775e-05,6.860903137768374e-05
digits,random_forest,label,4,3,0.9540783982536555,0.012010344874754643,0.954320987654321,0.011760838816825775,0.29987772305806476,0.9851833820908711,0.014348816006494736,0.014816617909128882
digits,random_forest,label,5,3,0.9362345666984058,0.010845697461319869,0.9364197530864198,0.010530075376069144,0.3119138081868489,0.9667578036968543,0.03219264756174445,0.03324219630314569
digits,random_forest,label+gaussian,0,3,0.9684272142601502,0.00183723323364202,0.9685185185185187,0.0018518518518518268,0.21940588951110837,1.0,0.0,0.0
digits,random_forest,label+gaussian,1,3,0.968382325824381,0.004833518666873669,0.9685185185185184,0.004899539464934529,0.669723113377889,0.9999536481058068,4.488843576921919e-05,4.635189419321785e-05
digits,random_forest,label+gaussian,2,3,0.9639623493687998,0.00597535705645917,0.9641975308641976,0.005952870840119166,0.6918633778889974,0.99538957102237,0.004464864891350451,0.004610428977629956
digits,random_forest,label+gaussian,3,3,0.9264380855902906,0.013154936920833613,0.9265432098765433,0.012605294973248233,0.7319130102793375,0.9566419364805459,0.0419891286698596,0.04335806351945412
digits,random_forest,label+gaussian,4,3,0.8253127058685427,0.037296805265990024,0.8320987654320988,0.038011862514421374,0.8081889947255453,0.8522196544208613,0.14311450839160755,0.14778034557913866
digits,random_forest,label+gaussian,5,3,0.6634372662986096,0.013159375834799201,0.6697530864197532,0.016803280973847156,0.8730281194051107,0.6850667314274682,0.30498994796154066,0.3149332685725318
digits,random_forest,label+gaussian+missing,0,3,0.9684272142601502,0.00183723323364202,0.9685185185185187,0.0018518518518518268,0.21940588951110837,1.0,0.0,0.0
digits,random_forest,label+gaussian+missing,1,3,0.9509452526067751,0.004218974249846396,0.9512345679012345,0.0038549370360484126,0.6280567646026611,0.9819480892358743,0.017481961653375122,0.018051910764125753
digits,random_forest,label+gaussian+missing,2,3,0.9434879508476898,0.0029028673921571877,0.9438271604938272,0.0028287504289851205,0.6353708902994791,0.9742476635876932,0.024939263412460444,0.025752336412306738
digits,random_forest,label+gaussian+missing,3,3,0.8958034587118325,0.007562953617009576,0.8969135802469136,0.007484170156161778,0.6681803067525228,0.9250085556467967,0.07262375554831768,0.07499144435320323
digits,random_forest,label+gaussian+missing,4,3,0.7577749100367307,0.06068381819330796,0.7716049382716049,0.049146813084846995,0.6947444279988607,0.782479982881985,0.21065230422341952,0.21752001711801505
digits,random_forest,label+gaussian+missing,5,3,0.5489663190061876,0.04803693276282408,0.5697530864197531,0.05099602358598246,0.6927401224772135,0.5668637879260566,0.4194608952539626,0.4331362120739433
digits,random_forest,label+gaussian+outliers,0,3,0.9684272142601502,0.00183723323364202,0.9685185185185187,0.0018518518518518268,0.21940588951110837,1.0,0.0,0.0
digits,random_forest,label+gaussian+outliers,1,3,0.9639958796893042,0.002933008981294359,0.9641975308641976,0.0028287504289850602,0.626069704691569,0.9954241945025973,0.004431334570845991,0.004575805497402713
digits,random_forest,label+gaussian+outliers,2,3,0.960354794404172,0.013913207527312737,0.9604938271604939,0.013899173147157556,0.6623433430989584,0.9916644020974305,0.008072419855978175,0.008335597902569544
digits,random_forest,label+gaussian+outliers,3,3,0.9129805691074787,0.007767571766496639,0.9135802469135802,0.00748417015616182,0.6829299132029215,0.9427456763541789,0.0554466451526715,0.057254323645821024
digits,random_forest,label+gaussian+outliers,4,3,0.7880812542286256,0.01568751184700386,0.7938271604938271,0.014968340312323622,0.6891090869903564,0.8137743783157688,0.1803459600315246,0.18622562168423115
digits,random_forest,label+gaussian+outliers,5,3,0.525860068780009,0.07352330568699823,0.545679012345679,0.07003657023693599,0.6889601548512777,0.5430042248262824,0.4425671454801412,0.45699577517371753
digits,random_forest,label+gaussian+outliers+missing,0,3,0.9684272142601502,0.00183723323364202,0.9685185185185187,0.0018518518518518268,0.21940588951110837,1.0,0.0,0.0
digits,random_forest,label+gaussian+outliers+missing,1,3,0.952619990500086,0.0036950424143937445,0.9530864197530864,0.0038549370360483953,0.7128322124481201,0.9836774271444442,0.01580722376006427,0.01632257285555582
digits,random_forest,label+gaussian+outliers+missing,2,3,0.9364221377922476,0.005369143980439552,0.937037037037037,0.005555555555555425,0.664492686589559,0.9669514900070693,0.03200507646790263,0.033048509992930714
digits,random_forest,label+gaussian+outliers+missing,3,3,0.8604493092312798,0.011886959532318024,0.8641975308641975,0.00835046250522761,0.6363396644592285,0.8885017857419855,0.10797790502887039,0.11149821425801455
digits,random_forest,label+gaussian+outliers+missing,4,3,0.6933425482647348,0.013329386892094688,0.7111111111111111,0.00962250448649373,0.6257566610972086,0.7159469891543971,0.27508466599541537,0.2840530108456028
digits,random_forest,label+gaussian+outliers+missing,5,3,0.41182587633325446,0.04330890910904829,0.44814814814814813,0.0425925925925926,0.6274857521057129,0.4252522753069029,0.5566013379268957,0.574747724693097
digits,random_forest,label+missing,0,3,0.9684272142601502,0.00183723323364202,0.9685185185185187,0.0018518518518518268,0.21940588951110837,1.0,0.0,0.0
digits,random_forest,label+missing,1,3,0.9602745380750942,0.009847398926587028,0.9604938271604938,0.00950296562860536,0.3979498545328776,0.9915815292414264,0.008152676185055996,0.008418470758573632
digits,random_forest,label+missing,2,3,0.9533797490565972,0.0050079631134973945,0.9537037037037036,0.004899539464934382,0.40273086229960126,0.9844619554448923,0.015047465203553045,0.0155380445551077
digits,random_forest,label+missing,3,3,0.9439619366565895,0.014513098251814474,0.9444444444444443,0.013981174880130924,0.4578956762949626,0.9747371023414997,0.024465277603560764,0.025262897658500347
digits,random_forest,label+missing,4,3,0.903202992193093,0.023806831844599082,0.9043209876543211,0.02330195813355174,0.47664348284403485,0.9326493296484996,0.06522422206705725,0.06735067035150043
digits,random_forest,label+missing,5,3,0.8694712339995915,0.019911362489423715,0.8722222222222222,0.01851851851851849,0.4998677571614583,0.8978178444353629,0.09895598026055874,0.10218215556463703
digits,random_forest,label+outliers,0,3,0.9684272142601502,0.00183723323364202,0.9685185185185187,0.0018518518518518268,0.21940588951110837,1.0,0.0,0.0
digits,random_forest,label+outliers,1,3,0.9658431406282605,0.00217920032312069,0.9660493827160493,0.0021383343303319827,0.2997140884399414,0.9973316800748274,0.0025840736318897273,0.002668319925172573
digits,random_forest,label+outliers,2,3,0.9602714408069802,0.008357825308382636,0.9604938271604939,0.008350462505227613,0.3689328034718831,0.9915783309957881,0.008155773453169979,0.008421669004211894
digits,random_forest,label+outliers,3,3,0.9509720324224323,0.00801761712897758,0.9512345679012345,0.007709874072096852,0.40965906778971356,0.9819757421304469,0.01745518183771788,0.01802425786955308
digits,random_forest,label+outliers,4,3,0.9484370810485712,0.014690833911935664,0.9487654320987654,0.014384173083618577,0.4978584448496501,0.9793581459533323,0.019990133211579053,0.020641854046667744
digits,random_forest,label+outliers,5,3,0.9216753815498523,0.006687173789208419,0.9222222222222222,0.007407407407407418,0.47518308957417804,0.9517239581644605,0.046751832710297925,0.048276041835539435
digits,random_forest,label+outliers+missing,0,3,0.9684272142601502,0.00183723323364202,0.9685185185185187,0.0018518518518518268,0.21940588951110837,1.0,0.0,0.0
digits,random_forest,label+outliers+missing,1,3,0.9609867692963353,0.009912055974370901,0.9611111111111111,0.00979907892986889,0.27517048517862946,0.9923169807144472,0.007440444963814907,0.007683019285552799
digits,random_forest,label+outliers+missing,2,3,0.9559122736828883,0.004758657740033301,0.9561728395061729,0.004660391626710416,0.3237820466359456,0.9870770457573077,0.01251494057726188,0.012922954242692285
digits,random_forest,label+outliers+missing,3,3,0.9312542780421258,0.013904228257854182,0.9314814814814815,0.01398117488013102,0.3515968322753906,0.9616151470439382,0.03717293621802442,0.0383848529560618
digits,random_forest,label+outliers+missing,4,3,0.8724636371535212,0.00681909519391429,0.8765432098765432,0.007709874072096791,0.37282268206278485,0.9009078062929671,0.09596357710662906,0.0990921937070329
digits,random_forest,label+outliers+missing,5,3,0.8228949716460594,0.007001554184649981,0.8290123456790123,0.005657500857970157,0.38159521420796705,0.8497230969234243,0.1455322426140908,0.1502769030765757
digits,random_forest,missing,0,3,0.9684272142601502,0.00183723323364202,0.9685185185185187,0.0018518518518518268,0.21940588951110837,1.0,0.0,0.0
digits,random_forest,missing,1,3,0.964542522599237,0.00572019269677083,0.9648148148148148,0.005555555555555647,0.27822685241699213,0.9959886591333753,0.0038846916609132087,0.004011340866624653
digits,random_forest,missing,2,3,0.9596694937130393,0.013781262761743997,0.9598765432098766,0.013396626181611603,0.3021536668141683,0.990956759147045,0.008757720547110881,0.009043240852955088
digits,random_forest,missing,3,3,0.952158955891247,0.011918504190729541,0.9524691358024691,0.01176083881682571,0.3064916133880615,0.9832013618273504,0.01626825836890322,0.01679863817264955
digits,random_forest,missing,4,3,0.9369830694387584,0.0027099245142735086,0.9376543209876543,0.0028287504289850845,0.32285435994466144,0.967530709217611,0.031444144821391795,0.03246929078238905
digits,random_forest,missing,5,3,0.9321296304152873,0.005130862613688046,0.9333333333333332,0.004899539464934402,0.31388378143310547,0.9625190377651734,0.036297583844862924,0.037480962234826505
digits,random_forest,outliers,0,3,0.9684272142601502,0.00183723323364202,0.9685185185185187,0.0018518518518518268,0.21940588951110837,1.0,0.0,0.0
digits,random_forest,outliers,1,3,0.9664919782533672,0.0017277249957119785,0.9666666666666668,0.0018518518518518823,0.2526369094848633,0.9980016711857261,0.0019352360067830254,0.001998328814273862
digits,random_forest,outliers,2,3,0.961093850360054,0.0030836177512165663,0.9611111111111109,0.0032075014954978456,0.29007848103841144,0.992427552848462,0.007333363900096201,0.007572447151538048
digits,random_forest,outliers,3,3,0.9641055232216186,0.006157744770887515,0.9641975308641976,0.005952870840119166,0.29373280207316077,0.9955374126471309,0.004321691038531639,0.00446258735286914
digits,random_forest,outliers,4,3,0.9510602196136119,0.002774988021957514,0.9512345679012345,0.002828750428985024,0.2790118853251139,0.9820668044115156,0.017366994646538347,0.017933195588484385
digits,random_forest,outliers,5,3,0.9521536253852214,0.00717137728570764,0.9524691358024692,0.007010997957778128,0.2989490826924642,0.9831958575354975,0.0162735888749288,0.016804142464502448
digits,random_forest,outliers+missing,0,3,0.9684272142601502,0.00183723323364202,0.9685185185185187,0.0018518518518518268,0.21940588951110837,1.0,0.0,0.0
digits,random_forest,outliers+missing,1,3,0.9646342150396626,0.005555298640566518,0.9648148148148148,0.005555555555555647,0.2648066679636637,0.9960833409422666,0.0037929992204875917,0.003916659057733452
digits,random_forest,outliers+missing,2,3,0.9558760979037219,0.00904619120374424,0.9561728395061727,0.008751510418986162,0.28553716341654456,0.9870396905708427,0.01255111635642836,0.012960309429157298
digits,random_forest,outliers+missing,3,3,0.9429561290706593,0.011448652441922808,0.9432098765432099,0.01176083881682571,0.3125087420145671,0.973698503290255,0.025471085189490927,0.026301496709745072
digits,random_forest,outliers+missing,4,3,0.9343222922916682,0.0018918227216291026,0.9351851851851851,0.0018518518518518823,0.30824995040893555,0.9647831850795962,0.03410492196848203,0.035216814920403884
digits,random_forest,outliers+missing,5,3,0.887902263136645,0.025054264500928968,0.8919753086419754,0.022093247121201545,0.3246278762817382,0.9168497643005377,0.08052495112350522,0.08315023569946235
digits,svm_rbf,clean,0,3,0.9814576209734406,0.00749002405114385,0.9814814814814815,0.007407407407407418,0.026263554890950464,1.0,0.0,0.0
digits,svm_rbf,gaussian,0,3,0.9814576209734406,0.00749002405114385,0.9814814814814815,0.007407407407407418,0.026263554890950464,1.0,0.0,0.0
digits,svm_rbf,gaussian,1,3,0.9777397278810183,0.009287583107186918,0.9777777777777777,0.009259259259259245,0.0343093872070312,0.9962118658890897,0.0037178930924223197,0.0037881341109102565
digits,svm_rbf,gaussian,2,3,0.9721029506692513,0.00759592885454672,0.9722222222222222,0.007407407407407418,0.04261581103006997,0.9904685947673308,0.009354670304189239,0.009531405232669122
digits,svm_rbf,gaussian,3,3,0.9545492785313575,0.011453318577117216,0.9549382716049383,0.011162432913595834,0.054254372914632094,0.9725832864638674,0.026908342442083066,0.02741671353613264
digits,svm_rbf,gaussian,4,3,0.9247057281020296,0.008867813009669975,0.9246913580246914,0.009320783253420678,0.07431085904439287,0.9421759109526067,0.056751892871411025,0.057824089047393314
digits,svm_rbf,gaussian,5,3,0.8870673361272221,0.0028437108946908485,0.887037037037037,0.0018518518518518268,0.0826951662699381,0.9038264283356431,0.09439028484621848,0.09617357166435696
digits,svm_rbf,gaussian+missing,0,3,0.9814576209734406,0.00749002405114385,0.9814814814814815,0.007407407407407418,0.026263554890950464,1.0,0.0,0.0
digits,svm_rbf,gaussian+missing,1,3,0.9740198813951132,0.008066596592394365,0.974074074074074,0.008072035080630754,0.054042339324951096,0.9924217414798304,0.007437739578327385,0.0075782585201696236
digits,svm_rbf,gaussian+missing,2,3,0.9633964439644335,0.009612950182517312,0.9635802469135802,0.009502965628605252,0.0653599103291829,0.9815975986909211,0.018061177009007112,0.018402401309078907
digits,svm_rbf,gaussian+missing,3,3,0.943270915379305,0.013501604415276779,0.9438271604938272,0.013396626181611476,0.09476224581400546,0.9610918446419919,0.03818670559413562,0.03890815535800806
digits,svm_rbf,gaussian+missing,4,3,0.914965878919716,0.00601920293157261,0.9160493827160493,0.00595287084011912,0.1342861652374267,0.9322520497749297,0.06649174205372455,0.06774795022507028
digits,svm_rbf,gaussian+missing,5,3,0.870828714923212,0.016295820991002165,0.8728395061728396,0.01553055015482608,0.09032511711120604,0.8872810158216476,0.11062890605022857,0.11271898417835233
digits,svm_rbf,gaussian+outliers,0,3,0.9814576209734406,0.00749002405114385,0.9814814814814815,0.007407407407407418,0.026263554890950464,1.0,0.0,0.0
digits,svm_rbf,gaussian+outliers,1,3,0.9630304867523859,0.007934651368770435,0.9629629629629629,0.008072035080630908,0.07604900995890293,0.9812247275610555,0.018427134221054686,0.01877527243894451
digits,svm_rbf,gaussian+outliers,2,3,0.9444487835572559,0.004075891368423778,0.9444444444444445,0.003703703703703709,0.11536113421122225,0.9622919659236248,0.03700883741618466,0.03770803407637523
digits,svm_rbf,gaussian+outliers,3,3,0.8952578133711885,0.021100673199310898,0.895679012345679,0.02039840943439297,0.13718652725219724,0.9121716457642293,0.0861998076022521,0.08782835423577068
digits,svm_rbf,gaussian+outliers,4,3,0.8461003375747254,0.04012838688654393,0.8506172839506173,0.03010802073643756,0.1358696619669596,0.8620854527937094,0.13535728339871522,0.1379145472062906
digits,svm_rbf,gaussian+outliers,5,3,0.7992801047517121,0.015565752278038775,0.7987654320987655,0.01485334495742714,0.1361285845438639,0.8143806596141776,0.1821775162217285,0.18561934038582237
digits,svm_rbf,gaussian+outliers+missing,0,3,0.9814576209734406,0.00749002405114385,0.9814814814814815,0.007407407407407418,0.026263554890950464,1.0,0.0,0.0
digits,svm_rbf,gaussian+outliers+missing,1,3,0.9609878500518191,0.014814303769803944,0.9611111111111112,0.01481481481481478,0.0630903244018554,0.9791434999492704,0.0204697709216215,0.020856500050729584
digits,svm_rbf,gaussian+outliers+missing,2,3,0.9441494121447294,0.0147217758293454,0.9444444444444443,0.014698618394803417,0.06902893384297683,0.9619869385784505,0.03730820882871122,0.03801306142154948
digits,svm_rbf,gaussian+outliers+missing,3,3,0.8978607305411312,0.029549672783631784,0.9,0.02727948122714118,0.08530616760253902,0.9148237390531491,0.08359689043230933,0.08517626094685098
digits,svm_rbf,gaussian+outliers+missing,4,3,0.8479365661861195,0.017518913752028336,0.85,0.016144070161261726,0.0966373284657796,0.8639563727113446,0.13352105478732113,0.13604362728865535
digits,svm_rbf,gaussian+outliers+missing,5,3,0.8040165355447942,0.024588210159164507,0.8061728395061728,0.023594462782242493,0.09093014399210607,0.819206574347393,0.17744108542864634,0.18079342565260706
digits,svm_rbf,label,0,3,0.9814576209734406,0.00749002405114385,0.9814814814814815,0.007407407407407418,0.026263554890950464,1.0,0.0,0.0
digits,svm_rbf,label,1,3,0.978376295729884,0.010714774666979978,0.9783950617283951,0.010691671651659785,0.03228743871053053,0.9968604602198714,0.003081325243556532,0.003139539780128638
digits,svm_rbf,label,2,3,0.9782971508407546,0.006534018066474364,0.9783950617283951,0.006503489970896754,0.04240695635477696,0.9967798200705281,0.003160470132685944,0.0032201799294719322
digits,svm_rbf,label,3,3,0.973398199116896,0.005351794153880566,0.9734567901234569,0.005345835825829828,0.0502342383066813,0.9917883139482364,0.008059421856544624,0.008211686051763535
digits,svm_rbf,label,4,3,0.9659920607979399,0.012081657229508568,0.9660493827160493,0.012048902034532781,0.055696725845336865,0.9842422537203782,0.015465560175500714,0.01575774627962182
digits,svm_rbf,label,5,3,0.9544546239247099,0.005532898521702973,0.954320987654321,0.0056575008579701075,0.06217877070109044,0.9724868435766506,0.02700299704873066,0.027513156423349422
digits,svm_rbf,label+gaussian,0,3,0.9814576209734406,0.00749002405114385,0.9814814814814815,0.007407407407407418,0.026263554890950464,1.0,0.0,0.0
digits,svm_rbf,label+gaussian,1,3,0.9771073145859345,0.010219881137853482,0.9771604938271605,0.010199204717196424,0.04708711306254063,0.9955675046028056,0.004350306387506109,0.004432495397194367
digits,svm_rbf,label+gaussian,2,3,0.9714272506942786,0.008479791464821286,0.9716049382716049,0.008350462505227665,0.04656839370727537,0.9897801289991375,0.010030370279161982,0.010219871000862519
digits,svm_rbf,label+gaussian,3,3,0.9373744417846228,0.0059383283944091005,0.9376543209876541,0.004660391626710298,0.07524339358011876,0.9550839707728851,0.04408317918881777,0.044916029227114955
digits,svm_rbf,label+gaussian,4,3,0.8809342669466339,0.01450534597163859,0.880246913580247,0.014021995915556208,0.08965142567952471,0.8975774889524986,0.10052335402680668,0.10242251104750141
digits,svm_rbf,label+gaussian,5,3,0.8124473185235797,0.014953450451362336,0.8166666666666668,0.014814814814814836,0.08011635144551589,0.8277966375336399,0.16901030244986093,0.17220336246636017
digits,svm_rbf,label+gaussian+missing,0,3,0.9814576209734406,0.00749002405114385,0.9814814814814815,0.007407407407407418,0.026263554890950464,1.0,0.0,0.0
digits,svm_rbf,label+gaussian+missing,1,3,0.9734222961964826,0.008516125182270913,0.9734567901234567,0.008553337321327674,0.037289063135782806,0.9918128662865867,0.008035324776958008,0.00818713371341324
digits,svm_rbf,label+gaussian+missing,2,3,0.9596454988575341,0.00875808522104355,0.9598765432098766,0.008751510418986353,0.05189442634582513,0.9777757881239207,0.02181212211590644,0.022224211876079265
digits,svm_rbf,label+gaussian+missing,3,3,0.9303571784483841,0.01623735097845098,0.9308641975308642,0.01617943508898907,0.06514143943786617,0.9479341324240027,0.05110044252505652,0.052065867575997314
digits,svm_rbf,label+gaussian+missing,4,3,0.8716999934921993,0.017266679329852406,0.8728395061728396,0.017986175659670964,0.08376351992289223,0.8881687551904888,0.1097576274812413,0.1118312448095112
digits,svm_rbf,label+gaussian+missing,5,3,0.8007774522816268,0.07093646381519898,0.8030864197530864,0.06731509076649674,0.08636840184529616,0.8159062960735793,0.1806801686918138,0.18409370392642072
digits,svm_rbf,label+gaussian+outliers,0,3,0.9814576209734406,0.00749002405114385,0.9814814814814815,0.007407407407407418,0.026263554890950464,1.0,0.0,0.0
digits,svm_rbf,label+gaussian+outliers,1,3,0.9573114074057446,0.011231302845990668,0.9574074074074074,0.011264375056107872,0.05120833714803056,0.975397599395329,0.024146213567695973,0.02460240060467104
digits,svm_rbf,label+gaussian+outliers,2,3,0.9456508114253147,0.00786765407871736,0.945679012345679,0.007709874072096808,0.06577889124552404,0.9635167033370106,0.03580680954812587,0.03648329666298943
digits,svm_rbf,label+gaussian+outliers,3,3,0.8674283195470874,0.02639752987064224,0.8685185185185186,0.025925925925925963,0.08666435877482093,0.8838163778144029,0.11402930142635315,0.11618362218559707
digits,svm_rbf,label+gaussian+outliers,4,3,0.7906274708429127,0.05648576725513697,0.7975308641975308,0.04758694783261242,0.08838097254435216,0.805564554136065,0.19083015013052784,0.194435445863935
digits,svm_rbf,label+gaussian+outliers,5,3,0.5543608529664841,0.02303410993891451,0.5814814814814815,0.0368978867503172,0.081752061843872,0.5648342232206129,0.4270967680069565,0.43516577677938706
digits,svm_rbf,label+gaussian+outliers+missing,0,3,0.9814576209734406,0.00749002405114385,0.9814814814814815,0.007407407407407418,0.026263554890950464,1.0,0.0,0.0
digits,svm_rbf,label+gaussian+outliers+missing,1,3,0.9591418225462925,0.01154887908526108,0.9592592592592593,0.011564811108145185,0.07318520545959467,0.9772625960099892,0.022315798427148037,0.022737403990010823
digits,svm_rbf,label+gaussian+outliers+missing,2,3,0.9374422066655725,0.00573599486774602,0.9376543209876543,0.005657500857970036,0.07499853769938147,0.9551530159150303,0.04401541430786804,0.04484698408496962
digits,svm_rbf,label+gaussian+outliers+missing,3,3,0.8840025277775075,0.015736478771159936,0.8845679012345679,0.015749815829843337,0.07391834259033199,0.9007037174979863,0.09745509319593304,0.0992962825020137
digits,svm_rbf,label+gaussian+outliers+missing,4,3,0.7720932750973594,0.018995495708424036,0.7839506172839507,0.01779448803135751,0.08026210467020667,0.7866801974919436,0.20936434587608121,0.2133198025080564
digits,svm_rbf,label+gaussian+outliers+missing,5,3,0.579919723953612,0.07280426744522116,0.5993827160493826,0.047766770671982955,0.09319488207499182,0.590875970149816,0.40153789701982856,0.4091240298501841
digits,svm_rbf,label+missing,0,3,0.9814576209734406,0.00749002405114385,0.9814814814814815,0.007407407407407418,0.026263554890950464,1.0,0.0,0.0
digits,svm_rbf,label+missing,1,3,0.9740383317327629,0.006346374101273049,0.9740740740740742,0.006415002990995883,0.06725494066874181,0.9924405403940733,0.007419289240677696,0.007559459605926755
digits,svm_rbf,label+missing,2,3,0.9610268001601585,0.009434836658736718,0.9611111111111112,0.0092592592592593,0.067297617594401,0.9791831859301086,0.02043082081328207,0.02081681406989141
digits,svm_rbf,label+missing,3,3,0.9559448486004026,0.009412670736425936,0.9561728395061729,0.009320783253420603,0.1073238054911295,0.9740052226119212,0.02551277237303795,0.025994777388078743
digits,svm_rbf,label+missing,4,3,0.9164442717205245,0.016581816109601376,0.9172839506172838,0.01720661711699549,0.11771313349405921,0.9337583733993182,0.06501334925291613,0.0662416266006818
digits,svm_rbf,label+missing,5,3,0.897037979637571,0.021474411590570636,0.8975308641975307,0.021060150752138178,0.11222894986470537,0.9139854441680941,0.08441964133586954,0.0860145558319059
digits,svm_rbf,label+outliers,0,3,0.9814576209734406,0.00749002405114385,0.9814814814814815,0.007407407407407418,0.026263554890950464,1.0,0.0,0.0
digits,svm_rbf,label+outliers,1,3,0.9590666236993748,0.013036051101327523,0.9592592592592591,0.012962962962962947,0.05154355367024733,0.9771859764542277,0.022390997274065794,0.022814023545772357
digits,svm_rbf,label+outliers,2,3,0.9524158846964571,0.008978733243710086,0.9524691358024691,0.008751510418986369,0.07801763216654457,0.9704095870709334,0.029041736276983476,0.029590412929066633
digits,svm_rbf,label+outliers,3,3,0.9003337970265051,0.017925148483877017,0.9012345679012346,0.017600712875781754,0.1343444983164469,0.9173435284281818,0.08112382394693551,0.0826564715718182
digits,svm_rbf,label+outliers,4,3,0.8368843634212478,0.027063481271247088,0.8419753086419753,0.020314176138153495,0.14368963241577146,0.8526953640557599,0.14457325755219275,0.1473046359442402
digits,svm_rbf,label+outliers,5,3,0.7256720113105622,0.04365150445932296,0.719753086419753,0.04990846674246209,0.1435137589772542,0.7393819109487559,0.25578560966287833,0.2606180890512441
digits,svm_rbf,label+outliers+missing,0,3,0.9814576209734406,0.00749002405114385,0.9814814814814815,0.007407407407407418,0.026263554890950464,1.0,0.0,0.0
digits,svm_rbf,label+outliers+missing,1,3,0.9603798879451535,0.013675415006550173,0.9604938271604938,0.013650212584874099,0.048399686813354464,0.9785240518002382,0.021077733028287082,0.021475948199761823
digits,svm_rbf,label+outliers+missing,2,3,0.9374847527216462,0.006876590707742644,0.9376543209876543,0.007010997957778089,0.06875729560852047,0.9551963657807448,0.04397286825179436,0.044803634219255116
digits,svm_rbf,label+outliers+missing,3,3,0.8919626947508815,0.011083208879412216,0.8925925925925925,0.011111111111111016,0.08059962590535476,0.9088142734743909,0.08949492622255906,0.09118572652560909
digits,svm_rbf,label+outliers+missing,4,3,0.8381847784270479,0.021906641238272528,0.841358024691358,0.021060150752138254,0.09156282742818189,0.8540203474050257,0.14327284254639272,0.1459796525949742
digits,svm_rbf,label+outliers+missing,5,3,0.7366479682506114,0.011169823288346984,0.7475308641975308,0.014968340312323598,0.09168473879496253,0.7505652332904408,0.24480965272282917,0.24943476670955925
digits,svm_rbf,missing,0,3,0.9814576209734406,0.00749002405114385,0.9814814814814815,0.007407407407407418,0.026263554890950464,1.0,0.0,0.0
digits,svm_rbf,missing,1,3,0.9746432753075019,0.00585017971859245,0.9746913580246913,0.005952870840119165,0.03147951761881507,0.9930569129829774,0.006814345665938637,0.006943087017022655
digits,svm_rbf,missing,2,3,0.9671225029799787,0.010713844455975195,0.967283950617284,0.010530075376069127,0.03575332959492993,0.9853940530012454,0.014335117993461877,0.014605946998754622
digits,svm_rbf,missing,3,3,0.9614179726875863,0.016367786373821046,0.9617283950617285,0.016179435088989072,0.04249858856201166,0.9795817487606053,0.02003964828585425,0.02041825123939462
digits,svm_rbf,missing,4,3,0.9444512607021714,0.009927930006347174,0.9444444444444445,0.00979907892986889,0.0475852489471435,0.9622944898684825,0.037006360271269134,0.03770551013151751
digits,svm_rbf,missing,5,3,0.9254340673776503,0.007151654892091985,0.9259259259259259,0.006676946806414736,0.0468690395355224,0.9429180105196755,0.056023553595790254,0.05708198948032451
digits,svm_rbf,outliers,0,3,0.9814576209734406,0.00749002405114385,0.9814814814814815,0.007407407407407418,0.026263554890950464,1.0,0.0,0.0
digits,svm_rbf,outliers,1,3,0.9660171939464822,0.009273173288338925,0.9660493827160493,0.009320783253420721,0.05041988690694169,0.9842678617018185,0.015440427026958359,0.015732138298181493
digits,svm_rbf,outliers,2,3,0.9495059541895685,0.0064422305798654145,0.9493827160493827,0.005952870840119165,0.07434550921122227,0.9674446801358765,0.03195166678387207,0.03255531986412352
digits,svm_rbf,outliers,3,3,0.9209990112170714,0.01958081322351305,0.9209876543209875,0.018641566506841442,0.07495371500651037,0.9383991641978342,0.060458609756369186,0.0616008358021658
digits,svm_rbf,outliers,4,3,0.8943554120479252,0.008061983202854164,0.8938271604938272,0.007709874072096791,0.08961224555969233,0.9112521956484227,0.08710220892551535,0.08874780435157723
digits,svm_rbf,outliers,5,3,0.8650181885536171,0.006939300647936123,0.8617283950617284,0.009320783253420662,0.09199269612630202,0.8813607129522972,0.11643943241982346,0.11863928704770275
digits,svm_rbf,outliers+missing,0,3,0.9814576209734406,0.00749002405114385,0.9814814814814815,0.007407407407407418,0.026263554890950464,1.0,0.0,0.0
digits,svm_rbf,outliers+missing,1,3,0.9653450449607215,0.0102001241447383,0.9654320987654321,0.010199204717196488,0.043845653533935464,0.9835830140105916,0.016112576012719093,0.01641698598940842
digits,svm_rbf,outliers+missing,2,3,0.9437085450974242,0.010688687437392022,0.9438271604938272,0.010530075376069127,0.064519723256429,0.9615377423646926,0.03774907587601639,0.03846225763530744
digits,svm_rbf,outliers+missing,3,3,0.9082058233797273,0.02013760556833422,0.9092592592592593,0.019510469912690242,0.07229868570963537,0.9253642785706225,0.07325179759371325,0.07463572142937747
digits,svm_rbf,outliers+missing,4,3,0.8878928780526429,0.02367427405654258,0.8895061728395062,0.02285618343404148,0.06827108065287267,0.9046675669724821,0.09356474292079764,0.09533243302751797
digits,svm_rbf,outliers+missing,5,3,0.865456747528366,0.018369347717038517,0.8666666666666667,0.018794243639059637,0.08373737335205073,0.8818075574877892,0.11600087344507459,0.11819244251221084
